airport_id,name,country,latitude,longitude
07FA,Ocean Reef Club Airport,US,25.325399,-80.274803
5A8,Aleknagik / New Airport,US,59.2826004028,-158.617996216
OMNK,Sas Al Nakheel Air Base,AE,24.44128,54.51696
TAPB,Burton-Nibbs International Airport,AG,17.621194,-61.798347
AGGH,Honiara International Airport,SB,-9.428,160.054993
AGGM,Munda Airport,SB,-8.32797,157.263
ANYN,Nauru International Airport,NR,-0.547893,166.919525
AQ-0016,Grandfather Skiway,AQ,-77.530242,-31.827393
AQBC,Boulder Clay Runway,AQ,-74.739373,164.03539
SACT,Chamical Airport,AR,-30.345303,-66.294072
AR-0767,Aeroestación Yabotí,AR,-27.180308,-54.107368
AR-0768,[Duplicate] Aeropuerto Pergamino,AR,-33.89603,-60.5748
AT03,Concordia Skyway,AQ,-75.103278,123.35825
AT28,Vostok Skiway,AQ,-78.466139,106.84825
YSWS,Western Sydney International (Nancy-Bird Walton) Airport,AU,-33.883461,150.712981
YNKR,Nackeroo Airfield,AU,-15.578026,130.475993
ZBAL,Alxa Left Banner Bayanhot Airport,CN,38.748317,105.58416
AYBA,Baimuru Airport,PG,-7.496955,144.821756
AYBK,Buka Airport,PG,-5.422299,154.672698
AYBM,Balimo Airport,PG,-8.05000019073,142.932998657
AYCH,Chimbu Airport,PG,-6.024290084838867,144.9709930419922
AYDU,Daru Airport,PG,-9.08676,143.207993
AYGA,Goroka Airport,PG,-6.081689834590001,145.391998291
AYGN,Gurney Airport,PG,-10.3114995956,150.333999634
AYGR,Girua Airport,PG,-8.80453968048,148.309005737
AYHK,Hoskins Airport,PG,-5.463846,150.407327
AYKM,Kerema Airport,PG,-7.96361017227,145.770996094
AYKV,Kavieng Airport,PG,-2.57940006256,150.807998657
AYMD,Madang Airport,PG,-5.20707988739,145.789001465
AYMH,Mount Hagen Kagamuga Airport,PG,-5.828212,144.299412
AYMN,Mendi Airport,PG,-6.14774,143.656998
AYMO,Momote Airport,PG,-2.06189,147.423996
AYNZ,Nadzab Tomodachi International Airport,PG,-6.567995,146.726544
AYPY,Port Moresby Jacksons International Airport,PG,-9.443380355834961,147.22000122070312
AYTK,Tokua Airport,PG,-4.34046,152.380005
AYVN,Vanimo Airport,PG,-2.6926,141.3028
AYWD,Wapenamanda Airport,PG,-5.635293,143.892231
AYWK,Wewak International Airport,PG,-3.58383011818,143.669006348
UBTT,Zabrat Airport,AZ,40.494884,49.977065
AZ-0013,Sitalchay Airbase,AZ,40.807313,49.431481
AZ-0021,Qizilagach Air Base,AZ,39.006162,48.806312
BCW,Benguera Island Airport,MZ,-21.8533,35.438301
LBIA,Bezmer Air Base,BG,42.454899,26.3522
BGAA,Aasiaat Airport,GL,68.721802,-52.784698
BGCO,Neerlerit Inaat Airport,GL,70.743103,-22.650499
BGGH,Nuuk International Airport,GL,64.191066,-51.67914
BGJN,Ilulissat Airport,GL,69.243202,-51.057098
BGKK,Kulusuk Airport,GL,65.573601,-37.1236
BGQQ,Qaanaaq Airport,GL,77.488602,-69.388702
BGSF,Kangerlussuaq International Airport,GL,67.010446,-50.715294
BGSS,Sisimiut Airport,GL,66.951302,-53.729301
BGTL,Pituffik Space Base,GL,76.53063,-68.700541
BIAR,Akureyri International Airport,IS,65.656573,-18.072018
BIBD,Bildudalur Airport,IS,65.641296,-23.5462
BIEG,Egilsstaðir Airport,IS,65.2833023071289,-14.401399612426758
BIGR,Grímsey Airport,IS,66.5458,-18.0173
BIHN,Hornafjörður Airport,IS,64.295601,-15.2272
BIHU,Húsavík Airport,IS,65.952301,-17.426001
BIIS,Ísafjörður Airport,IS,66.058098,-23.1353
BIKF,Keflavik International Airport,IS,63.985001,-22.6056
BIRK,Reykjavík Domestic Airport,IS,64.128732,-21.93759
BIRL,Mývatn Airport,IS,65.6558,-16.9181
BISI,Siglufjörður Airport,IS,66.137847,-18.908157
BIVM,Vestmannaeyjar Airport,IS,63.42430114746094,-20.278900146484375
BIVO,Vopnafjörður Airport,IS,65.720596,-14.8506
BKPR,Priština Adem Jashari International Airport,XK,42.5728,21.035801
SBVC,Glauber de Andrade Rocha Airport,BR,-14.907885,-40.914804
BR-2182,Russas - João de Deus Regional Airport,BR,-4.94727,-38.008202
VTSY,Betong International Airport,TH,5.79,101.15
UMIO,Orsha Airport - Balbasovo Air Base,BY,54.439999,30.2967
UMMO,Osovtsy Air Base,BY,52.556999,24.884001
MZCK,Caye Caulker Airport,BZ,17.735015,-88.032862
MZCP,Caye Chapel Airport,BZ,17.683792,-88.044985
MZCZ,Corozal Airport,BZ,18.3822,-88.411903
MZPB,Dangriga Airport,BZ,16.98251,-88.230988
MZSJ,Sartaneja Airport,BZ,18.3561,-88.130798
MZSP,John Greif II Airport,BZ,17.9139,-87.9711
MZBE,Sir Barry Bowen Municipal Airport,BZ,17.517239,-88.195775
BZB,Bazaruto Island Airport,MZ,-21.5411,35.4729
CAJ4,Anahim Lake Airport,CA,52.451501,-125.303776
CAT4,Qualicum Beach Airport,CA,49.337456,-124.393086
CAZ5,Cache Creek-Ashcroft Regional Airport,CA,50.775258,-121.321314
CBBC,Bella Bella (Campbell Island) Airport,CA,52.185001,-128.156994
CN-0003,Laohutun Air Base,CN,39.669998,121.765999
CN-0004,Pulandian Air Base,CN,39.450901,122.017998
CN-0006,Beijing Shahezhen Air Base,CN,40.149166107177734,116.3213882446289
CN-0007,Beijing Tongxian Air Base,CN,39.81111145019531,116.70833587646484
CN-0013,Fengning Air Base,CN,41.260799407958984,116.61799621582031
CN-0014,Hohhot Bikeqi Air Base,CN,40.737015,111.229749
CN-0015,Huairen Air Base,CN,39.717499,113.142998
ZBLX,Liangxiangzhen Air Base,CN,39.757801,116.125999
CN-0018,Tangguantun Air Base,CN,38.781101,117.068001
CN-0020,Wenshui Air Base,CN,37.407799,111.966003
CN-0021,Yangcun Air Base,CN,39.37329864501953,117.09500122070312
CN-0022,Yongning Air Base,CN,40.50310134887695,116.10800170898438
CN-0025,Tangshan Zunhua Air Base,CN,40.102501,117.887001
CN-0026,Chengdu Huangtianba Air Base,CN,30.705299,103.949997
CN-0030,Chongqing Baishiyi Air Base,CN,29.4953,106.359001
CN-0041,Luliang Air Base,CN,24.988192,103.642833
CN-0043,Honghe Mengzi Airport / Mengzi Air Base,CN,23.3953,103.334
CN-0045,Qionglai Air Base,CN,30.49099,103.466139
CN-0048,Wenshan Air Base,CN,23.715599060058594,103.8270034790039
CN-0049,Xiangyun Midu Air Base,CN,25.445299,100.735001
CN-0053,Baihe Ningming Air Base,CN,22.120481,107.125046
ZGCS,Changsha Datuopu Airport / Changsha Air Base,CN,28.068522,112.957306
CN-0056,Dangyang Air Base,CN,30.798599,111.809998
CN-0057,Foluo Northeast Air Base,CN,18.6922,109.161003
ZUBZ,Bazhong Enyang Airport,CN,31.73842,106.644872
CN-0063,Guiping Mengxu Air Base,CN,23.330799,110.009003
CN-0069,Jialaishi Air Base,CN,19.697201,109.725998
CN-0071,Leiyang Air Base,CN,26.587200164794922,112.89199829101562
CN-0072,Lingshui Air Base,CN,18.4944,109.987999
CN-0074,Shangqiu Air Base,CN,34.449507,115.459261
CN-0076,Zhengzhou Air Base,CN,34.86125,113.729631
ZGSG,Shaoguan Danxia Airport,CN,24.9786,113.420998
CN-0080,Suixi Air Base,CN,21.3958,110.199997
ZSGS,Jinggangshan Airport,CN,26.856899,114.737
CN-0083,Guodu Air Base,CN,36.000428,117.625833
CN-0085,Xiaogan Air Base,CN,30.95359,113.911774
CN-0090,Cangxian Air Base,CN,38.403025,116.930924
CN-0092,Jiaozhou Jiaocheng Air Base,CN,36.331163,120.025538
CN-0094,Jiugucheng Air Base,CN,37.491153,116.116726
CN-0095,Kaifeng Air Base,CN,34.75389862060547,114.33899688720703
CN-0096,Laiyang Air Base,CN,36.9636,120.591003
CN-0097,Luyang Air Base,CN,33.685434,112.89053
CN-0106,Xuzhou Daguozhang Air Base,CN,34.229285,117.245665
CN-0111,Zhucheng Air Base,CN,36.027468,119.43778
CN-0114,Baoji Air Base,CN,34.53125,107.470679
ZLHN,Hainanzhou Gonghe Airport,CN,36.3367,100.480003
CN-0121,Huangdicun Naval Air Base,CN,40.49979,120.659295
CN-0123,Lanzhou Air Base,CN,35.917801,104.218002
CN-0125,Lintao Air Base,CN,35.3083,103.835999
CN-0127,Qingshui Air Base,CN,39.554699,98.884201
CN-0132,Ürümqi South Air Base,CN,43.466593,87.531177
ZWML,Malan Air Base,CN,42.180621,87.186784
CN-0134,Wugong Air Base,CN,34.275907,108.2658
CN-0135,Ürümqi Changji Air Base,CN,43.951175,87.079232
CN-0136,Wuwei Air Base,CN,37.9883,102.567001
CN-0137,Xi'an Air Base,CN,34.153059,108.599739
CN-0138,Xincheng Air Base,CN,25.5483,114.619003
CN-0139,Yaerbashi Test Range,CN,43.077202,92.808098
CN-0140,Yanliang Air Base,CN,34.642248,109.241867
CN-0146,Daishan Air Base,CN,30.287581,122.144401
CN-0147,Feidong Air Base,CN,31.909401,117.658997
CN-0149,Fuzhou Air Base,CN,26.003857,119.312832
CN-0152,Huian Air Base,CN,25.0261,118.806999
CN-0153,Hangzhou Jianqiao Airport,CN,30.3353,120.240997
ZSJX,Jiaxing Nanhu Airport,CN,30.698056,120.663056
CN-0158,Longtian Air Base,CN,25.5728,119.459999
CN-0163,Nanchang Xiangtang Air Base,CN,28.421205,115.923375
CN-0165,Ningbo Zhuangqiao Air Base,CN,29.9228,121.573997
CN-0169,Shanghai Dachang Air Base,CN,31.324438,121.409508
CN-0178,Wuhan Hannan Municipal Airport,CN,30.25521,114.062805
CN-0182,Zhangshu Air Base,CN,28.023283,115.549649
CN-0185,Changchun Air Base,CN,43.906591,125.197005
ZBNJ,Beijing Nanjiao Airport,CN,39.482845,116.372295
CN-0190,Dingxin-Shuangchengzi Air Base,CN,40.401402,99.789398
CN-0191,Fuxin Air Base,CN,42.078899,121.662003
CN-0192,Gongzhuling Air Base,CN,43.526293,124.78466
CN-0197,Kaiyuan Air Base,CN,42.525934,123.984683
CN-0198,Lalin Air Base,CN,45.259457,126.893536
CN-0201,Pingquan Air Base,CN,40.900409,118.677878
CN-0204,Shenyang Beiling Air Base,CN,41.8708,123.439003
ZYSY,Shenyang Yuhong Quansheng Airport,CN,41.822498,123.299004
CN-0208,Siping Air Base,CN,43.156898,124.292
CN-0209,Suizhong Air Base,CN,40.298992,120.36152
CN-0210,Tuchengzi Air Base,CN,38.912201,121.238998
ZUDR,Shigatse Tingri Airport,CN,28.604567,86.798
ZWTK,Tashikuergan Hongqilafu Airport,CN,37.661333,75.288877
CN-0249,Leshan Airport,CN,29.438627,103.749218
CN-0253,Jiande Qiandaohu General Airport,CN,29.360905,119.180829
CN-0290,Sanya Air Base,CN,18.28754,109.46372
CN-0316,Chenghu General Airport,CN,31.215334,120.789328
ZSTZ,Anji Tianzihu General Airport,CN,30.797725,119.590287
CN-0331,Jiuzhou Airport,CN,26.99838,107.759041
CN-0344,Paozhuwan Air Base,CN,30.673944,114.63089
CN-0345,Shanpo Air Base,CN,30.087612,114.31366
ZUPL,Ali Pulan Airport,CN,30.397898,81.13317
CN-0396,Shaodong Airport,CN,27.2235,111.6741
CN-0401,Ningxiang Airport,CN,27.987589,112.604971
CN-0418,Hohhot Shengle International Airport (under construction),CN,40.480965,111.575174
ZPZT,Zhaotong Zhaoyang Airport,CN,27.205843,103.691511
ZSBA,Bengbu Tenghu Airport,CN,33.166292,117.058344
ZBXJ,[Duplicate] Beijing Xijiao Airport,CN,39.958592,116.256765
CN-0501,Hancheng Heyang Airport,CN,35.329133,110.3829
CN-JNZ,Sanshilipu Air Base,CN,39.289671,121.762195
CNC3,Brampton-Caledon Airport,CA,43.7603,-79.875
CU-0115,[Duplicate] Holguín Air Base,CU,20.786418,-76.318513
CYAG,Fort Frances Municipal Airport,CA,48.655749,-93.44349
CYAH,La Grande-4 Airport,CA,53.754699707,-73.6753005981
CYAM,Sault Ste Marie Airport,CA,46.483216,-84.508467
CYAQ,Kasabonika Airport,CA,53.52470016479492,-88.6427993774414
CYAV,Winnipeg / St. Andrews Airport,CA,50.0564,-97.032501
CYAX,Lac du Bonnet Airport,CA,50.294399,-96.010002
CYAY,St. Anthony Airport,CA,51.391909,-56.08321
CYAZ,Tofino / Long Beach Airport,CA,49.079833,-125.775583
CYBC,Baie-Comeau Airport,CA,49.1325,-68.204399
CYBD,Bella Coola Airport,CA,52.387501,-126.596001
CYBF,Bonnyville Airport,CA,54.304199,-110.744003
CYBG,Saguenay-Bagotville Airport,CA,48.330123,-70.992012
CYBK,Baker Lake Airport,CA,64.29889678960001,-96.077796936
CYBL,Campbell River Airport,CA,49.950802,-125.271004
CYBR,Brandon Municipal Airport,CA,49.91,-99.951897
CYBU,Nipawin Airport,CA,53.33250045776367,-104.00800323486328
CYBW,Calgary / Springbank Airport,CA,51.103982,-114.369378
CYBX,Lourdes-de-Blanc-Sablon Airport,CA,51.4436,-57.185299
CYCB,Cambridge Bay Airport,CA,69.1081008911,-105.138000488
CYCC,Cornwall Regional Airport,CA,45.092637,-74.567724
CYCD,Nanaimo Airport,CA,49.05497,-123.869863
CYCE,Centralia / James T. Field Memorial Aerodrome,CA,43.285599,-81.508301
CYCG,Castlegar/West Kootenay Regional Airport,CA,49.296398,-117.632004
CYCH,Miramichi Airport,CA,47.007801,-65.449203
CYCL,Charlo Airport,CA,47.990799,-66.330299
CYCN,Cochrane Airport,CA,49.10559844970703,-81.01360321044922
CYCP,Blue River Airport,CA,52.11669921875,-119.28299713134766
CYCQ,Chetwynd Airport,CA,55.687198638916016,-121.62699890136719
CYDA,Dawson City Airport,CA,64.04309844970703,-139.1280059814453
CYDB,Burwash Airport,CA,61.371101,-139.041
CYDF,Deer Lake Airport,CA,49.208159,-57.396147
CYDM,Ross River Airport,CA,61.9706001282,-132.42300415
CYDN,Dauphin Barker Airport,CA,51.1008,-100.052002
CYDO,Dolbeau-Saint-Felicien Airport,CA,48.7785,-72.375
CYDQ,Dawson Creek Airport,CA,55.741245,-120.183263
CYEE,Huronia Airport,CA,44.6833000183,-79.9282989502
CYEG,Edmonton International Airport,CA,53.3097,-113.580002
CYEL,Elliot Lake Municipal Airport,CA,46.351398468,-82.5614013672
CYEM,Manitoulin East Municipal Airport,CA,45.842435,-81.857595
CYEN,Estevan Airport,CA,49.2103004456,-102.966003418
CYET,Edson Airport,CA,53.578899383499994,-116.464996338
CYEV,Inuvik Mike Zubko Airport,CA,68.30419921880001,-133.483001709
CYEY,Amos/Magny Airport,CA,48.563903,-78.249702
CYFB,Iqaluit Airport,CA,63.756402,-68.555801
CYFC,Fredericton International Airport,CA,45.868697,-66.529891
CYFD,Brantford Municipal Airport,CA,43.131401,-80.342499
CYFE,Forestville Airport,CA,48.74610137939453,-69.09719848632812
CYFJ,Mont-Tremblant International Airport,CA,46.409401,-74.779999
CYFR,Fort Resolution Airport,CA,61.1808013916,-113.690002441
CYFS,Fort Simpson Airport,CA,61.76020050048828,-121.23699951171875
CYGD,Goderich Airport,CA,43.7668991089,-81.7106018066
CYGE,Golden Airport,CA,51.299196,-116.982002
CYGK,Kingston Norman Rogers Airport,CA,44.2253,-76.596901
CYGL,La Grande Rivière Airport,CA,53.625301361083984,-77.7042007446289
CYGM,Gimli Industrial Park Airport,CA,50.62810134887695,-97.04329681396484
CYGP,Michel-Pouliot Gaspé Airport,CA,48.774915,-64.481893
CYGQ,Geraldton Greenstone Regional Airport,CA,49.77830123901367,-86.93939971923828
CYGR,Îles-de-la-Madeleine Airport,CA,47.425242,-61.778612
CYGV,Havre-Saint-Pierre Airport,CA,50.281898,-63.611401
CYGW,Kuujjuarapik Airport,CA,55.281898498535156,-77.76529693603516
CYHD,Dryden Regional Airport,CA,49.831699,-92.744202
CYHF,Hearst René Fontaine Municipal Airport,CA,49.71419906616211,-83.68609619140625
CYHM,John C. Munro Hamilton International Airport,CA,43.17348,-79.931185
CYHN,Hornepayne Municipal Airport,CA,49.19309997558594,-84.75890350341797
CYHT,Haines Junction Airport,CA,60.7892,-137.546005
CYHU,Montréal / Saint-Hubert Metropolitan Airport,CA,45.517502,-73.416901
CYHY,Hay River / Merlyn Carter Airport,CA,60.8396987915,-115.782997131
CYHZ,Halifax / Stanfield International Airport,CA,44.8807983398,-63.5085983276
CYIB,Atikokan Municipal Airport,CA,48.773899,-91.638603
CYID,Digby / Annapolis Regional Airport,CA,44.5458450365,-65.7854247093
CYIF,St Augustin Airport,CA,51.2117,-58.658298
CYIV,Island Lake Airport,CA,53.857200622558594,-94.65360260009766
CYJF,Fort Liard Airport,CA,60.235801696799996,-123.46900177
CYJN,St Jean Airport,CA,45.29439926147461,-73.28109741210938
CYJT,Stephenville Dymond International Airport,CA,48.54339,-58.552892
CYKA,Kamloops John Moose Fulton Field Regional Airport,CA,50.703038,-120.448641
CYKF,Region of Waterloo International Airport,CA,43.4608,-80.378601
CYKJ,Key Lake Airport,CA,57.256099700927734,-105.61799621582031
CYKL,Schefferville Airport,CA,54.805301666259766,-66.8052978515625
CYKM,Kincardine Municipal Airport,CA,44.201401,-81.606697
CYKX,Kirkland Lake Airport,CA,48.21030044555664,-79.98139953613281
CYKY,Kindersley Airport,CA,51.5175018311,-109.180999756
CYLD,Chapleau Airport,CA,47.81999969482422,-83.3467025756836
CYLJ,Meadow Lake Airport,CA,54.125301361083984,-108.52300262451172
CYLL,Lloydminster Airport,CA,53.3092,-110.072998
CYLR,Leaf Rapids Airport,CA,56.513301849365234,-99.98529815673828
CYLS,Barrie-Lake Simcoe Regional Airport,CA,44.485056,-79.554663
CYLT,Alert Airport,CA,82.517263,-62.283037
CYLW,Kelowna International Airport,CA,49.9561,-119.377998
CYMA,Mayo Airport,CA,63.61640167236328,-135.8679962158203
CYME,Matane Airport,CA,48.85689926147461,-67.45330047607422
CYMG,Manitouwadge Airport,CA,49.083900451660156,-85.86060333251953
CYMJ,Moose Jaw Air Vice Marshal C. M. McEwen Airport,CA,50.330299377441406,-105.55899810791016
CYML,Charlevoix Airport,CA,47.59749984741211,-70.2238998413086
CYMM,Fort McMurray International Airport,CA,56.653301,-111.222
CYMO,Moosonee Airport,CA,51.291099548339844,-80.60780334472656
CYMT,Chapais Airport,CA,49.77190017700195,-74.5280990600586
CYMX,Montreal Mirabel International Airport,CA,45.679501,-74.038696
CYNA,Natashquan Airport,CA,50.190114,-61.78898
CYND,Ottawa / Gatineau Airport,CA,45.521702,-75.563599
CYNJ,Langley Airport,CA,49.1008,-122.630997
CYNL,Points North Landing Airport,CA,58.27669906616211,-104.08200073242188
CYNM,Matagami Airport,CA,49.76169967651367,-77.80280303955078
CYNN,Nejanilini Lake Airport,CA,59.4874992371,-97.78029632570001
CYOA,Ekati Airport,CA,64.6988983154,-110.614997864
CYOD,CFB Cold Lake,CA,54.404998779296875,-110.27899932861328
CYOJ,High Level Airport,CA,58.62139892578125,-117.16500091552734
CYOO,Oshawa Executive Airport,CA,43.922798,-78.894997
CYOP,Rainbow Lake Airport,CA,58.491402,-119.407997
CYOS,Owen Sound / Billy Bishop Regional Airport,CA,44.5903015137,-80.8375015259
CYOW,Ottawa Macdonald-Cartier International Airport,CA,45.322498,-75.669197
CYPA,Prince Albert Glass Field,CA,53.214199066199996,-105.672996521
CYPD,Port Hawkesbury Airport,CA,45.6567001343,-61.3680992126
CYPE,Peace River Airport,CA,56.226898,-117.446999
CYPG,Portage-la-Prairie / Southport Airport,CA,49.903099,-98.273817
CYPK,Pitt Meadows Regional Airport,CA,49.21488,-122.709294
CYPL,Pickle Lake Airport,CA,51.4463996887207,-90.21420288085938
CYPN,Port-Menier Airport,CA,49.836399,-64.288597
CYPQ,Peterborough Regional Airport,CA,44.232251,-78.362053
CYPR,Prince Rupert Airport,CA,54.286098480199996,-130.445007324
CYPW,Powell River Airport,CA,49.83420181274414,-124.5
CYPX,Puvirnituq Airport,CA,60.050598,-77.286903
CYPY,Fort Chipewyan Airport,CA,58.7672004699707,-111.11699676513672
CYPZ,Burns Lake Airport,CA,54.3764,-125.950996
CYQA,Muskoka Airport,CA,44.975376,-79.306546
CYQB,Quebec Jean Lesage International Airport,CA,46.7911,-71.393303
CYQD,The Pas Airport,CA,53.97140121459961,-101.09100341796875
CYQF,Red Deer Regional Airport,CA,52.182201,-113.893997
CYQG,Windsor International Airport,CA,42.2756,-82.955597
CYQH,Watson Lake Airport,CA,60.116839,-128.821993
CYQI,Yarmouth Airport,CA,43.826900482177734,-66.08809661865234
CYQK,Kenora Airport,CA,49.788299560546875,-94.36309814453125
CYQL,Lethbridge County Airport,CA,49.6302986145,-112.800003052
CYQM,Greater Moncton Roméo LeBlanc International Airport,CA,46.113189,-64.67719
CYQN,Nakina Airport,CA,50.18280029296875,-86.69640350341797
CYQQ,Comox Valley International Airport / CFB Comox,CA,49.7108,-124.887001
CYQR,Regina International Airport,CA,50.431938,-104.660906
CYQS,St Thomas Municipal Airport,CA,42.77000045776367,-81.11080169677734
CYQT,Thunder Bay International Airport,CA,48.371899,-89.323898
CYQU,Grande Prairie Airport,CA,55.1796989441,-118.885002136
CYQV,Yorkton Municipal Airport,CA,51.264702,-102.461998
CYQW,North Battleford Airport,CA,52.769409,-108.243742
CYQX,Gander International Airport,CA,48.936258,-54.567719
CYQY,Sydney / J.A. Douglas McCurdy Airport,CA,46.161072,-60.049759
CYQZ,Quesnel Airport,CA,53.026100158691406,-122.51000213623047
CYRB,Resolute Bay Airport,CA,74.7169036865,-94.9693984985
CYRI,Rivière-du-Loup Airport,CA,47.764400482177734,-69.58470153808594
CYRJ,Roberval Airport,CA,48.519665,-72.265735
CYRL,Red Lake Airport,CA,51.066898345947266,-93.79309844970703
CYRO,Ottawa / Rockcliffe Airport,CA,45.460496,-75.644001
CYRP,Ottawa / Carp Airport,CA,45.3191986084,-76.0222015381
CYRQ,Trois-Rivières Airport,CA,46.35279846191406,-72.67939758300781
CYRT,Rankin Inlet Airport,CA,62.8114013672,-92.1157989502
CYRV,Revelstoke Airport,CA,50.962245,-118.184258
CYSB,Sudbury Airport,CA,46.625,-80.79889678955078
CYSC,Sherbrooke Airport,CA,45.438599,-71.691399
CYSF,Stony Rapids Airport,CA,59.250301361083984,-105.84100341796875
CYSG,Saint-Georges Airport,CA,46.096401,-70.714699
CYSH,Smiths Falls-Montague (Russ Beach) Airport,CA,44.945801,-75.940598
CYSJ,Saint John Airport,CA,45.31610107421875,-65.89029693603516
CYSL,Saint-Léonard Airport,CA,47.157097,-67.836242
CYSM,Fort Smith Airport,CA,60.020302,-111.961998
CYSN,Niagara District Airport,CA,43.191598,-79.171686
CYSP,Marathon Airport,CA,48.75529861450195,-86.34439849853516
CYSU,Summerside Airport,CA,46.440601,-63.833599
CYTA,Pembroke Airport,CA,45.86439895629883,-77.25170135498047
CYTF,Alma Airport,CA,48.5089,-71.641899
CYTH,Thompson Airport,CA,55.80110168457031,-97.86419677734375
CYTR,CFB Trenton,CA,44.118900299072266,-77.5280990600586
CYTS,Timmins/Victor M. Power,CA,48.569698333699996,-81.376701355
CYTZ,Billy Bishop Toronto City Airport,CA,43.627852,-79.39553
CYUL,Montreal / Pierre Elliott Trudeau International Airport,CA,45.467837,-73.742294
CYUX,Hall Beach Airport,CA,68.7761,-81.2425
CYUY,Rouyn Noranda Airport,CA,48.20610046386719,-78.83560180664062
CYVB,Bonaventure Airport,CA,48.071098,-65.460297
CYVC,La Ronge Airport,CA,55.151401519800004,-105.262001038
CYVD,Virden / RJ (Bob) Andrew Field Regional Aerodrome,CA,49.8783,-100.917999
CYVK,Vernon Regional Airport,CA,50.246163,-119.330963
CYVO,Val-d'Or Airport,CA,48.0532989502,-77.7827987671
CYVP,Kuujjuaq Airport,CA,58.096099853515625,-68.4269027709961
CYVQ,Norman Wells Airport,CA,65.28160095214844,-126.7979965209961
CYVR,Vancouver International Airport,CA,49.193901,-123.183998
CYVV,Wiarton Airport,CA,44.7458,-81.107201
CYWG,Winnipeg / James Armstrong Richardson International Airport,CA,49.909999847399995,-97.2398986816
CYWK,Wabush Airport,CA,52.92190170288086,-66.8644027709961
CYWL,Williams Lake Airport,CA,52.1831016541,-122.054000854
CYWY,Wrigley Airport,CA,63.20940017700195,-123.43699645996094
CYXC,Cranbrook/Canadian Rockies International Airport,CA,49.610802,-115.781998
CYXE,Saskatoon John G. Diefenbaker International Airport,CA,52.170723,-106.700793
CYXH,Medicine Hat Regional Airport,CA,50.018902,-110.721001
CYXJ,Fort St John / North Peace Regional Airport,CA,56.238098,-120.739998
CYXK,Rimouski Airport,CA,48.477644,-68.496323
CYXL,Sioux Lookout Airport,CA,50.11389923095703,-91.9052963256836
CYXQ,Beaver Creek Airport,CA,62.410301208496094,-140.86700439453125
CYXR,Earlton (Timiskaming Regional) Airport,CA,47.697400654599996,-79.8473453522
CYXS,Prince George (International) Airport,CA,53.884311,-122.666554
CYXT,Northwest Regional Airport Terrace-Kitimat,CA,54.468498,-128.576009
CYXU,London International Airport,CA,43.032845,-81.149003
CYXX,Abbotsford International Airport,CA,49.025299,-122.361
CYXY,Whitehorse / Erik Nielsen International Airport,CA,60.708533,-135.065705
CYXZ,Wawa Airport,CA,47.96670150756836,-84.78669738769531
CYYB,North Bay Jack Garland Airport,CA,46.363602,-79.422798
CYYC,Calgary International Airport,CA,51.118822,-114.009933
CYYD,Smithers Airport,CA,54.82469940185547,-127.18299865722656
CYYE,Fort Nelson Airport,CA,58.8363990784,-122.597000122
CYYF,Penticton Airport,CA,49.46310043334961,-119.60199737548828
CYYG,Charlottetown Airport,CA,46.288911,-63.125174
CYYJ,Victoria International Airport,CA,48.647201,-123.427792
CYYL,Lynn Lake Airport,CA,56.86389923095703,-101.07599639892578
CYYN,Swift Current Airport,CA,50.291900634799994,-107.691001892
CYYQ,Churchill Airport,CA,58.739200592041016,-94.06500244140625
CYYR,Goose Bay Airport,CA,53.3191986084,-60.4258003235
CYYT,St. John's International Airport,CA,47.618599,-52.7519
CYYU,Kapuskasing Airport,CA,49.411587,-82.469645
CYYW,Armstrong Airport,CA,50.29029846191406,-88.90969848632812
CYYY,Mont Joli Airport,CA,48.60860061645508,-68.20809936523438
CYYZ,Toronto Pearson International Airport,CA,43.675935,-79.629421
CYZE,Gore Bay Manitoulin Airport,CA,45.8853,-82.567802
CYZF,Yellowknife International Airport,CA,62.462799,-114.440002
CYZH,Slave Lake Airport,CA,55.292945,-114.777276
CYZP,Sandspit Airport,CA,53.25429916379999,-131.813995361
CYZR,Chris Hadfield Airport,CA,42.999401,-82.308899
CYZS,Coral Harbour Airport,CA,64.1932983398,-83.3593978882
CYZT,Port Hardy Airport,CA,50.680599212646484,-127.36699676513672
CYZU,Whitecourt Airport,CA,54.143902,-115.787003
CYZV,Sept-Îles Airport,CA,50.22330093383789,-66.2656021118164
CYZW,Teslin Airport,CA,60.17279815673828,-132.7429962158203
CYZX,CFB Greenwood,CA,44.98440170288086,-64.91690063476562
CYZY,Mackenzie Airport,CA,55.297786,-123.133907
CZ-0244,Kostomlaty Airstrip,CZ,50.20843,14.92585
CZAM,Shuswap Regional Airport,CA,50.682802,-119.228996
CZBB,Boundary Bay Airport,CA,49.074338,-123.006877
CZBF,Bathurst Airport,CA,47.6297,-65.738899
CZBM,Bromont (Roland Désourdy) Airport,CA,45.290798,-72.741402
CZEE,Kelsey Airport,CA,56.0374984741,-96.50969696039999
CZFA,Faro Airport,CA,62.20750045776367,-133.37600708007812
CZGF,Grand Forks Airport,CA,49.015598,-118.431
CZJG,Jenpeg Airport,CA,54.51890182495117,-98.04609680175781
CZJN,Swan River Airport,CA,52.120602,-101.236
CZLQ,Thicket Portage Airport,CA,55.31890106201172,-97.70780181884766
CZMN,Pikwitonei Airport,CA,55.58890151977539,-97.16419982910156
CZMT,Masset Airport,CA,54.0275,-132.125
CZPC,Pincher Creek Airport,CA,49.520429,-113.997002
CZSJ,Sandy Lake Airport,CA,53.06420135498047,-93.34439849853516
CZST,Stewart Airport,CA,55.935410448,-129.982434511
CZUC,Ignace Municipal Airport,CA,49.428204,-91.720418
DAAB,Blida Airport,DZ,36.503601,2.81417
DAAD,Bou Saada Airport,DZ,35.3325,4.20639
DAAE,Soummam–Abane Ramdane Airport,DZ,36.712547,5.069909
DAAG,Houari Boumediene Airport,DZ,36.693886,3.214531
DAAJ,Tiska Djanet Airport,DZ,24.285448,9.463652
DAAK,Boufarik Air Base,DZ,36.545799,2.87611
DAAP,Illizi Takhamalt Airport,DZ,26.723499,8.62265
DAAS,Ain Arnat Airport,DZ,36.178488,5.329909
DAAT,Aguenar – Hadj Bey Akhamok Airport,DZ,22.810992,5.450832
DAAV,Jijel Ferhat Abbas Airport,DZ,36.794125,5.873652
DAAY,Mecheria Airport,DZ,33.5359,-0.242353
DAAZ,Relizane Airport,DZ,35.752955,0.625877
DABB,Annaba Rabah Bitat Airport,DZ,36.826781,7.81334
DABC,Mohamed Boudiaf International Airport,DZ,36.276001,6.62039
DABS,Cheikh Larbi Tébessi Airport,DZ,35.4315986633,8.12071990967
DABT,Batna Mostefa Ben Boulaid Airport,DZ,35.752102,6.30859
DAFH,Hassi R'Mel Airport,DZ,32.930401,3.31154
DAOB,Abdelhafid Boussouf Bou Chekif Airport,DZ,35.341099,1.46315
DAOF,Tindouf Airport,DZ,27.7003993988,-8.167099952700001
DAOI,Chlef Aboubakr Belkaid International Airport,DZ,36.216614,1.341114
DAOL,Oran Tafraoui Airport,DZ,35.5424,-0.532278
DAON,Zenata – Messali El Hadj Airport,DZ,35.012732,-1.457117
DAOO,Oran Es-Sénia (Ahmed Ben Bella) International Airport,DZ,35.620648,-0.622486
DAOR,Béchar Boudghene Ben Ali Lotfi Airport,DZ,31.645700454711914,-2.269860029220581
DAOV,Ghriss Airport,DZ,35.207699,0.147142
DATM,Bordj Badji Mokhtar Airport,DZ,21.3778,0.92698
DAUA,Touat-Cheikh Sidi Mohamed Belkebir Airport,DZ,27.837601,-0.186414
DAUB,Biskra - Mohamed Khider Airport,DZ,34.79318,5.738899
DAUE,El Golea Airport,DZ,30.580732,2.861595
DAUG,Noumérat - Moufdi Zakaria Airport,DZ,32.384102,3.79411
DAUH,Hassi Messaoud-Oued Irara Krim Belkacem Airport,DZ,31.673,6.14044
DAUI,In Salah Airport,DZ,27.250999,2.51202
DAUK,Touggourt Sidi Madhi Airport,DZ,33.067799,6.08867
DAUL,Laghouat - Molay Ahmed Medeghri Airport,DZ,33.7644,2.92834
DAUO,Guemar Airport - مطار قمار بالوادي,DZ,33.511398,6.77679
DAUT,Timimoun Airport,DZ,29.237101,0.276033
DAUU,Ain Beida Airport,DZ,31.9172,5.41278
DAUZ,Zarzaitine - In Aménas Airport,DZ,28.0515,9.64291
DBBB,Cotonou Cadjehoun International Airport,BJ,6.35723,2.38435
DFFD,Ouagadougou Thomas Sankara International Airport,BF,12.3532,-1.51242
DFOO,Bobo Dioulasso Airport,BF,11.1601,-4.33097
DGAA,Kotoka International Airport,GH,5.605189800262451,-0.16678600013256073
DGAH,Ho Airport,GH,6.579691,0.532547
DGLE,Yakubu Tali International Airport,GH,9.553909,-0.86606
DGSI,Prempeh I International Airport,GH,6.71456,-1.59082
DGSN,Sunyani Airport,GH,7.36183,-2.32876
DGTK,Takoradi Airport,GH,4.896059989929199,-1.7747600078582764
DIAP,Félix-Houphouët-Boigny International Airport,CI,5.26139,-3.92629
DIBK,Bouaké Airport,CI,7.7388,-5.07367
DIDL,Daloa Airport,CI,6.79281,-6.47319
DIKO,Korhogo Airport,CI,9.38718,-5.55666
DIMN,Man Airport,CI,7.27207,-7.58736
DISP,San Pedro Airport,CI,4.74672,-6.66082
DIYO,Yamoussoukro International Airport,CI,6.90317,-5.36558
DNKT,Umaru Musa Yar'adua Airport,NG,13.0078,7.66045
DNAA,Nnamdi Azikiwe International Airport,NG,9.00679,7.26317
DNAI,Akwa Ibom International Airport,NG,4.8725,8.093
DNAK,Akure Airport,NG,7.246739864349365,5.3010101318359375
DNAS,Asaba International Airport,NG,6.204167,6.665278
DNBC,Sir Abubakar Tafawa Balewa Bauchi State International Airport,NG,10.482833,9.744
DNBE,Benin Airport,NG,6.316979885101318,5.5995001792907715
DNBY,Bayelsa International Airport,NG,4.95759,6.203327
DNCA,Margaret Ekpo International Airport,NG,4.976019859313965,8.347200393676758
DNEN,Akanu Ibiam International Airport,NG,6.473718,7.560463
DNGO,Gombe Lawanti International Airport,NG,10.298889,10.9
DNGU,Gusau Airport,NG,12.17286,6.696136
DNIB,Ibadan Airport,NG,7.362460136413574,3.97832989692688
DNIL,General Tunde Idiagbon International Airport,NG,8.44021,4.49392
DNIM,Sam Mbakwe International Cargo Airport,NG,5.42706,7.20603
DNJO,Yakubu Gowon Airport,NG,9.639829635620117,8.869050025939941
DNKA,Kaduna International Airport,NG,10.696,7.32011
DNKN,Mallam Aminu Kano International Airport,NG,12.045613,8.523566
DNMA,Maiduguri International Airport,NG,11.854163,13.080702
DNMK,Makurdi Airport,NG,7.70388,8.61394
DNMM,Murtala Muhammed International Airport,NG,6.57737,3.32116
DNMN,Minna Airport,NG,9.652170181274414,6.462259769439697
DNPO,Port Harcourt International Airport,NG,5.01549,6.94959
DNSO,Sadiq Abubakar III International Airport,NG,12.915729,5.207547
DNSU,Warri Airport,NG,5.59821,5.8187
DNYO,Yola Airport,NG,9.257550239562988,12.430399894714355
DNZA,Zaria Airport,NG,11.1302,7.68581
DRRM,Maradi Airport,NE,13.5025,7.12675
DRRN,Diori Hamani International Airport,NE,13.4815,2.18361
DRRT,Tahoua Airport,NE,14.8757,5.26536
DRZA,Mano Dayak International Airport,NE,16.966,8.00011
DRZR,Zinder Airport,NE,13.779000282287598,8.983759880065918
DTKA,Tabarka-Aïn Draham International Airport,TN,36.98,8.87694
DTMB,Monastir Habib Bourguiba International Airport,TN,35.75809860229492,10.75469970703125
DTNH,Enfidha - Hammamet International Airport,TN,36.075833,10.438611
DTTA,Tunis Carthage International Airport,TN,36.851002,10.2272
DTTB,Bizerte Sidi Ahmed Air Base,TN,37.242356,9.787016
DTTD,Remada Air Base,TN,32.306198,10.3821
DTTF,Gafsa Ksar International Airport,TN,34.422001,8.8225
DTTG,Gabès Matmata International Airport,TN,33.733691,9.91941
DTTJ,Djerba Zarzis International Airport,TN,33.873719,10.7773
DTTR,El Borma Airport,TN,31.7043,9.25462
DTTX,Sfax Thyna International Airport,TN,34.717999,10.691
DTTZ,Tozeur Nefta International Airport,TN,33.939701080322266,8.110560417175293
DXNG,Niamtougou International Airport,TG,9.766675,1.090944
DXXX,Lomé–Tokoin International Airport,TG,6.16561,1.25451
DZ-0016,Amguid Regional Airport,DZ,26.393417,5.325419
EBAW,Antwerp International Airport (Deurne),BE,51.190667,4.463153
EBBE,Beauvechain Air Base,BE,50.758598,4.76833
EBBL,Kleine Brogel Air Base,BE,51.168301,5.47
EBBR,Brussels Airport,BE,50.901402,4.48444
EBCI,Brussels South Charleroi Airport,BE,50.461963,4.459562
EBCV,Chièvres Air Base,BE,50.575802,3.831
EBFN,Koksijde Air Base,BE,51.090302,2.65278
EBFS,Florennes Air Base,BE,50.2433013916,4.64583015442
EBKT,Kortrijk-Wevelgem International Airport,BE,50.818878,3.209551
EBLG,Liège Airport,BE,50.638574,5.443897
EBOS,Ostend-Bruges International Airport,BE,51.1998,2.874673
EDAC,Leipzig–Altenburg Airport,DE,50.981945,12.506389
EDAH,Heringsdorf Airport,DE,53.8787,14.1523
EDBN,Neubrandenburg Trollenhagen Airport,DE,53.6022,13.306
EDBR,Rothenburg/Görlitz Airfield,DE,51.363335,14.95
EDDB,Berlin Brandenburg Airport,DE,52.361738,13.502341
EDDC,Dresden Airport,DE,51.134123,13.767831
EDDE,Erfurt-Weimar Airport,DE,50.978281,10.960713
EDDF,Frankfurt Main Airport,DE,50.026706,8.55835
EDDG,Münster Osnabrück Airport,DE,52.133816,7.688482
EDDH,Hamburg Helmut Schmidt Airport,DE,53.630402,9.98823
EDDK,Cologne Bonn Airport,DE,50.865898,7.14274
EDDL,Düsseldorf Airport,DE,51.289501,6.76678
EDDM,Munich Airport,DE,48.353802,11.7861
EDDN,Nuremberg Airport,DE,49.498699,11.078056
EDDP,Leipzig/Halle Airport,DE,51.420657,12.232705
EDDR,Saarbrücken Airport,DE,49.214545,7.109735
EDDS,Stuttgart Airport,DE,48.689899,9.22196
EDDV,Hannover Airport,DE,52.461102,9.68508
EDDW,Bremen Airport,DE,53.046786,8.78932
EDFE,Frankfurt-Egelsbach Airport,DE,49.96,8.643043
EDFH,Frankfurt-Hahn Airport,DE,49.946353,7.261734
EDFM,Mannheim-City Airport,DE,49.473057,8.514167
EDFZ,Mainz-Finthen Airfield,DE,49.967499,8.147222
EDGE,Eisenach-Kindel Airport,DE,50.991604,10.47973
EDGS,Siegerland Airport,DE,50.707699,8.08297
EDHI,Hamburg-Finkenwerder Airport,DE,53.535278,9.835556
EDHK,Kiel-Holtenau Airport,DE,54.37957,10.145266
EDHL,Lübeck Blankensee Airport,DE,53.805401,10.7192
EDJA,Memmingen Allgau Airport,DE,47.988092,10.238248
EDLI,Bielefeld Airport,DE,51.964722,8.544444
EDLN,Mönchengladbach Airport,DE,51.230278,6.504444
EDLP,Paderborn Lippstadt Airport,DE,51.612527,8.617459
EDLV,Weeze (Niederrhein) Airport,DE,51.601362,6.141228
EDLW,Dortmund Airport,DE,51.518299,7.61224
EDMA,Augsburg Airport,DE,48.425278,10.931667
EDML,Landshut Airfield,DE,48.512019,12.034865
EDMO,Oberpfaffenhofen Airport,DE,48.081402,11.2831
EDNY,Bodensee Airport Friedrichshafen,DE,47.671299,9.51149
EDQA,Bamberg-Breitenau Airfield,DE,49.920403,10.914233
EDQD,Bayreuth Airport,DE,49.985001,11.64
EDQM,Hof-Plauen Airport,DE,50.288544,11.852876
EDSB,Karlsruhe Baden-Baden Airport,DE,48.7794,8.0805
EDTD,Donaueschingen-Villingen Airfield,DE,47.973331,8.522222
EDTL,Lahr Airport,DE,48.369301,7.82772
EDTM,Mengen-Hohentengen Airfield,DE,48.05389,9.372778
EDTY,Adolf Würth Airport,DE,49.118332,9.783889
EDUZ,Zerbst Airfield,DE,52.000832,12.148611
EDVE,Braunschweig-Wolfsburg Airport,DE,52.319199,10.5561
EDVK,Kassel Airport,DE,51.418395,9.391638
EDXW,Westerland Sylt Airport,DE,54.9132,8.34047
EEEI,Ämari Air Base,EE,59.259599,24.204799
EEKA,Kärdla Airport,EE,58.99079895019531,22.830699920654297
EEKE,Kuressaare Airport,EE,58.22990036010742,22.50950050354004
EEPU,Pärnu Airport,EE,58.41899871826172,24.47279930114746
HEBR,Berenice International Airport / Banas Cape Air Base,EG,23.980437,35.460277
EETN,Lennart Meri Tallinn Airport,EE,59.413246,24.83264
EETU,Tartu Airport,EE,58.307438,26.686473
EFET,Enontekio Airport,FI,68.362602233887,23.424299240112
EFHA,Halli Airport,FI,61.856039,24.786686
EFHK,Helsinki Vantaa Airport,FI,60.318363,24.963341
EFIT,Kitee Airport,FI,62.1661,30.073601
EFIV,Ivalo Airport,FI,68.6073,27.4053
EFJO,Joensuu Airport,FI,62.658815,29.619398
EFJY,Jyväskylä Airport,FI,62.399502,25.678301
EFKA,Kauhava Airfield,FI,63.127102,23.051399
EFKE,Kemi-Tornio Airport,FI,65.778701782227,24.582099914551
EFKI,Kajaani Airport,FI,64.2855,27.6924
EFKJ,Kauhajoki Airfield,FI,62.463212,22.390817
EFKK,Kokkola-Pietarsaari Airport,FI,63.721199,23.143101
EFKS,Kuusamo Airport,FI,65.987602,29.239401
EFKT,Kittilä International Airport,FI,67.700996,24.8468
EFKU,Kuopio Airport,FI,63.007099,27.7978
EFLP,Lappeenranta Airport,FI,61.044601,28.144743
EFMA,Mariehamn Airport,FI,60.1222,19.898199
EFMI,Mikkeli Airport,FI,61.6866,27.201799
EFOU,Oulu Airport,FI,64.930099,25.354601
EFPO,Pori Airport,FI,61.4617,21.799999
EFPR,Helsinki East-Redstone Aerodrome,FI,60.479167,26.593889
EFRO,Rovaniemi Airport,FI,66.563327,25.829751
EFSA,Savonlinna Airport,FI,61.9431,28.945101
EFSI,Seinäjoki Airport,FI,62.692101,22.8323
EFSO,Sodankyla Airport,FI,67.3949966431,26.6191005707
EFTP,Tampere-Pirkkala Airport,FI,61.414101,23.604401
EFTU,Turku Airport,FI,60.514099,22.2628
EFUT,Utti Air Base,FI,60.8964,26.9384
EFVA,Vaasa Airport,FI,63.05023,21.762543
EFVR,Varkaus Airport,FI,62.171101,27.868601
EFYL,Ylivieska Airfield,FI,64.054722,24.725278
EG-0003,Bilbeis 2 Airfield,EG,30.42060089111328,31.67889976501465
EGAA,Belfast International Airport,GB,54.6575012207,-6.2158298492399995
EGAB,Enniskillen/St Angelo Airport,GB,54.398274,-7.651179
EGAC,George Best Belfast City Airport,GB,54.618099,-5.8725
EGAE,City of Derry Airport,GB,55.042801,-7.16111
EGBB,Birmingham Airport,GB,52.453899,-1.74803
EGBJ,Gloucestershire Airport,GB,51.894199,-2.16722
EGBN,Nottingham City Airport,GB,52.919998,-1.07917
EGCC,Manchester Airport,GB,53.349375,-2.279521
EGDC,Royal Marines Base Chivenor,GB,51.0872,-4.15034
EGDM,MoD Boscombe Down,GB,51.152199,-1.74741
EGDR,RNAS Culdrose,GB,50.08610153198242,-5.255710124969482
EGSY,MOD St Athan,GB,51.405229,-3.433254
EGDY,RNAS Yeovilton,GB,51.009399,-2.63882
EGEC,Campbeltown Airport,GB,55.437199,-5.68639
EGED,Eday Airport,GB,59.19060134887695,-2.7722198963165283
EGFE,Haverfordwest Airport,GB,51.833099365234375,-4.9611101150512695
EGFF,Cardiff International Airport,GB,51.396702,-3.34333
EGFH,Swansea Airport,GB,51.601366,-4.071006
EGGD,Bristol Airport,GB,51.382326,-2.716453
EGGP,Liverpool John Lennon Airport,GB,53.334863,-2.849637
EGGW,London Luton Airport,GB,51.874699,-0.368333
EGHH,Bournemouth Airport,GB,50.780483,-1.839576
EGHI,Southampton Airport,GB,50.950298,-1.3568
EGHL,Lasham Airfield,GB,51.18744,-1.031663
EGHQ,Cornwall Airport Newquay,GB,50.440601,-4.99541
EGJA,Alderney Airport,GG,49.706104,-2.21472
EGJB,Guernsey Airport,GG,49.435001,-2.60197
EGJJ,Jersey Airport,JE,49.207901,-2.19551
EGKA,Brighton City Airport,GB,50.835602,-0.297222
EGKB,London Biggin Hill Airport,GB,51.33079910279999,0.0324999988079
EGKK,London Gatwick Airport,GB,51.148744,-0.185739
EGLC,London City Airport,GB,51.505299,0.055278
EGLF,Farnborough Airport,GB,51.275799,-0.776333
EGLK,Blackbushe Airport,GB,51.323898,-0.8475
EGLL,London Heathrow Airport,GB,51.470748,-0.459909
EGMC,London Southend Airport,GB,51.570562,0.693627
EGMD,Lydd London Ashford Airport,GB,50.956246,0.939074
EGNC,Carlisle Lake District Airport,GB,54.9375,-2.80917
EGNH,Blackpool Airport,GB,53.771702,-3.02861
EGNJ,Humberside Airport,GB,53.576152,-0.34954
EGNL,Barrow Walney Island Airport,GB,54.1286111,-3.2675
EGNM,Leeds Bradford Airport,GB,53.865898,-1.66057
EGNO,Warton Aerodrome,GB,53.745098,-2.88306
EGNR,Hawarden Airport,GB,53.178101,-2.97778
EGNS,Isle of Man Airport,IM,54.083081,-4.623871
EGNT,Newcastle International Airport,GB,55.037958,-1.689577
EGNV,Teesside International Airport,GB,54.509201,-1.42941
EGNX,East Midlands Airport,GB,52.8311,-1.32806
EGOM,RAF Spadeadam,GB,55.0499992371,-2.54999995232
EGOS,RAF Shawbury,GB,52.798199,-2.66804
EGOV,Anglesey Airport,GB,53.2481,-4.53534
EGPA,Kirkwall Airport,GB,58.957903,-2.905077
EGPB,Sumburgh Airport,GB,59.878899,-1.29556
EGPC,Wick John O'Groats Airport,GB,58.4589,-3.09306
EGPD,Aberdeen International Airport,GB,57.2019,-2.19778
EGPE,Inverness Airport,GB,57.5425,-4.0475
EGPF,Glasgow Airport,GB,55.871899,-4.43306
EGPH,Edinburgh Airport,GB,55.950145,-3.372288
EGPI,Islay Airport,GB,55.682708,-6.257525
EGPK,Glasgow Prestwick Airport,GB,55.501499,-4.577182
EGPL,Benbecula Airport,GB,57.481098,-7.36278
EGPN,Dundee Airport,GB,56.452499,-3.02583
EGPO,Stornoway Airport,GB,58.215599,-6.33111
EGPR,Barra Airport,GB,57.0228,-7.44306
EGPU,Tiree Airport,GB,56.499199,-6.86917
EGQL,Leuchars Station Airfield,GB,56.37398,-2.868862
EGQS,RAF Lossiemouth,GB,57.7052,-3.33917
EGSC,Cambridge City Airport,GB,52.205002,0.175
EGSH,Norwich Airport,GB,52.6758,1.28278
EGSS,London Stansted Airport,GB,51.884998,0.235
EGTC,Cranfield Airport,GB,52.072201,-0.616667
EGTE,Exeter International Airport,GB,50.734261,-3.413984
EGTK,London Oxford Airport,GB,51.836899,-1.32
EGUB,RAF Benson,GB,51.614366,-1.095991
EGUL,RAF Lakenheath,GB,52.40954,0.561161
EGUN,RAF Mildenhall,GB,52.3619,0.486406
EGUW,Wattisham Airfield,GB,52.127451,0.956189
EGVA,RAF Fairford,GB,51.683568,-1.789172
EGVN,RAF Brize Norton,GB,51.75,-1.58362
EGVO,RAF Odiham,GB,51.2341,-0.942825
EGWC,RAF Cosford,GB,52.640524,-2.305326
EGWU,RAF Northolt,GB,51.553001,-0.418167
EGXC,RAF Coningsby,GB,53.092999,-0.166014
EGXE,RAF Leeming,GB,54.297191,-1.538944
EGCM,Leeds East Airport,GB,53.834747,-1.194678
EGXH,RAF Honington,GB,52.342602,0.772939
EGXT,RAF Wittering,GB,52.612598,-0.476453
EGXW,RAF Waddington,GB,53.166199,-0.523811
EGXZ,RAF Topcliffe,GB,54.204116,-1.380265
EGYD,RAF Cranwell,GB,53.027308,-0.493104
EGYE,RAF Barkston Heath,GB,52.960616,-0.559428
EGYM,RAF Marham,GB,52.648395,0.550692
EGYP,Mount Pleasant Airport / RAF Mount Pleasant,FK,-51.822642,-58.445777
EHAM,Amsterdam Airport Schiphol,NL,52.308601,4.76389
EHBD,Kempen Airport Budel,NL,51.255299,5.60139
EHBK,Maastricht Aachen Airport,NL,50.911087,5.769401
EHDL,Deelen Air Base,NL,52.0606,5.87306
EHEH,Eindhoven Airport,NL,51.4500999451,5.37452983856
EHGG,Groningen Airport Eelde,NL,53.119107,6.577652
EHGR,Gilze Rijen Air Base,NL,51.567402,4.93183
EHKD,De Kooy Airfield / Den Helder Naval Air Station,NL,52.923401,4.78062
EHLE,Lelystad Airport,NL,52.453188,5.514622
EHLW,Leeuwarden Air Base,NL,53.228599548339844,5.760560035705566
EHRD,Rotterdam The Hague Airport,NL,51.956902,4.43722
EHTW,Twente Airport,NL,52.275833,6.889167
EHVK,Volkel Air Base,NL,51.657222,5.707778
EHWO,Woensdrecht Air Base,NL,51.4491,4.34203
EICK,Cork International Airport,IE,51.841301,-8.49111
EIDL,Donegal Airport,IE,55.0442008972168,-8.340999603271484
EIDW,Dublin Airport,IE,53.428713,-6.262121
EIKN,Ireland West Airport Knock,IE,53.910439,-8.817002
EIKY,Kerry Airport,IE,52.180901,-9.52378
EIME,Casement Air Base,IE,53.301700592,-6.451330184940001
EINN,Shannon Airport,IE,52.702,-8.92482
EISG,Sligo Airport,IE,54.280200958252,-8.5992097854614
EIWF,Waterford Airport,IE,52.187199,-7.08696
EIWT,Weston Airport,IE,53.351622,-6.490357
EKAH,Aarhus Airport,DK,56.303331,10.618286
EKBI,Billund Airport,DK,55.740335,9.157019
EKCH,Copenhagen Kastrup Airport,DK,55.617900848389,12.656000137329
EKEB,Esbjerg Airport,DK,55.525902,8.5534
EKKA,Midtjyllands Airport / Air Base Karup,DK,56.297139,9.104311
EKMB,Lolland Falster Maribo Airport,DK,54.699447,11.438163
EKOD,Odense Hans Christian Andersen Airport,DK,55.475307,10.327206
EKRK,Copenhagen Roskilde Airport,DK,55.585602,12.1314
EKRN,Bornholm Airport,DK,55.063301,14.7596
EKSB,Sønderborg Airport,DK,54.96440124511719,9.791729927062988
EKSN,Sindal Airport,DK,57.503502,10.2294
EKSP,Skrydstrup Air Base,DK,55.221048,9.26702
EKSV,Skive Airport,DK,56.550201,9.17298
EKTS,Thisted Airport,DK,57.068802,8.70522
EKVD,Kolding Vamdrup Airfield,DK,55.436298,9.33092
EKVG,Vágar Airport,FO,62.063256,-7.275782
EKVJ,Stauning Vestjylland  Airport,DK,55.990101,8.35391
EKYT,Aalborg Airport,DK,57.094763,9.84993
ELLX,Luxembourg-Findel International Airport,LU,49.626845,6.212134
ENAL,Ålesund Airport,NO,62.560443,6.110845
ENAN,"Andøya Airport, Andenes",NO,69.295193,16.139379
ENAT,Alta Airport,NO,69.976097,23.3717
ENBN,"Brønnøysund Airport, Brønnøy",NO,65.461098,12.2175
ENBO,Bodø Airport,NO,67.269203,14.3653
ENBR,"Bergen Airport, Flesland",NO,60.2934,5.21814
ENBS,Båtsfjord Airport,NO,70.60025,29.692612
ENBV,Berlevåg Airport,NO,70.871517,29.034097
ENCN,Kristiansand Airport,NO,58.204201,8.08537
ENDU,Bardufoss Airport,NO,69.055801,18.5404
ENEV,Harstad/Narvik Airport,NO,68.491302,16.678101
ENFL,Florø Airport,NO,61.583599090576,5.0247201919556
ENGM,Oslo-Gardermoen International Airport,NO,60.193901,11.1004
ENHD,"Haugesund Airport, Karmøy",NO,59.345299,5.20836
ENHF,Hammerfest Airport,NO,70.679703,23.6686
ENHV,"Honningsvåg Airport, Valan",NO,71.009697,25.983601
ENKB,"Kristiansund Airport, Kvernberget",NO,63.111801,7.82452
ENKR,"Kirkenes Airport, Høybuktmoen",NO,69.7258,29.8913
ENLK,Leknes Airport,NO,68.152496337891,13.609399795532
ENMH,Mehamn Airport,NO,71.029701,27.8267
ENML,"Molde Airport, Årø",NO,62.744701,7.2625
ENMS,"Mosjøen Airport, Kjærstad",NO,65.783997,13.2149
ENNA,"Lakselv Airport, Banak",NO,70.068802,24.973499
ENNO,Notodden Airport,NO,59.565071,9.213152
ENOL,Ørland Airport,NO,63.69889831542969,9.604000091552734
ENOV,"Ørsta-Volda Airport, Hovden",NO,62.180000305176,6.0741000175476
ENRA,"Mo i Rana Airport, Røssvoll",NO,66.363899230957,14.301400184631
ENRM,"Rørvik Airport, Ryum",NO,64.838302612305,11.14610004425
ENRO,Røros Airport,NO,62.578399658203,11.342300415039
ENRY,"Moss Airport, Rygge",NO,59.378817,10.785439
ENSB,"Svalbard Airport, Longyear",NO,78.246101,15.4656
ENSH,"Svolvær Airport, Helle",NO,68.243301,14.6692
ENSK,"Stokmarknes Airport, Skagen",NO,68.578827,15.033417
ENSN,Skien Airport,NO,59.185001,9.56694
ENSO,"Stord Airport, Sørstokken",NO,59.791901,5.34085
ENSR,Sørkjosen Airport,NO,69.786797,20.9594
ENSS,"Vardø Airport, Svartnes",NO,70.3554,31.044901
ENST,"Sandnessjøen Airport, Stokka",NO,65.956802,12.4689
ENTC,Tromsø Airport,NO,69.683296,18.9189
ENTO,"Sandefjord Airport, Torp",NO,59.186699,10.2586
ENVA,"Trondheim Airport, Værnes",NO,63.457802,10.924
ENVD,Vadsø Airport,NO,70.0653,29.8447
ENZV,"Stavanger Airport, Sola",NO,58.876701,5.63778
EPBY,Ignacy Jan Paderewski Bydgoszcz Airport,PL,53.096802,17.977699
EPCE,Cewice Naval Air Base,PL,54.416525,17.765734
EPDE,Deblin Military Air Base,PL,51.551021,21.892322
EPGD,Gdańsk Lech Wałęsa Airport,PL,54.377602,18.4662
EPIR,Inowroclaw Military Air Base,PL,52.829399,18.330601
EPKK,Kraków John Paul II International Airport,PL,50.077702,19.7848
EPKS,Krzesiny Military Air Base,PL,52.331699,16.9664
EPKT,Katowice Wojciech Korfanty International Airport,PL,50.476015,19.080705
EPLB,Lublin Airport,PL,51.240157,22.713461
EPLK,Łask Air Base,PL,51.551701,19.1791
EPLL,Łódź Władysław Reymont Airport,PL,51.721901,19.3981
EPLY,Leźnica Wielka Air Base,PL,52.004945,19.143792
EPMB,Malbork Królewo Air Base,PL,54.026598,19.135718
EPMI,Miroslawiec Military Air Base,PL,53.3951,16.0828
EPMM,Minsk Mazowiecki Military Air Base,PL,52.1954994202,21.6558990479
EPMO,Warsaw Modlin Airport,PL,52.451099,20.6518
EPPO,Poznań-Ławica Airport,PL,52.421598,16.823359
EPPW,Powidz Military Air Base,PL,52.380087,17.853155
EPRA,Warsaw Radom Airport,PL,51.38937,21.214742
EPRZ,Rzeszów-Jasionka Airport,PL,50.109791,22.024155
EPSC,Solidarity Szczecin–Goleniów Airport,PL,53.584702,14.9022
EPSN,Swidwin Military Air Base,PL,53.7906,15.8263
EPSY,Olsztyn-Mazury Airport,PL,53.481899,20.9377
EPTM,Tomaszów Mazowiecki Military Air Base,PL,51.5844,20.097799
EPWA,Warsaw Chopin Airport,PL,52.165699,20.9671
EPWR,Copernicus Wrocław Airport,PL,51.103719,16.882096
EPZG,Zielona Góra-Babimost Airport,PL,52.1385,15.7986
ES-0109,Folgueroles Airfield,ES,41.9527,2.3072
ESCF,Malmen Air Base,SE,58.397666,15.522422
ESDF,Ronneby Airport,SE,56.266701,15.265
ESFR,Råda Air Base,SE,58.4981,13.0532
ESGG,Göteborg Landvetter Airport,SE,57.6628,12.2798
ESGJ,Jönköping Airport,SE,57.757598876953125,14.068699836730957
ESGP,Säve Airport,SE,57.7747,11.8704
ESGR,Skövde Airport,SE,58.456402,13.9727
ESGT,Trollhättan-Vänersborg Airport,SE,58.31809997558594,12.345000267028809
ESIB,Såtenäs Air Base,SE,58.426399,12.7144
ESKK,Karlskoga Airport,SE,59.345901,14.4959
ESKM,Mora Airport,SE,60.957901,14.5114
ESKN,Stockholm Skavsta Airport,SE,58.789656,16.911479
ESKS,Scandinavian Mountains Airport,SE,61.16508,12.83352
ESMK,Kristianstad Airport,SE,55.9217,14.0855
ESMQ,Kalmar Airport,SE,56.685501,16.2876
ESMS,Malmö Sturup Airport,SE,55.535564,13.376327
ESMT,Halmstad Airport,SE,56.69110107421875,12.820199966430664
ESMX,Växjö Kronoberg Airport,SE,56.929100036621094,14.727999687194824
ESNG,Gällivare Airport,SE,67.13240051269531,20.814599990844727
ESNK,Kramfors-Sollefteå Höga Kusten Airport,SE,63.048599,17.7689
ESNL,Lycksele Airport,SE,64.548302,18.7162
ESNN,Sundsvall-Härnösand Airport,SE,62.528099060058594,17.443899154663086
ESNO,Örnsköldsvik Airport,SE,63.40829849243164,18.989999771118164
ESNQ,Kiruna Airport,SE,67.821999,20.3368
ESNS,Skellefteå Airport,SE,64.62480163574219,21.076900482177734
ESNU,Umeå Airport,SE,63.791801,20.282801
ESNV,Vilhelmina South Lapland Airport,SE,64.579102,16.833599
ESNX,Arvidsjaur Airport,SE,65.59030151367188,19.28190040588379
ESNY,Söderhamn Airport,SE,61.261501,17.0991
ESNZ,Åre Östersund Airport,SE,63.193546,14.504168
ESOE,Örebro Airport,SE,59.22370147705078,15.038000106811523
ESOK,Karlstad Airport,SE,59.444698,13.3374
ESOW,Stockholm Västerås Airport,SE,59.589401,16.6336
ESPA,Luleå Airport,SE,65.5438,22.122
ESSA,Stockholm-Arlanda Airport,SE,59.64849,17.928829
ESSB,Stockholm-Bromma Airport,SE,59.354401,17.9417
ESSD,Dala Airport,SE,60.422001,15.5152
ESSL,Linköping City Airport,SE,58.404909,15.684499
ESSP,Norrköping Airport,SE,58.586299896240234,16.250600814819336
ESST,Torsby Airport,SE,60.1576,12.9913
ESSU,Eskilstuna Airport,SE,59.351101,16.708401
ESSV,Visby Airport,SE,57.6628,18.346201
ESTA,Ängelholm-Helsingborg Airport,SE,56.29610061645508,12.847100257873535
ESTL,Ljungbyhed Airfield,SE,56.082802,13.2125
ESUD,Storuman Airport,SE,64.960899,17.6966
ETAD,Spangdahlem Air Base,DE,49.976507,6.698413
ETAR,Ramstein Air Base,DE,49.436901,7.60028
ETHB,Bückeburg Air Base,DE,52.2785,9.08217
ETHC,Celle Army Airfield,DE,52.591202,10.0221
ETHF,Fritzlar Army Airfield,DE,51.1146,9.286
ETHL,Laupheim Air Base,DE,48.220299,9.91002
ETHN,Niederstetten Army Air Base,DE,49.39162,9.956747
ETHS,Faßberg Air Base,DE,52.919399,10.185827
ETIC,Grafenwöhr Army Air Field,DE,49.6987,11.9402
ETIH,Hohenfels Army Airfield,DE,49.216541,11.836064
ETMN,Sea-Airport Cuxhaven/Nordholz / Nordholz Naval Airbase,DE,53.767689,8.659201
ETND,Diepholz Air Base,DE,52.585556,8.342222
ETNG,Geilenkirchen Air Base,DE,50.9608,6.04242
ETNH,Hohn Air Base,DE,54.312199,9.53817
ETNL,Rostock-Laage Airport,DE,53.918201,12.2783
ETNN,Nörvenich Air Base,DE,50.8312,6.65817
ETNS,Schleswig Air Base,DE,54.459301,9.51633
ETNT,Wittmundhafen Air Base,DE,53.547798,7.66733
ETNW,Wunstorf Air Base,DE,52.457298,9.42717
ETOU,Wiesbaden Army Airfield,DE,50.049800872802734,8.325400352478027
ETSB,Büchel Air Base,DE,50.173801,7.06333
ETSH,Holzdorf Air Base,DE,51.767799,13.1677
ETSI,Ingolstadt Manching Airport,DE,48.7156982421875,11.534000396728516
ETSL,Lechfeld Air Base,DE,48.185504,10.8612
ETSN,Neuburg Air Base,DE,48.710999,11.2115
EVKA,Jēkabpils Air Base,LV,56.534698,25.8925
EVLA,Liepāja International Airport,LV,56.517502,21.096901
EVRA,Riga International Airport,LV,56.920752,23.970711
EVJA,Jūrmala Airport,LV,56.9422,23.2239
EYKA,Kaunas International Airport,LT,54.963965,24.08582
EYKD,Kėdainiai Air Base,LT,55.31169891357422,23.95639991760254
EYPA,Palanga International Airport,LT,55.973202,21.093901
EYPP,Panevėžys Air Base,LT,55.729400634765625,24.460800170898438
EYSA,Šiauliai International Airport,LT,55.89390182495117,23.395000457763672
EYSB,Barysiai Airfield,LT,56.070599,23.5581
EYVI,Vilnius International Airport,LT,54.634102,25.285801
FAAB,Alexander Bay Airport,ZA,-28.575001,16.5333
FAAG,Aggeneys Airport,ZA,-29.281799,18.8139
FABE,Bisho Airport,ZA,-32.897099,27.2791
FABL,Bram Fischer International Airport,ZA,-29.092699,26.302401
FABR,Barberton Airport,ZA,-25.717147,30.974974
FACT,Cape Town International Airport,ZA,-33.97403,18.604333
FAEL,King Phalo Airport,ZA,-33.035599,27.825899
FAEO,Ermelo Airport,ZA,-26.4956,29.979799
FAFB,Ficksburg Sentraoes Airport,ZA,-28.82309913635254,27.908899307250977
FAGC,Grand Central Airport,ZA,-25.986299514799995,28.1401004791
FAGG,George Airport,ZA,-34.0056,22.378902
FAGM,Rand Airport,ZA,-26.2425,28.151199
FAHR,Harrismith Airport,ZA,-28.2351,29.106199
FAHS,Eastgate Airport / Air Force Base Hoedspruit,ZA,-24.361864,31.052921
FAKD,P C Pelser Airport,ZA,-26.871099,26.718
FAKM,Kimberley Airport,ZA,-28.805401,24.764872
FAKN,Kruger Mpumalanga International Airport,ZA,-25.383327,31.105325
FAKU,Johan Pienaar Airport,ZA,-27.456596,23.411946
FAKZ,Kleinsee Airport,ZA,-29.6884002686,17.093999862700002
FALA,Lanseria International Airport,ZA,-25.938964,27.926642
FALC,Lime Acres Finsch Mine Airport,ZA,-28.36009979248047,23.43910026550293
FALE,King Shaka International Airport,ZA,-29.6144444444,31.1197222222
FALW,Langebaanweg Airport,ZA,-32.968898773199996,18.1602993011
FALY,Ladysmith Airport,ZA,-28.5816993713,29.749700546299998
FAMD,Malamala Airport,ZA,-24.816866,31.544085
FAMG,Margate Airport,ZA,-30.8574008942,30.343000412
FAMM,Mmabatho International Airport,ZA,-25.798400878900004,25.548000335699996
FAMS,Morningside Farm Airport,ZA,-25.7045001984,26.9090003967
FAMU,Mkuze Airport,ZA,-27.626101,32.0443
FANC,Newcastle Airport,ZA,-27.7705993652,29.976900100699996
FAOH,Oudtshoorn Airport,ZA,-33.6069984436,22.188999176
FAOR,O.R. Tambo International Airport,ZA,-26.140081,28.246801
FAPE,Chief Dawid Stuurman International Airport,ZA,-33.989715,25.617353
FAPG,Plettenberg Bay Airport,ZA,-34.08816,23.328723
FAPH,Hendrik Van Eck Airport,ZA,-23.937200546299998,31.1553993225
FAPI,Pietersburg Municipal Airport,ZA,-23.9261,29.4844
FAPJ,Port St Johns Airport,ZA,-31.60612,29.52175
FAPM,Pietermaritzburg Airport,ZA,-29.649000167799997,30.3987007141
FAPN,Pilanesberg International Airport,ZA,-25.333799,27.173401
FAPP,Polokwane International Airport,ZA,-23.845269,29.458615
FAPS,Potchefstroom Airport,ZA,-26.670999527,27.0818996429
FAQT,Queenstown Airport,ZA,-31.92020034790039,26.882200241088867
FARB,Richards Bay Airport,ZA,-28.740999221800003,32.0920982361
FARG,Rustenburg Airport,ZA,-25.6443,27.271099
FARS,Robertson Airport,ZA,-33.812199,19.9028
FASB,Springbok Airport,ZA,-29.689300537109375,17.939599990844727
FASC,Secunda Airport,ZA,-26.52409935,29.170099258399997
FASD,Saldanha/Vredenburg Airport,ZA,-32.9641,17.969299
FASK,Swartkop Air Force Base,ZA,-25.8097,28.1646
FASS,Sishen Airport,ZA,-27.6486,22.9993
FASZ,Skukuza Airport,ZA,-24.96085,31.588587
FATZ,Tzaneen Airport,ZA,-23.8244,30.3293
FAUL,Prince Mangosuthu Buthelezi Airport,ZA,-28.3206005096,31.4165000916
FAUP,Upington Airport,ZA,-28.400246,21.263592
FAUT,K. D. Matanzima Airport,ZA,-31.546363184900002,28.6733551025
FAVB,Vryburg Airport,ZA,-26.982401,24.7288
FAVG,Virginia Airport,ZA,-29.770599,31.058399
FAVR,Vredendal Airport,ZA,-31.641000747680664,18.5447998046875
FAVV,Vereeniging Airport,ZA,-26.566401,27.9608
FAWB,Wonderboom Airport,ZA,-25.6539,28.224199
FAWK,Waterkloof Air Force Base,ZA,-25.829999923699997,28.222499847399998
FAYP,Ysterplaat Air Force Base,ZA,-33.9002,18.498301
FBPM,Phillip Gaonwe Matante International Airport,BW,-21.159183,27.468826
FBJW,Jwaneng Airport,BW,-24.602301,24.691
FBKE,Kasane International Airport,BW,-17.831653,25.166195
FBMN,Maun International Airport,BW,-19.970491,23.431409
FBSK,Sir Seretse Khama International Airport,BW,-24.555201,25.9182
FBSN,Sua Pan Airport,BW,-20.5534,26.115801
FBSP,Selebi Phikwe Airport,BW,-22.0583,27.8288
FCBB,Maya-Maya International Airport,CG,-4.2517,15.253
FCOD,Oyo Ollombo Airport,CG,-1.226666,15.91
FCOO,Owando Airport,CG,-0.524566,15.93782
FCOU,Ouesso Airport,CG,1.61599,16.037901
FCPD,Ngot Nzoungou Airport,CG,-4.20635,12.6599
FCPP,Antonio Agostinho-Neto International Airport,CG,-4.81603,11.8866
FDMS,Matsapha International Airport,SZ,-26.528919,31.307577
FDSK,King Mswati III International Airport,SZ,-26.358611,31.716944
FEFF,Bangui M'Poko International Airport,CF,4.39848,18.518801
FEFT,Berbérati Airport,CF,4.2215800285339355,15.786399841308594
FGBT,Bata International Airport,GQ,1.90547,9.80568
FGMY,President Obiang Nguema International Airport,GQ,1.676437,11.024904
FGSL,Malabo International Airport,GQ,3.75527,8.70872
FHAW,RAF Ascension Island,SH,-7.970179,-14.392744
FHSH,Saint Helena International Airport,SH,-15.958898,-5.646066
FIMP,Sir Seewoosagur Ramgoolam International Airport,MU,-20.430201,57.683601
FIMR,Sir Charles Gaetan Duval Airport,MU,-19.756696,63.359326
FJDG,Naval Support Facility Diego Garcia,IO,-7.31327,72.411102
FKKC,Tiko Airport,CM,4.08919000626,9.360529899600001
FKKD,Douala International Airport,CM,4.00608,9.71948
FKKL,Salak Airport,CM,10.451399803161621,14.257399559020996
FKKM,Foumban Nkounja Airport,CM,5.63692,10.7508
FKKN,N'Gaoundéré Airport,CM,7.3570098876953125,13.559200286865234
FKKR,Garoua International Airport,CM,9.334785,13.372129
FKKU,Bafoussam Airport,CM,5.536920070650001,10.354599952700001
FKKV,Bamenda Airport,CM,6.03924,10.1226
FKKY,Yaoundé Ville Airport,CM,3.83604,11.5235
FKYS,Yaoundé Nsimalen International Airport,CM,3.72256,11.5533
FLKE,Kasompe Airport,ZM,-12.5728,27.8939
FLLC,Lusaka City Airport,ZM,-15.4138,28.3307
FLHN,Harry Mwanga Nkumbula International Airport,ZM,-17.821524,25.819642
FLKK,Kenneth Kaunda International Airport,ZM,-15.330833,28.452722
FLMF,Mfuwe International Airport,ZM,-13.2589,31.9366
FLMG,Mongu Airport,ZM,-15.2545,23.1623
FLND,Peter Zuze Air Force Base,ZM,-12.997222,28.663889
FLSK,Simon Mwansa Kapwepwe International Airport,ZM,-12.96513,28.515624
FLSO,Southdowns Airport,ZM,-12.9005,28.1499
FMCH,Prince Said Ibrahim International Airport,KM,-11.5337,43.2719
FMCI,Mohéli Bandar Es Eslam Airport,KM,-12.298096,43.766496
FMCV,Ouani Airport,KM,-12.131047,44.430044
FMCZ,Dzaoudzi Pamandzi International Airport,YT,-12.809319,45.281815
FMEE,Roland Garros Airport,RE,-20.890087,55.518894
FMEP,Saint-Pierre Pierrefonds Airport,RE,-21.319362,55.422506
FMMI,Ivato International Airport,MG,-18.7969,47.478802
FMMN,Miandrivazo Airport,MG,-19.562799,45.450802
FMMS,Sainte Marie Airport,MG,-17.093901,49.8158
FMMT,Toamasina Ambalamanasy Airport,MG,-18.113537,49.392262
FMMV,Morondava Airport,MG,-20.2847,44.3176
FMNA,Arrachart Airport,MG,-12.3494,49.291698
FMNC,Mananara Nord Airport,MG,-16.1639,49.7738
FMND,Andapa Airport,MG,-14.651700019836426,49.620601654052734
FMNH,Antsirabe Airport,MG,-14.9994,50.320202
FMNL,Analalava Airport,MG,-14.629514,47.763555
FMNM,Amborovy Airport,MG,-15.666842,46.351233
FMNN,Nosy Be International Airport,MG,-13.3121,48.3148
FMNQ,Besalampy Airport,MG,-16.74453,44.482484
FMNR,Maroantsetra Airport,MG,-15.437742,49.689081
FMNS,Sambava Airport,MG,-14.2786,50.174702
FMNV,Vohemar Airport,MG,-13.3758,50.0028
FMNW,Ambalabe Airport,MG,-14.8988,47.9939
FMSD,Tôlanaro Airport,MG,-25.038099,46.9561
FMSF,Fianarantsoa Airport,MG,-21.441601,47.111698
FMSK,Manakara Airport,MG,-22.119699,48.021702
FMSM,Mananjary Airport,MG,-21.201799,48.358299
FMSR,Morombe Airport,MG,-21.753837,43.374753
FMST,Toliara Airport,MG,-23.3834,43.7285
FNBC,Mbanza Congo Airport,AO,-6.269899845123291,14.246999740600586
FNBG,Benguela Airport,AO,-12.609,13.4037
FNBJ,Dr. Antonio Agostinho Neto International Airport,AO,-9.050734,13.499078
FNCA,Cabinda Airport,AO,-5.59839,12.188145
FNCT,Catumbela Airport,AO,-12.4792,13.4869
FNDU,Dundo Airport,AO,-7.400889873504639,20.818500518798828
FNGI,Ngjiva Pereira Airport,AO,-17.0435009003,15.683799743700002
FNHU,Albano Machado Airport,AO,-12.8089,15.7605
FNKU,Kuito Airport,AO,-12.404600143433,16.947399139404
FNLU,Quatro de Fevereiro International Airport,AO,-8.85837,13.2312
FNMA,Malanje Airport,AO,-9.525090217590332,16.312400817871094
FNME,Menongue Airport,AO,-14.657600402832031,17.71980094909668
FNMO,Welwitschia Mirabilis International Airport,AO,-15.2612,12.1468
FNNG,Negage Airport,AO,-7.754509925842285,15.287699699401855
FNPA,Porto Amboim Airport,AO,-10.722,13.7655
FNSA,Saurimo Airport,AO,-9.68907,20.4319
FNSO,Soyo Airport,AO,-6.141089916229248,12.371800422668457
FNSU,Sumbe Airport,AO,-11.1679,13.8475
FNUB,Lubango Mukanka International Airport,AO,-14.924839,13.576653
FNUE,Luena Airport,AO,-11.7681,19.897699
FNUG,Uige Airport,AO,-7.60307,15.0278
FNXA,Xangongo Airport,AO,-16.755399703979492,14.965299606323242
FOGK,Koulamoutou Mabimbi Airport,GA,-1.18461,12.4413
FOGM,Mouilla Ville Airport,GA,-1.84514,11.0567
FOGO,Oyem Airport,GA,1.5431100130081177,11.581399917602539
FOGQ,Okondja Airport,GA,-0.665214,13.6731
FOGR,Lambarene Airport,GA,-0.704389,10.2457
FOOB,Bitam Airport,GA,2.07564,11.4932
FOOG,Port Gentil International Airport,GA,-0.711739,8.75438
FOOH,Omboue Hospital Airport,GA,-1.57473,9.26269
FOOK,Makokou Airport,GA,0.5792109966278076,12.890899658203125
FOOL,Libreville Leon M'ba International Airport,GA,0.458951,9.41214
FOON,M'Vengue El Hadj Omar Bongo Ondimba International Airport,GA,-1.65616,13.438
FPPR,Principe Airport,ST,1.661155,7.411081
FPST,São Tomé International Airport,ST,0.378175,6.71215
FQBR,Beira International Airport,MZ,-19.7964,34.9076
FQCH,Chimoio Airport,MZ,-19.15130043029785,33.42900085449219
FQIN,Inhambane Airport,MZ,-23.8764,35.408501
FQLC,Lichinga Airport,MZ,-13.274,35.2663
FQMA,Maputo Airport,MZ,-25.920799,32.572601
FQMD,Mueda Airport,MZ,-11.6729,39.563099
FQMP,Mocímboa da Praia Airport,MZ,-11.3618,40.3549
FQNC,Nacala International Airport,MZ,-14.4882,40.7122
FQNP,Nampula Airport,MZ,-15.1056,39.281799
FQPB,Pemba Airport,MZ,-12.993302,40.524867
FQQL,Quelimane Airport,MZ,-17.855499267578125,36.86909866333008
FQTT,Tete Airport,MZ,-16.104799,33.640202
FQVL,Vilankulo Airport,MZ,-22.018400192260742,35.31330108642578
FSIA,Seychelles International Airport,SC,-4.67434,55.521801
FSPP,Praslin Island Airport,SC,-4.319256,55.691561
FTFY,Ouadi Doum Air Base,TD,18.52793,20.188644
FTTC,Abeche Airport,TD,13.847,20.844299
FTTD,Moundou Airport,TD,8.628503,16.074241
FTTJ,N'Djamena International Airport,TD,12.1337,15.034
FTTY,Faya-Largeau Airport,TD,17.917101,19.111099
FVJN,Joshua Mqabuko Nkomo International Airport,ZW,-20.016284,28.622897
FVCZ,Buffalo Range Airport,ZW,-21.008101,31.5786
FVFA,Victoria Falls International Airport,ZW,-18.097437,25.836867
FVRG,Robert Gabriel Mugabe International Airport,ZW,-17.931801,31.0928
FVKB,Kariba Airport,ZW,-16.5198,28.885
FVMT,Mutoko Airport,ZW,-17.4319,32.184502
FVMV,Masvingo International Airport,ZW,-20.0553,30.8591
FVTL,Josiah Tungamirai Air Force Base,ZW,-19.436718,29.861945
FVWN,Hwange National Park Airport,ZW,-18.6299,27.021
FWCL,Chileka International Airport,MW,-15.677189,34.972319
FWDW,Dwangwa Airport,MW,-12.517527,34.131877
FWKA,Karonga Airport,MW,-9.953571,33.893264
FWKI,Kamuzu International Airport,MW,-13.7894,33.780998
FWUU,Mzuzu Airport,MW,-11.4447,34.011799
FXMM,Moshoeshoe I International Airport,LS,-29.456277,27.554456
FYAR,Arandis Airport,NA,-22.461875,14.979322
FYGF,Grootfontein Airport,NA,-19.6022,18.1227
FYKM,Katima Mulilo Airport,NA,-17.634258,24.176688
FYKT,Keetmanshoop Airport,NA,-26.539801,18.111401
FYLZ,Luderitz Airport,NA,-26.687400817871094,15.242899894714355
FYML,Mariental Airport,NA,-24.6054,17.9254
FYOA,Ondangwa Airport,NA,-17.878201,15.9526
FYOG,Oranjemund Airport,NA,-28.585318,16.44638
FYRU,Rundu Airport,NA,-17.956499,19.7194
FYTF,Twyfelfontein Airport,NA,-20.54424,14.35879
FYTM,Tsumeb Airport,NA,-19.262079,17.732509
FYWB,Walvis Bay International Airport,NA,-22.979332,14.647102
FYWE,Eros Airport,NA,-22.60492,17.079002
FYWH,Hosea Kutako International Airport,NA,-22.4799,17.4709
FZAA,Ndjili International Airport,CD,-4.38575,15.4446
FZAB,Ndolo Airport,CD,-4.32666015625,15.327500343323
FZBO,Bandundu Airport,CD,-3.31132,17.381701
FZCA,Kikwit Airport,CD,-5.03577,18.785601
FZEA,Mbandaka Airport,CD,0.0226000007242,18.2887001038
FZFD,Gbadolite Airport,CD,4.252745,20.975271
FZFK,Gemena Airport,CD,3.23537,19.771299
FZGA,Lisala Airport,CD,2.17066,21.496901
FZIC,Bangoka International Airport,CD,0.481639,25.337999
FZJH,Matari Airport,CD,2.82761,27.588301
FZKA,Bunia Airport,CD,1.565743,30.220685
FZKJ,Buta Zega Airport,CD,2.818058,24.793997
FZMA,Bukavu Kavumu Airport,CD,-2.30898,28.8088
FZNA,Goma International Airport,CD,-1.666758,29.238037
FZOA,Kindu Airport,CD,-2.91917991638,25.915399551399997
FZQA,Lubumbashi International Airport,CD,-11.591494,27.530753
FZQM,Kolwezi Airport,CD,-10.7659,25.505699
FZRF,Kalemie Airport,CD,-5.87556,29.25
FZSA,Kamina Air Base,CD,-8.64202,25.252899
FZUA,Kananga Airport,CD,-5.90005,22.4692
FZWA,Mbuji Mayi Airport,CD,-6.121240139010001,23.569000244099996
GABS,Modibo Keita International Airport,ML,12.5335,-7.94994
GAGO,Gao International Airport,ML,16.248466,-0.005389
GAKD,Kayes Dag Dag Airport,ML,14.482521,-11.399335
GAMB,Mopti Airport,ML,14.5128,-4.07956
GATB,Tombouktou Airport,ML,16.730499,-3.00758
GBYD,Banjul International Airport,GM,13.338,-16.652201
GCFV,Fuerteventura Airport,ES,28.4527,-13.8638
GCHI,El Hierro Airport,ES,27.8148,-17.8871
GCLA,La Palma Airport,ES,28.626499,-17.7556
GCLP,Gran Canaria Airport,ES,27.9319,-15.3866
GCRR,César Manrique-Lanzarote Airport,ES,28.945499,-13.6052
GCTS,Tenerife Sur Airport,ES,28.0445,-16.5725
GCXO,Tenerife Norte-Ciudad de La Laguna Airport,ES,28.482752,-16.341707
GE-0007,Ozurgeti Air Base,GE,41.9291,41.863499
GE-0010,Senaki Air Base,GE,42.2403057198,42.0454931259
GEML,Melilla Airport,ES,35.2798,-2.95626
GFBO,Bo Airport,SL,7.9444,-11.761
GFKE,Kenema Airport,SL,7.896364,-11.174126
GFLL,Lungi International Airport,SL,8.61644,-13.1955
GFYE,Yengema Airport,SL,8.61047,-11.0454
GGOV,Osvaldo Vieira International Airport,GW,11.894262,-15.653596
BGQO,Qaqortoq Airport,GL,60.76383,-46.065001
GLGE,Greenville/Sinoe Airport,LR,5.032124,-9.064236
GLMR,Spriggs Payne Airport,LR,6.28906,-10.7587
GLRB,Roberts International Airport,LR,6.23379,-10.3623
GMAD,Al Massira Airport,MA,30.322478,-9.412003
GMAT,Tan Tan Airport,MA,28.447563,-11.161749
GMAZ,Zagora Airport,MA,30.265788,-5.860808
GMFB,Bouarfa Airport,MA,32.514306,-1.983056
GMFF,Fes Saïss International Airport,MA,33.927299,-4.97796
GMFK,Moulay Ali Cherif Airport,MA,31.9475002289,-4.39833021164
GMFM,Bassatine Airport,MA,33.879101,-5.51512
GMFO,Oujda Angads Airport,MA,34.789558,-1.926041
GMMA,Smara Airport,EH,26.731987,-11.683655
GMMD,Beni Mellal Airport,MA,32.401895,-6.315905
GMME,Rabat-Salé Airport,MA,34.051498,-6.75152
GMMH,Dakhla Airport,EH,23.7183,-15.932
GMMI,Essaouira-Mogador Airport,MA,31.397499,-9.68167
GMML,Laayoune Hassan I International Airport,EH,27.142467,-13.224947
GMMN,Mohammed V International Airport,MA,33.3675,-7.58997
GMMW,Nador Al Aaroui International Airport,MA,34.9888,-3.02821
GMMX,Marrakesh Menara Airport,MA,31.604807,-8.035788
GMMP,Kenitra Air Base,MA,34.298901,-6.59588
GMMZ,Ouarzazate International Airport,MA,30.9391,-6.90943
GMTA,Cherif Al Idrissi Airport,MA,35.177101,-3.83952
GMTN,Sania Ramel Airport,MA,35.594299,-5.32002
GMTT,Tangier Ibn Battuta Airport,MA,35.731741,-5.921459
GOBD,Blaise Diagne International Airport,SN,14.670878,-17.072829
GOGG,Ziguinchor Airport,SN,12.55559,-16.283298
GOGS,Cap Skirring Airport,SN,12.39533,-16.748
GOOK,Kaolack Airport,SN,14.146900177001953,-16.051300048828125
GOOY,Léopold Sédar Senghor International Airport,SN,14.742337,-17.479222
GOSM,Ouro Sogui Airport,SN,15.5936,-13.3228
GOSS,Saint Louis Airport,SN,16.049814,-16.461039
GOTB,Bakel Airport,SN,14.847299575805664,-12.468299865722656
GOTK,Kédougou Airport,SN,12.57229995727539,-12.22029972076416
GOTT,Tambacounda Airport,SN,13.7368,-13.6531
GQNO,Nouakchott–Oumtounsy International Airport,MR,18.31,-15.969722
GQPA,Atar International Airport,MR,20.505823,-13.043744
GQPP,Nouadhibou International Airport,MR,20.932404,-17.030199
GQPZ,Tazadit Airport,MR,22.757345,-12.482228
LGTL,(*)Kasteli Hellenic Air Force Base,GR,35.191341,25.326588
GUCY,Ahmed Sékou Touré International Airport,GN,9.57689,-13.612
GVAC,Amílcar Cabral International Airport,CV,16.7414,-22.9494
GVBA,Aristides Pereira International Airport,CV,16.136499,-22.888901
GVMA,Maio Airport,CV,15.155900001525879,-23.213699340820312
GVNP,Nelson Mandela International Airport,CV,14.941126,-23.484728
GVSN,Preguiça Airport,CV,16.588852,-24.284132
GVSV,Cesaria Evora International Airport,CV,16.833363,-25.055308
HAAB,Addis Ababa Bole International Airport,ET,8.97789,38.799301
HAAM,Arba Minch Airport,ET,6.03939,37.5905
HAAX,Axum Airport,ET,14.1468,38.7728
HABD,Bahir Dar Airport,ET,11.6081,37.321602
HADR,Aba Tenna Dejazmach Yilma International Airport,ET,9.623549,41.855027
HAGM,Gambela Airport,ET,8.12876,34.563099
HAGN,Gondar Airport,ET,12.5199,37.433998
HAGO,Gode Airport,ET,5.93513011932,43.5786018372
HAHM,Harar Meda Airport,ET,8.7163,39.0059
HAJJ,Gerad Wilwal International Airport,ET,9.331907,42.911811
HABC,Jinka Airport,ET,5.749655,36.560165
HAJM,Jimma Airport,ET,7.66609001159668,36.81660079956055
HAKD,Kebri Dahar Airport,ET,6.732577,44.241339
HALA,Hawassa International Airport,ET,7.100611,38.396455
HAMK,Mekele Alula Aba Nega Airport,ET,13.4674,39.533501
HASO,Asosa Airport,ET,10.018500328063965,34.586299896240234
HBBA,Bujumbura Melchior Ndadaye International Airport,BI,-3.32402,29.318501
HBBE,Gitega Airport,BI,-3.417209,29.911308
HCMF,Bender Qassim International Airport,SO,11.275235,49.139231
HCMH,Egal International Airport,SO,9.514082,44.083469
HCMI,Berbera Airport,SO,10.385035,44.936723
HCMK,Kismayo Airport,SO,-0.377353,42.459202
HCMM,Aden Adde International Airport,SO,2.01444,45.304699
HDAM,Djibouti-Ambouli Airport,DJ,11.5473,43.1595
HE16,Birma Air Base,EG,30.836599,30.936001
HE28,Gebel El Basur Air Base,EG,30.540501,30.5602
HE32,Al Mansurah Airbase,EG,30.9676,31.4342
HE35,Abu Suwayr Air Base,EG,30.57270050048828,32.095298767089844
HE36,Bardawil International Airport,EG,30.410714,33.15535
HE37,Bilbeis Air Base,EG,30.394899,31.6014
HE42,Quesna Airport,EG,30.579,31.1292
HEAL,El Alamein International Airport,EG,30.924324,28.46161
HEAR,El Arish International Airport,EG,31.055324,33.827964
HEAT,Asyut International Airport,EG,27.045962,31.01276
HEAZ,Almaza Air Force Base,EG,30.091702,31.359739
HEAX,Alexandria International Airport,EG,30.93249,29.696437
HEBL,Abu Simbel Airport,EG,22.375924,31.611734
HEBS,Bani Sweif Air Base,EG,29.20224,31.013471
HECA,Cairo International Airport,EG,30.111534,31.396694
HECP,Capital International Airport,EG,30.06465,31.839974
HECW,Cairo West Air Base,EG,30.116431,30.915535
HEGN,Hurghada International Airport,EG,27.176776,33.796692
HEGR,El Jora Airport,EG,31.078138,34.153131
HEGS,Jiyanklis Air Base,EG,30.819799,30.1912
HEIS,Al Ismailiyya Air Base,EG,30.597951,32.235689
HELX,Luxor International Airport,EG,25.671018,32.706446
HEMA,Marsa Alam International Airport,EG,25.555548,34.59245
HEMM,Mersa Matruh International Airport,EG,31.324313,27.22227
HEPS,Port Said International Airport,EG,31.279285,32.240582
HESC,Saint Catherine International Airport,EG,28.684292,34.064409
HESG,Suhaj International Airport,EG,26.342515,31.743017
HESH,Sharm El Sheikh International Airport,EG,27.977272,34.394717
HESN,Aswan International Airport,EG,23.961075,32.820382
HESX,Sphinx International Airport,EG,30.108179,30.895728
HETB,Taba International Airport,EG,29.594496,34.775752
HHAS,Asmara International Airport,ER,15.2919,38.910702
HHMS,Massawa International Airport,ER,15.67,39.370098
HHSB,Assab International Airport,ER,13.0718,42.645
HJJJ,Juba International Airport,SS,4.87201,31.601101
HKAM,Amboseli Airport,KE,-2.644786,37.252922
HKEL,Eldoret International Airport,KE,0.404458,35.238899
HKJK,Jomo Kenyatta International Airport,KE,-1.318886,36.928233
HKKI,Kisumu International Airport,KE,-0.086139,34.728901
HKKT,Kitale Airport,KE,0.971989,34.958599
HKLK,Lokichogio Airport,KE,4.20412,34.348202
HKLO,Lodwar Airport,KE,3.12197,35.6087
HKLU,Manda Airport,KE,-2.252431,40.912892
HKML,Malindi International Airport,KE,-3.22931,40.1017
HKMO,Moi International Airport,KE,-4.03483,39.5942
HKMS,Mara Serena Lodge Airstrip,KE,-1.404588,35.008349
HKNK,Nakuru Lanet Airport,KE,-0.298419,36.159193
HKNL,Nanyuki Civil Airport,KE,-0.062352,37.041296
HKNW,Nairobi Wilson Airport,KE,-1.32172,36.8148
HKNY,Laikipia Air Base,KE,0.029024,37.025196
HKRE,Moi Air Base,KE,-1.27727,36.862301
HKWJ,Wajir Airport,KE,1.73324,40.091599
HL56,Matan al-Sarra Air Base,LY,21.6877,21.8309
HLBU,Bombah Airport,LY,32.4529,23.118601
HL77,Okba Ibn Nafa Air Base,LY,32.473400116,11.897899627700001
HLGD,Sirt International Airport / Ghardabiya Airbase,LY,31.058578,16.597095
HLGT,Ghat Airport,LY,25.145599,10.1426
HLKF,Kufra Airport,LY,24.178699493408203,23.31399917602539
HLLB,Benina International Airport,LY,32.096802,20.269501
HLLM,Mitiga International Airport,LY,32.89177,13.287878
HLLQ,Al Abraq International Airport,LY,32.789036,21.954864
HLLS,Sabha Airport,LY,26.992452,14.466162
HLMB,Marsa al Brega Airport,LY,30.378099,19.576401
HLTD,Ghadames Airport,LY,30.145484,9.702095
LDZU,Udbina Airfield,HR,44.557598,15.7744
HRYG,Gisenyi Airport,RW,-1.6772,29.2589
HRYR,Kigali International Airport,RW,-1.96863,30.1395
HRZA,Kamembe Airport,RW,-2.462239980697632,28.907899856567383
HSDN,Dongola Airport,SD,19.153666,30.430069
HJPH,Paloich Airport,SS,10.529167,32.500556
HSFS,El Fasher Airport,SD,13.614899635314941,25.324600219726562
HSKA,Kassala Airport,SD,15.387499809265137,36.328800201416016
HSMN,Merowe Airport,SD,18.443333,31.843333
HSNN,Nyala Airport,SD,12.0535,24.9562
HSOB,El-Obeid Airport,SD,13.1532,30.2327
HSPN,Port Sudan New International Airport,SD,19.434558,37.234125
HSSG,Sabera Geneina Airport,SD,13.4774,22.53722
HSSK,Khartoum International Airport,SD,15.5895,32.5532
HSSM,Malakal International Airport,SS,9.558739,31.651937
HSWW,Wau Airport,SS,7.72583,27.975
HTAR,Arusha Airport,TZ,-3.3677899837493896,36.63330078125
HTDA,Julius Nyerere International Airport,TZ,-6.873499,39.207288
HTDO,Dodoma Airport,TZ,-6.170559,35.756036
HTGW,Songwe Airport,TZ,-8.919942,33.273981
HTIR,Iringa Airport,TZ,-7.66863,35.752102
HTKJ,Kilimanjaro International Airport,TZ,-3.427049,37.07353
HTLM,Lake Manyara Airport,TZ,-3.37631,35.818298
HTMT,Mtwara Airport,TZ,-10.336204,40.181997
HTMW,Mwanza International Airport,TZ,-2.446563,32.936049
HTPE,Pemba Airport,TZ,-5.25726,39.811401
HTTG,Tanga Airport,TZ,-5.09236,39.071201
HTZA,Abeid Amani Karume International Airport,TZ,-6.22202,39.224899
LHKA,Kalocsa-Foktő Airfield,HU,46.55149,18.942299
HUAR,Arua Airport,UG,3.049152,30.911714
HUEN,Entebbe International Airport,UG,0.042386,32.443501
HUGU,Gulu Airport,UG,2.8055601119995117,32.27180099487305
HUSO,Soroti Airport,UG,1.7276899814605713,33.622798919677734
HZU,Chengdu Huaizhou Airport,CN,30.677339,104.529397
IBL,Indigo Bay Lodge Airport,MZ,-21.708,35.452801
WARD,Dhoho International Airport,ID,-7.749527,111.946831
ID-0339,Old Nabire Airport,ID,-3.368586,135.496702
ID-0340,Tabing Airport,ID,-0.874989,100.351997
ID-0341,Susilo Airport,ID,0.063851,111.473572
WAYB,Bilorai Airport,ID,-3.739503,137.031183
VEAY,Maharshi Valmiki International Airport,IN,26.747736,82.163664
VAAM,Amravati  Airport,IN,20.814608,77.717765
VOSR,Sindhudurg Airport,IN,16.002552,73.529846
VANM,Navi Mumbai International Airport,IN,18.984597,73.065253
VOSH,Rashtrakavi Kuvempu Airport,IN,13.858024,75.618868
VEHO,Itanagar Donyi Polo Hollongi Airport,IN,26.96683,93.638792
IN-0369,Sant Gadge Baba Yavatmal Airport,IN,20.395781,78.216272
VIND,Noida International Airport,IN,28.179868,77.611843
VEAP,Maa Mahamaya Airport,IN,22.98753,83.19612
IQ-0016,H1 New Air Base,IQ,33.816262,41.436712
IQ-0017,H2 Air Base,IQ,33.36372375488281,40.5880241394043
IQ-0018,H3 Air Base,IQ,32.92938232421875,39.74510192871094
IQ-0020,H3 Northwest AFB,IQ,33.07456970214844,39.59961700439453
IQ-0021,H3 Southwest Air Base,IQ,32.74492645263672,39.59955596923828
ORJA,Jalibah Southeast Air Base,IQ,30.546518,46.602779
IQ-0030,Kut Al Hayy East Air Base,IQ,32.11684036254883,46.382240295410156
IQ-0034,Qalat Salih Air Base,IQ,31.456581115722656,47.289791107177734
IQ-0039,Rasheed Air Base,IQ,33.279327,44.493706
IQ-0040,Ruwayshid Air Base,IQ,32.40611267089844,39.12361145019531
IQ-0042,Sahl Sinjar Air Base,IQ,35.8592643737793,42.14213943481445
IQ-0045,Samarra East Air Base / Dhuluiya Airport,IQ,34.16554,44.264304
IQ-0051,Tal Ashtah New Air Base,IQ,35.139721,44.133888
IQ-0054,Tuz Khurmatu Air Base,IQ,34.93722152709961,44.4827766418457
IR-0161,Oghab 44 Airbase,IR,28.04816,55.521791
OJKF,King Feisal Air Base,JO,30.3435,36.147701
KBVU,Boulder City Municipal Airport,US,35.947161,-114.858799
K67L,Mesquite Airport,US,36.833105,-114.055928
K76F,Van Zandt County Regional Airport,US,32.681499,-95.9841
K79J,South Alabama Regional At Bill Benton Field Airport,US,31.3088,-86.393799
KABE,Lehigh Valley International Airport,US,40.651773,-75.442797
KABI,Abilene Regional Airport,US,32.4113006592,-99.68190002440001
KABQ,Albuquerque International Sunport,US,35.039976,-106.608925
KABR,Aberdeen Regional Airport,US,45.449100494384766,-98.42179870605469
KABY,Southwest Georgia Regional Airport,US,31.532946,-84.196215
KACK,Nantucket Memorial Airport,US,41.25310135,-70.06020355
KACT,Waco Regional Airport,US,31.611299514770508,-97.23049926757812
KACV,California Redwood Coast-Humboldt County Airport,US,40.978101,-124.109
KACY,Atlantic City International Airport,US,39.456201,-74.577511
KADH,Ada Regional Airport,US,34.805214,-96.671988
KADW,Joint Base Andrews,US,38.810799,-76.866997
KAEG,Double Eagle II Airport,US,35.145199,-106.794998
KAEX,Alexandria International Airport,US,31.325828,-92.546702
KAFW,Perot Field/Fort Worth Alliance Airport,US,32.99044,-97.31947
KAGC,Allegheny County Airport,US,40.354401,-79.930199
KAGS,Augusta Regional At Bush Field,US,33.3699,-81.9645
KAHN,Athens Ben Epps Airport,US,33.948842,-83.325634
KAIA,Alliance Municipal Airport,US,42.052543,-102.803965
KAKR,Akron Fulton International Airport,US,41.037355,-81.46784
KALB,Albany International Airport,US,42.748299,-73.801697
KALI,Alice International Airport,US,27.7409,-98.026901
KALM,Alamogordo White Sands Regional Airport,US,32.837818,-105.993149
KALN,St Louis Regional Airport,US,38.89030075069999,-90.0459976196
KALO,Waterloo Regional Airport,US,42.557098388671875,-92.40029907226562
KALS,San Luis Valley Regional Airport/Bergman Field,US,37.434898,-105.866997
KALW,Walla Walla Regional Airport,US,46.09489822,-118.288002
KAMA,Rick Husband Amarillo International Airport,US,35.217857,-101.706444
KANB,Anniston Regional Airport,US,33.5882,-85.8581
KAND,Anderson Regional Airport,US,34.4945983887,-82.70939636230001
KAOO,Altoona Blair County Airport,US,40.296398,-78.32
KAPA,Centennial Airport,US,39.57009888,-104.848999
KAPF,Naples Municipal Airport,US,26.1525993347,-81.7752990723
KAPG,Phillips Army Air Field,US,39.466202,-76.1688
KAPN,Alpena County Regional Airport,US,45.0780983,-83.56030273
KARA,Acadiana Regional Airport,US,30.0378,-91.883904
KART,Watertown International Airport,US,43.991901,-76.021698
KASE,Aspen-Pitkin County Airport (Sardy Field),US,39.223202,-106.869003
KAST,Astoria Regional Airport,US,46.158000946,-123.878997803
KATL,Hartsfield Jackson Atlanta International Airport,US,33.6367,-84.428101
KATW,Appleton International Airport,US,44.258515,-88.519
KATY,Watertown Regional Airport,US,44.91400146,-97.15470123
KAUG,Augusta State Airport,US,44.320598602299995,-69.7973022461
KAUS,Austin Bergstrom International Airport,US,30.197535,-97.662015
KAUW,Wausau Downtown Airport,US,44.9262008667,-89.6266021729
KAVL,Asheville Regional Airport,US,35.435488,-82.541853
KAVP,Wilkes-Barre/Scranton International Airport,US,41.337064,-75.724232
KAWO,Arlington Municipal Airport,US,48.161448,-122.158442
KAXN,Chandler Field,US,45.866299,-95.394699
KAZO,Kalamazoo/Battle Creek International Airport,US,42.232105,-85.549637
KBAB,Beale Air Force Base,US,39.136101,-121.436996
KBAD,Barksdale Air Force Base,US,32.501801,-93.662697
KBAF,Westfield-Barnes Regional Airport,US,42.157799,-72.715599
KBAK,Columbus Municipal Airport,US,39.262386,-85.895576
KBAZ,New Braunfels National Airport,US,29.7045,-98.042198
KBBD,Curtis Field,US,31.178931,-99.324732
KBBG,Branson Airport,US,36.532082,-93.200544
KBCE,Bryce Canyon Airport,US,37.706401825,-112.144996643
KBCT,Boca Raton Airport,US,26.3785,-80.107697
KBDE,Baudette International Airport,US,48.728401,-94.612198
KBDL,Bradley International Airport,US,41.938555,-72.688016
KBDR,Igor I Sikorsky Memorial Airport,US,41.163502,-73.126198
KBED,Laurence G Hanscom Field,US,42.470001,-71.289001
KBFD,Bradford Regional Airport,US,41.8031005859375,-78.64009857177734
KBFF,Western Neb. Rgnl/William B. Heilig Airport,US,41.87400055,-103.5960007
KBFI,King County International Airport - Boeing Field,US,47.527042,-122.29995
KBFL,Meadows Field,US,35.433601,-119.056999
KBFM,Mobile Downtown Airport,US,30.626800537100003,-88.06809997559999
KBGM,Greater Binghamton/Edwin A Link field,US,42.20869827,-75.97979736
KBGR,Bangor International Airport,US,44.806364,-68.826668
KBHB,Hancock County-Bar Harbor Airport,US,44.45000076,-68.3615036
KBHM,Birmingham-Shuttlesworth International Airport,US,33.562877,-86.750712
KBIF,Biggs Army Air Field (Fort Bliss),US,31.84950066,-106.3799973
KBIH,Eastern Sierra Regional Airport,US,37.3731,-118.363998
KBIL,Billings Logan International Airport,US,45.808932,-108.541242
KBIS,Bismarck Municipal Airport,US,46.772734,-100.746874
KBIX,Keesler Air Force Base,US,30.4104003906,-88.92440032959999
KBJC,Rocky Mountain Metropolitan Airport,US,39.908798,-105.116997
KBJI,Bemidji Regional Airport,US,47.50939941,-94.93370056
KBKE,Baker City Municipal Airport,US,44.837299346900004,-117.808998108
KBKF,Buckley Space Force Base,US,39.701698,-104.751999
KBKL,Burke Lakefront Airport,US,41.51750183105469,-81.68329620361328
KBKW,Raleigh County Memorial Airport,US,37.7873,-81.124199
KBLF,Mercer County Airport,US,37.295799,-81.207703
KBLH,Blythe Airport,US,33.6192016602,-114.717002869
KBLI,Bellingham International Airport,US,48.79280090332031,-122.53800201416016
KBLV,Scott AFB/Midamerica Airport,US,38.5452,-89.835197
KBMG,Monroe County Airport,US,39.145999908447266,-86.61669921875
KBMI,Central Illinois Regional Airport at Bloomington-Normal,US,40.4771,-88.915901
KBNA,Nashville International Airport,US,36.1245,-86.6782
KBNO,Burns Municipal Airport,US,43.590463,-118.955154
KBOI,Boise Air Terminal/Gowen Field,US,43.5644,-116.223
KBOS,Boston Logan International Airport,US,42.36197,-71.0079
KBPI,Miley Memorial Field,US,42.58509827,-110.1110001
KBPK,Ozark Regional Airport,US,36.3689002991,-92.47049713130001
KBPT,Jack Brooks Regional Airport,US,29.9508,-94.020699
KBQK,Brunswick Golden Isles Airport,US,31.258801,-81.466499
KBRD,Brainerd Lakes Regional Airport,US,46.402861,-94.129727
KBRL,Southeast Iowa Regional Airport,US,40.783199310302734,-91.12550354003906
KBRO,Brownsville South Padre Island International Airport,US,25.907238,-97.425235
KBTL,Battle Creek Executive Airport at Kellogg Field,US,42.307301,-85.251503
KBTM,Bert Mooney Airport,US,45.95479965209961,-112.49700164794922
KBTR,Baton Rouge Metropolitan Airport,US,30.533199,-91.149597
KBTV,Patrick Leahy Burlington International Airport,US,44.471901,-73.153297
KBUF,Buffalo Niagara International Airport,US,42.940498,-78.732201
KBUR,Hollywood Burbank/Bob Hope Airport,US,34.202834,-118.35805
KBVI,Beaver County Airport,US,40.772499,-80.391403
KBVY,Beverly Regional Airport,US,42.584202,-70.916496
KBWG,Bowling Green Warren County Regional Airport,US,36.964500427199994,-86.41970062259999
KBWI,Baltimore/Washington International Thurgood Marshall Airport,US,39.1754,-76.668297
KBXM,Brunswick Executive Airport,US,43.89220047,-69.93859863
KBYH,Arkansas International Airport,US,35.9642982483,-89.94400024410001
KBYI,Burley Municipal Airport,US,42.542598724399994,-113.772003174
KBYS,Bicycle Lake Army Air Field,US,35.2804985046,-116.629997253
KBZN,Bozeman Yellowstone International Airport,US,45.778853,-111.153711
KCAE,Columbia Metropolitan Airport,US,33.938172,-81.123022
KCAK,Akron Canton Regional Airport,US,40.916099548339844,-81.44219970703125
KCAR,Caribou Municipal Airport,US,46.871498,-68.017899
KCBM,Columbus Air Force Base,US,33.643799,-88.443802
KCCR,Buchanan Field,US,37.9897,-122.056999
KCCY,Northeast Iowa Regional Airport,US,43.0726013184,-92.6108016968
KCDC,Cedar City Regional Airport,US,37.70100021362305,-113.0989990234375
KCDR,Chadron Municipal Airport,US,42.837601,-103.095001
KCDS,Childress Municipal Airport,US,34.4337997437,-100.288002014
KCEC,Jack Mc Namara Field Airport,US,41.778929,-124.236403
KCEF,Westover Metropolitan Airport / Westover Air Reserve Base,US,42.194,-72.534798
KCEW,Bob Sikes Airport,US,30.778799057,-86.522102356
KCEZ,Cortez Municipal Airport,US,37.303001,-108.627998
KCGF,Cuyahoga County Airport,US,41.5651016235,-81.4863967896
KCGI,Cape Girardeau Regional Airport,US,37.2253,-89.570801
KCHA,Chattanooga Metropolitan Airport (Lovell Field),US,35.035301,-85.203796
KCHO,Charlottesville Albemarle Airport,US,38.13859939575195,-78.4529037475586
KCHS,Charleston International Airport,US,32.896159,-80.038151
KCID,The Eastern Iowa Airport,US,41.884701,-91.7108
KCIU,Chippewa County International Airport,US,46.242038,-84.462082
KCKB,North Central West Virginia Airport,US,39.2966,-80.228104
KCLE,Cleveland Hopkins International Airport,US,41.411701,-81.8498
KCLL,Easterwood Field,US,30.5886,-96.3638
KCLM,William R Fairchild International Airport,US,48.120201,-123.5
KCLT,Charlotte Douglas International Airport,US,35.2140007019043,-80.94309997558594
KCMA,Camarillo International Airport,US,34.213699,-119.094002
KCMH,John Glenn Columbus International Airport,US,39.998001,-82.891899
KCMI,University of Illinois Willard Airport,US,40.039819,-88.276249
KCMX,Houghton County Memorial Airport,US,47.168399810791016,-88.48909759521484
KCNM,Cavern City Air Terminal,US,32.337501525878906,-104.26300048828125
KCNU,Chanute Martin Johnson Airport,US,37.668173,-95.486727
KCNY,Canyonlands Regional Airport,US,38.755001,-109.754997
KCOD,Yellowstone Regional Airport,US,44.520199,-109.024002
KCOE,Coeur D'Alene Airport - Pappy Boyington Field,US,47.7743,-116.82
KCOF,Patrick Space Force Base,US,28.2349,-80.6101
KCON,Concord Municipal Airport,US,43.20270157,-71.50229645
KCOS,City of Colorado Springs Municipal Airport,US,38.805801,-104.700996
KCOU,Columbia Regional Airport,US,38.8181,-92.219597
KCPR,Casper-Natrona County International Airport,US,42.907381,-106.461609
KCRE,Grand Strand Airport,US,33.8116989136,-78.72389984130001
KCRG,Jacksonville Executive at Craig Airport,US,30.3362998962,-81.51439666750001
KCRP,Corpus Christi International Airport,US,27.770399,-97.501198
KCRQ,McClellan-Palomar Airport,US,33.1283,-117.279999
KCRW,Yeager Airport,US,38.3731,-81.593201
KCSG,Columbus Airport,US,32.516415,-84.939602
KCSV,Crossville Memorial Airport Whitson Field,US,35.95131,-85.08499
KCTB,Cut Bank International Airport,US,48.608657,-112.378183
KCUB,Jim Hamilton L.B. Owens Airport,US,33.970500946,-80.9952011108
KCVG,Cincinnati Northern Kentucky International Airport,US,39.048801,-84.667801
KCVN,Clovis Municipal Airport,US,34.426594,-103.078794
KCVO,Corvallis Municipal Airport,US,44.49720001,-123.2900009
KCVS,Cannon Air Force Base,US,34.382801,-103.321999
KCWA,Central Wisconsin Airport,US,44.777448,-89.670238
KCXO,Conroe-North Houston Regional Airport,US,30.351801,-95.414497
KCXP,Carson Airport,US,39.194331,-119.734312
KCYS,Cheyenne Regional Jerry Olson Field,US,41.155701,-104.811997
KDAA,Davison Army Air Field,US,38.715000152600005,-77.1809997559
KDAB,Daytona Beach International Airport,US,29.18255,-81.059464
KDAG,Barstow Daggett Airport,US,34.85369873,-116.7870026
KDAL,Dallas Love Field,US,32.844776,-96.847653
KDAN,Danville Regional Airport,US,36.572899,-79.336098
KDAY,James M. Cox Dayton International Airport,US,39.902401,-84.219398
KDBQ,Dubuque Regional Airport,US,42.402,-90.709503
KDCA,Ronald Reagan Washington National Airport,US,38.8521,-77.037697
KDDC,Dodge City Regional Airport,US,37.76340103149414,-99.9655990600586
KDEC,Decatur Airport,US,39.834598541259766,-88.8656997680664
KDEN,Denver International Airport,US,39.860027,-104.673792
KDET,Coleman A. Young Municipal Airport,US,42.40919876,-83.00990295
KDFW,Dallas Fort Worth International Airport,US,32.896801,-97.038002
KDHN,Dothan Regional Airport,US,31.321300506591797,-85.44960021972656
KDHT,Dalhart Municipal Airport,US,36.0225982666,-102.54699707
KDIK,Dickinson Theodore Roosevelt Regional Airport,US,46.797533,-102.801905
KDLF,Laughlin Air Force Base,US,29.359501,-100.778002
KDLH,Duluth International Airport,US,46.841873,-92.198746
KDLS,Columbia Gorge Regional Airport,US,45.620979,-121.170777
KDMA,Davis Monthan Air Force Base,US,32.1665000916,-110.883003235
KDMN,Deming Municipal Airport,US,32.262298584,-107.721000671
KDNL,Daniel Field,US,33.4664993286,-82.0393981934
KDOV,Dover Civil Air Terminal/Dover Air Force Base,US,39.129501,-75.466003
KDPA,Dupage Airport,US,41.90779877,-88.24859619
KDRA,Desert Rock Airport,US,36.6194,-116.032997
KDRI,Beauregard Regional Airport,US,30.831699,-93.339897
KDRO,Durango La Plata County Airport,US,37.151501,-107.753998
KDRT,Del Rio International Airport,US,29.3742008209,-100.927001953
KDSM,Des Moines International Airport,US,41.534027,-93.656719
KDTS,Destin Executive Airport,US,30.400101,-86.471497
KDTW,Detroit Metropolitan Wayne County Airport,US,42.21377,-83.353786
KDUA,Durant Regional Airport - Eaker Field,US,33.939675,-96.395072
KDUG,Bisbee Douglas International Airport,US,31.464139,-109.60456
KDUJ,DuBois Regional Airport,US,41.17829895,-78.8986969
KDVL,Devils Lake Regional Airport,US,48.115454,-98.908796
KDXR,Danbury Municipal Airport,US,41.371656,-73.482227
KDYS,Dyess Air Force Base,US,32.420799,-99.854599
KEAR,Kearney Regional Airport,US,40.727001,-99.006798
KEAT,Pangborn Memorial Airport,US,47.398899,-120.207001
KEAU,Chippewa Valley Regional Airport,US,44.86579895019531,-91.48429870605469
KECG,Elizabeth City Regional Airport & Coast Guard Air Station,US,36.260601,-76.174599
KECP,Northwest Florida Beaches International Airport,US,30.357106,-85.795414
KEDC,Austin Executive Airport,US,30.398049,-97.566909
KEDW,Edwards Air Force Base,US,34.910781,-117.886391
KEED,Needles Airport,US,34.7663002014,-114.623001099
KEEN,Dillant Hopkins Airport,US,42.898399,-72.270798
KEET,Shelby County Airport,US,33.17699814,-86.78279877
KEFD,Ellington Airport,US,29.607299804700002,-95.1587982178
KEGE,Eagle County Regional Airport,US,39.64260101,-106.9179993
KEGI,Duke Field,US,30.65040016,-86.52290344
KEKA,Murray Field,US,40.803398,-124.112999
KEKN,Elkins-Randolph County Regional Airport,US,38.889759,-79.857651
KEKO,Elko Regional Airport,US,40.82490158081055,-115.79199981689453
KELD,South Arkansas Regional Airport at Goodwin Field,US,33.221001,-92.813301
KELM,Elmira Corning Regional Airport,US,42.1599006652832,-76.8916015625
KELO,Ely Municipal Airport,US,47.82450104,-91.83070374
KELP,El Paso International Airport,US,31.809908,-106.375607
KELY,Ely Airport Yelland Field,US,39.29970169,-114.8420029
KEND,Vance Air Force Base,US,36.339199,-97.916496
KENV,Wendover Airport,US,40.7187004089,-114.03099823
KENW,Kenosha Regional Airport,US,42.59569931,-87.92780304
KERI,Erie International Tom Ridge Field,US,42.083127,-80.173867
KESC,Delta County Airport,US,45.723199,-87.088623
KESF,Esler Army Airfield / Esler Regional Airport,US,31.394266,-92.294082
KEUG,Eugene Airport,US,44.124599,-123.211998
KEVV,Evansville Regional Airport,US,38.0369987488,-87.5324020386
KEVW,Evanston-Uinta County Airport-Burns Field,US,41.27479935,-111.0350037
KEWB,New Bedford Regional Airport,US,41.67610168457031,-70.95690155029297
KEWN,Coastal Carolina Regional Airport,US,35.0730018616,-77.04290008539999
KEWR,Newark Liberty International Airport,US,40.6894,-74.170545
KEYW,Key West International Airport,US,24.556119,-81.759579
KFAF,Felker Army Air Field,US,37.1325,-76.608803
KFAR,Hector International Airport,US,46.9207,-96.815804
KFAT,Fresno Yosemite International Airport,US,36.775767,-119.718018
KFAY,Fayetteville Regional Airport - Grannis Field,US,34.991199,-78.880302
KFBG,Simmons Army Air Field,US,35.13180161,-78.93669891
KFCS,Butts AAF (Fort Carson) Air Field,US,38.67839813,-104.7570038
KFDY,Findlay Airport,US,41.013500213600004,-83.66870117190001
KFFO,Wright-Patterson Air Force Base,US,39.826099,-84.048302
KFHR,Friday Harbor Airport,US,48.523654,-123.024645
KFHU,Sierra Vista Municipal Airport / Libby Army Air Field,US,31.587383,-110.348225
KFKL,Venango Regional Airport,US,41.3778991699,-79.8603973389
KFLG,Flagstaff Pulliam Airport,US,35.139757,-111.669826
KFLL,Fort Lauderdale Hollywood International Airport,US,26.072599,-80.152702
KFLO,Florence Regional Airport,US,34.18539810180664,-79.7238998413086
KFME,Fort Meade Executive Airport,US,39.0854,-76.759399
KFMN,Four Corners Regional Airport,US,36.741199,-108.230003
KFMY,Page Field,US,26.58659935,-81.86329650879999
KFNL,Northern Colorado Regional Airport,US,40.44969,-105.011272
KFNT,Bishop International Airport,US,42.969294,-83.743355
KFOD,Fort Dodge Regional Airport,US,42.552624,-94.191237
KFOE,Topeka Regional Airport,US,38.950901,-95.663597
KFPR,Treasure Coast International Airport,US,27.4951,-80.368301
KFRG,Republic Airport,US,40.728576,-73.414267
KFRI,Marshall Army Air Field,US,39.053021,-96.764202
KFSD,Sioux Falls Regional Airport,US,43.585463,-96.741152
KFSI,Henry Post Army Air Field,US,34.649799,-98.402199
KFSM,Fort Smith Regional Airport,US,35.336601,-94.367401
KFST,Fort Stockton Pecos County Airport,US,30.9157009125,-102.916000366
KFTK,Godman Army Air Field,US,37.907100677500004,-85.9720993042
KFTW,Fort Worth Meacham International Airport,US,32.819919,-97.360818
KFTY,Fulton County Airport Brown Field,US,33.7790985107,-84.5214004517
KFWA,Fort Wayne International Airport,US,40.978896,-85.194465
KFXE,Fort Lauderdale Executive Airport,US,26.1972999573,-80.1707000732
KFYV,Drake Field,US,36.00510025024414,-94.17009735107422
UCFD,Jalal-Abad Airport,KG,40.944401,72.977798
KGCC,Northeast Wyoming Regional Airport,US,44.3489,-105.539001
KGCK,Garden City Regional Airport,US,37.9275016785,-100.723999023
KGCN,Grand Canyon National Park Airport,US,35.9524,-112.147003
KGDV,Dawson Community Airport,US,47.137658,-104.80691
KGEG,Spokane International Airport,US,47.6199,-117.533997
KGFK,Grand Forks International Airport,US,47.949299,-97.176102
KGFL,Floyd Bennett Memorial Airport,US,43.3412017822,-73.6102981567
KGGG,East Texas Regional Airport,US,32.38399887084961,-94.71150207519531
KGGW,Glasgow Valley County Airport Wokal Field,US,48.212502,-106.614998
KGJT,Grand Junction Regional Airport,US,39.126663,-108.529387
KGLD,Goodland Municipal Airport,US,39.370701,-101.699753
KGLH,Mid Delta Regional Airport,US,33.482899,-90.985603
KGLS,Scholes International At Galveston Airport,US,29.265301,-94.860397
KGMU,Greenville Downtown Airport,US,34.847903,-82.350217
KGNV,Gainesville Regional Airport,US,29.6900997162,-82.2717971802
KGON,Groton New London Airport,US,41.330101,-72.045097
KGPI,Glacier Park International Airport,US,48.310501,-114.255997
KGPT,Gulfport Biloxi International Airport,US,30.405582,-89.069836
KGRB,Austin Straubel International Airport,US,44.483459,-88.130805
KGRF,Gray Army Air Field,US,47.07920074,-122.5810013
KGRI,Central Nebraska Regional Airport,US,40.967498779296875,-98.30960083007812
KGRK,Killeen Regional Airport / Robert Gray Army Airfield,US,31.0672,-97.828903
KGRR,Gerald R. Ford International Airport,US,42.880798,-85.522797
KGSB,Seymour Johnson Air Force Base,US,35.339401,-77.960602
KGSO,Piedmont Triad International Airport,US,36.09937,-79.937262
KGSP,Greenville-Spartanburg International Airport,US,34.895699,-82.218903
KGTB,Wheeler Sack Army Air Field,US,44.055599,-75.719498
KGTF,Great Falls International Airport,US,47.481998,-111.371002
KGTR,Golden Triangle Regional Airport,US,33.450298,-88.5914
KGUC,Gunnison Crested Butte Regional Airport,US,38.534672,-106.934566
KGUP,Gallup Municipal Airport,US,35.511653,-108.788166
KGUS,Grissom Air Reserve Base,US,40.648102,-86.1521
KGUY,Guymon Municipal Airport,US,36.6851005554,-101.508003235
KGWO,Greenwood–Leflore Airport,US,33.495025,-90.088204
KGYI,North Texas Regional Airport Perrin Field,US,33.7141,-96.673698
KGYY,Gary/Chicago International Airport,US,41.617087,-87.413206
VDDS,Dara Sakor International Airport,KH,10.914244,103.226652
VDTI,Techo International Airport,KH,11.359987,104.921272
KHBG,Hattiesburg Bobby L Chain Municipal Airport,US,31.26479912,-89.25279999
KHBR,Hobart Regional Airport,US,34.991317,-99.051313
KHDN,Yampa Valley Airport,US,40.481201,-107.218002
KHEF,Washington Manassas Harry P. Davis Field,US,38.723021,-77.515422
KHFD,Hartford Brainard Airport,US,41.736698150635,-72.649398803711
KHGR,Hagerstown Regional Richard A Henson Field,US,39.708771,-77.728014
KHHR,Jack Northrop Field Hawthorne Municipal Airport,US,33.922798,-118.334999
KHIB,Range Regional Airport,US,47.384831,-92.836905
KHIF,Hill Air Force Base,US,41.12403,-111.973086
KHII,Lake Havasu City Airport,US,34.570506,-114.357745
KHIO,Portland Hillsboro Airport,US,45.540401,-122.949997
KHKY,Hickory Regional Airport,US,35.74110031,-81.38950348
KHLG,Wheeling Ohio County Airport,US,40.1749992371,-80.6463012695
KHLN,Helena Regional Airport,US,46.6068,-111.983002
KHMN,Holloman Air Force Base,US,32.852501,-106.107002
KHOB,Lea County Regional Airport,US,32.6875,-103.217003
KHON,Huron Regional Airport,US,44.385201,-98.2285
KHOP,Campbell Army Airfield (Fort Campbell),US,36.674154,-87.48974
KHOT,Memorial Field Airport,US,34.4788,-93.096262
KHOU,William P. Hobby Airport,US,29.645336,-95.276812
KHPN,Westchester County Airport,US,41.06700134277344,-73.70760345458984
KHQM,Bowerman Airport,US,46.971199035599994,-123.93699646
KHRL,Valley International Airport,US,26.228500366210938,-97.65440368652344
KHRO,Boone County Airport,US,36.26150131225586,-93.15470123291016
KHRT,Hurlburt Field,US,30.427799,-86.689301
KHST,Homestead Air Reserve Base,US,25.4886,-80.383598
KHSV,Huntsville International Airport,US,34.636244,-86.774378
KHTS,Tri-State Airport / Milton J. Ferguson Field,US,38.366699,-82.557999
KHUA,Redstone Army Air Field,US,34.67869949,-86.68479919
KHUF,"Terre Haute Regional Airport, Hulman Field",US,39.4515,-87.307602
KHUL,Houlton International Airport,US,46.1231002808,-67.792098999
KHUT,Hutchinson Municipal Airport,US,38.0654983521,-97.86060333250002
KHVN,Tweed New Haven Airport,US,41.262869,-72.887694
KHVR,Havre City County Airport,US,48.541387,-109.762859
KHWO,North Perry Airport,US,26.0012,-80.2407
KHXD,Hilton Head Airport,US,32.2244,-80.697502
KHYA,Cape Cod Gateway Airport,US,41.6693,-70.280403
KHYI,San Marcos Regional Airport,US,29.8927,-97.862999
KHYR,Sawyer County Airport,US,46.025199890100005,-91.44429779050002
KHYS,Hays Regional Airport,US,38.844521,-99.273148
KHZY,Northeast Ohio Regional Airport,US,41.778,-80.695503
KRGA,Central Kentucky Regional Airport,US,37.630798,-84.332298
KIAB,McConnell Air Force Base,US,37.621899,-97.268204
KIAD,Washington Dulles International Airport,US,38.9445,-77.455803
KIAG,Niagara Falls International Airport,US,43.1073,-78.946198
KIAH,George Bush Intercontinental Airport,US,29.9844,-95.3414
KICT,Wichita Dwight D. Eisenhower National Airport,US,37.650314,-97.428583
KIDA,Idaho Falls Regional Airport,US,43.514599,-112.070999
KIFP,Laughlin Bullhead International Airport,US,35.154726,-114.559322
KIGM,Kingman Airport,US,35.259499,-113.938004
KIKK,Greater Kankakee Airport,US,41.07139968869999,-87.8462982178
KILG,Wilmington Airport,US,39.678699,-75.606499
KILM,Wilmington International Airport,US,34.272345,-77.905117
KILN,Wilmington Airpark,US,39.427898407,-83.792098999
KIMT,Ford Airport,US,45.81911,-88.114557
KIND,Indianapolis International Airport,US,39.7173,-86.294403
KINK,Winkler County Airport,US,31.7796,-103.200996
KINL,Falls International Airport,US,48.566200256347656,-93.4030990600586
KINT,Smith Reynolds Airport,US,36.13370132446289,-80.22200012207031
KINW,Winslow Lindbergh Regional Airport,US,35.021900177,-110.722999573
KIPL,Imperial County Airport,US,32.83539,-115.574026
KIPT,Williamsport Regional Airport,US,41.242126,-76.92245
KIRK,Kirksville Regional Airport,US,40.09349822998047,-92.5448989868164
KISM,Kissimmee Gateway Airport,US,28.2898006439,-81.4371032715
KISO,Kinston Regional Jetport At Stallings Field,US,35.331401825,-77.60880279540001
KISP,Long Island MacArthur Airport,US,40.796324,-73.101703
KITH,Ithaca Tompkins Regional Airport,US,42.49100112915039,-76.4583969116211
KIWA,Mesa Gateway Airport,US,33.3078,-111.654999
KJAC,Jackson Hole Airport,US,43.6073,-110.737999
KJAN,Jackson-Medgar Wiley Evers International Airport,US,32.311199,-90.075897
KJAX,Jacksonville International Airport,US,30.492469,-81.687813
KJBR,Jonesboro Municipal Airport,US,35.83169937133789,-90.64640045166016
KJCT,Kimble County Airport,US,30.5112991333,-99.7634963989
KJFK,John F. Kennedy International Airport,US,40.639447,-73.779317
KJHW,Chautauqua County-Jamestown Airport,US,42.15425,-79.254008
KJKL,Julian Carroll Airport,US,37.59389877319336,-83.31729888916016
KJLN,Joplin Regional Airport,US,37.151798,-94.498299
KJMS,Jamestown Regional Airport,US,46.92969894,-98.67819977
KJNX,Johnston Regional Airport,US,35.540901,-78.390297
KJQF,Concord-Padgett Regional Airport,US,35.387798,-80.709099
KJST,John Murtha Johnstown Cambria County Airport,US,40.31610107421875,-78.83390045166016
KJWY,Mid-Way Regional Airport,US,32.4587,-96.912399
KJXN,Jackson County Airport/Reynolds Field,US,42.260509,-84.463019
KKLS,Southwest Washington Regional Airport,US,46.11800003049999,-122.898002625
KL45,Bakersfield International Airport,US,35.324799,-118.996002
KL71,California City Municipal Airport,US,35.151377,-118.016059
KLAA,Southeast Colorado Regional Airport,US,38.066407,-102.691373
KLAF,Purdue University Airport,US,40.412875,-86.939363
KLAL,Lakeland Linder International Airport,US,27.989267,-82.020715
KLAN,Capital Region International Airport,US,42.777582,-84.585721
KLAR,Laramie Regional Airport,US,41.31209945678711,-105.67500305175781
KLAS,Harry Reid International Airport,US,36.083361,-115.151817
KLAW,Lawton Fort Sill Regional Airport,US,34.567699,-98.416603
KLAX,Los Angeles International Airport,US,33.942501,-118.407997
KLBB,Lubbock Preston Smith International Airport,US,33.663601,-101.822998
KLBE,Arnold Palmer Regional Airport,US,40.275902,-79.4048
KLBF,North Platte Regional Airport Lee Bird Field,US,41.12620163,-100.6839981
KLBL,Liberal Mid-America Regional Airport,US,37.0442009,-100.9599991
KLBT,Lumberton Regional Airport,US,34.610773,-79.05943
KLBX,Texas Gulf Coast Regional Airport,US,29.108601,-95.462097
KLCH,Lake Charles Regional Airport,US,30.126100540161133,-93.22329711914062
KLCK,Rickenbacker International Airport,US,39.813801,-82.927803
KLEB,Lebanon Municipal Airport,US,43.626098632799994,-72.30419921880001
KLEE,Leesburg International Airport,US,28.82309914,-81.80870056
KLEX,Blue Grass Airport,US,38.035066,-84.606738
KLFI,Langley Air Force Base,US,37.082901,-76.360497
KLFK,Angelina County Airport,US,31.2339992523,-94.75
KLFT,Lafayette Regional Airport,US,30.205299,-91.987602
KLGA,LaGuardia Airport,US,40.777199,-73.872597
KLGB,Long Beach International Airport,US,33.816523,-118.149891
KLGU,Logan-Cache Airport,US,41.7911987305,-111.851997375
KLIT,Bill & Hillary Clinton National Airport/Adams Field,US,34.729222,-92.223591
KLLQ,Monticello Municipal Ellis Field,US,33.638599,-91.750999
KLMT,Crater Lake-Klamath Regional Airport,US,42.156101,-121.733002
KLND,Hunt Field,US,42.815201,-108.730003
KLNK,Lincoln Airport,US,40.844882,-96.76178
KLNS,Lancaster Airport,US,40.121700286865234,-76.29609680175781
KLOL,Derby Field,US,40.0663986206,-118.565002441
KLOU,Bowman Field,US,38.2280006409,-85.6636962891
KLOZ,London-Corbin Airport/Magee Field,US,37.0821990967,-84.08489990230001
KLRD,Laredo International Airport,US,27.5438,-99.461601
KLRF,Little Rock Air Force Base,US,34.916900634799994,-92.14969635010002
KLRU,Las Cruces International Airport,US,32.289398,-106.921997
KLSE,La Crosse Regional Airport,US,43.879002,-91.256699
KLSF,Lawson Army Air Field,US,32.332546,-84.988003
KLSV,Nellis Air Force Base,US,36.2361984253,-115.033996582
KLTS,Altus Air Force Base,US,34.667099,-99.266701
KLUF,Luke Air Force Base,US,33.535,-112.383003
KLUK,Cincinnati Municipal Airport Lunken Field,US,39.102357,-84.418945
KLVM,Mission Field,US,45.6994018555,-110.447998047
KLVS,Las Vegas Municipal Airport,US,35.654202,-105.141998
KLWB,Greenbrier Valley Airport,US,37.857914,-80.400438
KLWM,Lawrence Municipal Airport,US,42.717201232899995,-71.1233978271
KLWS,Lewiston Nez Perce County Airport,US,46.3745002746582,-117.01499938964844
KLWT,Lewistown Municipal Airport,US,47.048429,-109.466143
KLYH,Lynchburg Regional Airport - Preston Glenn Field,US,37.326698,-79.200401
KMAF,Midland International Air and Space Port,US,31.942499,-102.202003
KMBG,Mobridge Municipal Airport,US,45.54650116,-100.4079971
KMBS,MBS International Airport,US,43.533181,-84.083104
KMCB,McComb-Pike County Airport / John E Lewis Field,US,31.178499,-90.471901
KMCC,McClellan Airfield,US,38.667599,-121.401001
KMCE,Merced Regional Macready Field,US,37.284698,-120.514
KMCF,MacDill Air Force Base,US,27.8493,-82.521202
KMCI,Kansas City International Airport,US,39.301699,-94.713893
KMCK,McCook Ben Nelson Regional Airport,US,40.207787,-100.592794
KMCN,Middle Georgia Regional Airport,US,32.69279861450195,-83.64920043945312
KMCO,Orlando International Airport,US,28.429399490356445,-81.30899810791016
KMCW,Mason City Municipal Airport,US,43.159801,-93.329716
KMDH,Southern Illinois Airport,US,37.778099,-89.251999
KMDT,Harrisburg International Airport,US,40.192838,-76.762333
KMDW,Chicago Midway International Airport,US,41.785999,-87.752403
KMEI,Key Field / Meridian Regional Airport,US,32.3326,-88.7519
KMEM,Frederick W. Smith International Airport,US,35.043845,-89.97634
KMER,Castle Airport,US,37.38050079,-120.5680008
KMFD,Mansfield Lahm Regional Airport,US,40.82139968869999,-82.5166015625
KMFE,McAllen Miller International Airport,US,26.176141,-98.237965
KMFR,Rogue Valley International-Medford Airport,US,42.374199,-122.873001
KMGC,Michigan City Municipal Airport,US,41.7033,-86.821198
KMGE,Dobbins Air Reserve Base,US,33.915401,-84.516296
KMGM,Montgomery Regional (Dannelly Field) Airport,US,32.300598,-86.393997
KMGW,Morgantown Municipal Airport Walter L. (Bill) Hart Field,US,39.643305,-79.917598
KMHK,Manhattan Regional Airport,US,39.14099884033203,-96.6707992553711
KMHR,Sacramento Mather Airport,US,38.554744,-121.297989
KMHT,Manchester-Boston Regional Airport,US,42.932598,-71.435699
KMHV,Mojave Air &  Space Port,US,35.056391,-118.145342
KMIA,Miami International Airport,US,25.796011,-80.289751
KMIB,Minot Air Force Base,US,48.4156,-101.358002
KMIE,Delaware County Johnson Field,US,40.242298,-85.395897
KMIV,Millville Municipal Airport,US,39.367802,-75.072197
KMKC,Charles B. Wheeler Downtown Airport,US,39.123199,-94.592796
KMKE,General Mitchell International Airport,US,42.947201,-87.896599
KMKG,Muskegon County Airport,US,43.169498,-86.238197
KMKL,McKellar-Sipes Regional Airport,US,35.599899,-88.915604
KMLB,Melbourne Orlando International Airport,US,28.102009,-80.641088
KMLC,Mc Alester Regional Airport,US,34.882401,-95.783501
KMLI,Quad City International Airport,US,41.448502,-90.5075
KMLS,Miles City Airport - Frank Wiley Field,US,46.427268,-105.885372
KMLU,Monroe Regional Airport,US,32.510899,-92.037697
KMMH,Mammoth Yosemite Airport,US,37.625381,-118.84306
KMMT,Mc Entire Joint National Guard Base,US,33.92079926,-80.80130005
KMMU,Morristown Municipal Airport,US,40.799062,-74.414949
KMMV,McMinnville Municipal Airport,US,45.194401,-123.136002
KMOB,Mobile Regional Airport,US,30.6912,-88.242798
KMOD,Modesto City Co-Harry Sham Field,US,37.625801,-120.954002
KMOT,Minot International Airport,US,48.25801,-101.279123
KMPV,Edward F Knapp State Airport,US,44.20349884,-72.56230164
KMQY,Smyrna Airport,US,36.0089988708,-86.5201034546
KMRB,Eastern WV Regional Airport/Shepherd Field,US,39.40190125,-77.98459625
KMRY,Monterey Regional Airport,US,36.586777,-121.844183
KMSL,Northwest Alabama Regional Airport,US,34.745123,-87.612981
KMSN,Dane County Regional Truax Field,US,43.1399,-89.337502
KMSO,Missoula Montana Airport,US,46.915816,-114.091107
KMSP,Minneapolis–Saint Paul International Airport / Wold–Chamberlain Field,US,44.880081,-93.221741
KMSS,Massena International Airport Richards Field,US,44.936157,-74.844304
KMSY,Louis Armstrong New Orleans International Airport,US,29.993401,-90.264673
KMTC,Selfridge Air National Guard Base Airport,US,42.613463,-82.836919
KMTH,Florida Keys Marathon International Airport,US,24.726006,-81.05138
KMTJ,Montrose Regional Airport,US,38.5098,-107.893997
KMTN,Martin State Airport,US,39.325699,-76.413803
KMUI,Muir Army Air Field (Fort Indiantown Gap) Airport,US,40.435214,-76.568661
KMUO,Mountain Home Air Force Base,US,43.043598,-115.872002
KMWA,Veterans Airport of Southern Illinois,US,37.751208,-89.016568
KMWH,Grant County International Airport,US,47.20769882,-119.3199997
KMWL,Mineral Wells Regional Airport,US,32.781601,-98.060204
KMXF,Maxwell Air Force Base,US,32.3829,-86.365799
KMYL,McCall Municipal Airport,US,44.888837,-116.101112
KMYR,Myrtle Beach International Airport,US,33.679699,-78.928299
KMYV,Yuba County Airport,US,39.09780121,-121.5699997
KNBC,Beaufort MCAS - Merritt Field,US,32.4774017334,-80.723197937
KNBG,New Orleans NAS JRB/Alvin Callender Field,US,29.82530022,-90.03500366
KNCA,MCAS New River / McCutcheon Field,US,34.708401,-77.439697
KNDZ,Whiting Field Naval Air Station South Airport,US,30.704399,-87.023003
KNEL,Lakehurst Maxfield Field Airport,US,40.03329849,-74.353302
KNEW,Lakefront Airport,US,30.042400360107,-90.028297424316
KNFG,Camp Pendleton MCAS (Munn Field) Airport,US,33.30130005,-117.3550034
KNFL,Fallon Naval Air Station,US,39.41659927,-118.7009964
KNFW,NAS Fort Worth JRB / Carswell Field,US,32.769199,-97.441498
KNGP,Naval Air Station Corpus Christi Truax Field,US,27.6926,-97.2911
KNGU,Norfolk Naval Station (Chambers Field),US,36.937599,-76.289299
KNHK,Patuxent River Naval Air Station (Trapnell Field),US,38.285999,-76.411797
KNID,China Lake Naws (Armitage Field) Airport,US,35.6853981,-117.6920013
KNIP,Jacksonville Naval Air Station (Towers Field),US,30.2358,-81.680603
KNJK,El Centro NAF Airport (Vraciu Field),US,32.829201,-115.671996
KNKT,Cherry Point MCAS / Cunningham Field/,US,34.900902,-76.880699
KNKX,Miramar Marine Corps Air Station - Mitscher Field,US,32.86840057,-117.1429977
KNLC,Lemoore Naval Air Station (Reeves Field) Airport,US,36.33300018,-119.9520035
KNMM,Naval Air Station Meridian / McCain Field,US,32.5531,-88.55406
KNPA,Naval Air Station Pensacola Forrest Sherman Field,US,30.352699,-87.318604
KNQA,Millington-Memphis Airport,US,35.356701,-89.8703
KNQI,Kingsville Naval Air Station,US,27.5072002411,-97.8097000122
KNQX,Naval Air Station Key West/Boca Chica Field,US,24.57579994,-81.68890381
KNRB,Naval Station Mayport / Admiral David L McDonald Field,US,30.3911,-81.424698
KNSE,Whiting Field Naval Air Station - North,US,30.7241993,-87.02189636
KNTD,Point Mugu Naval Air Station (Naval Base Ventura Co),US,34.120300293,-119.121002197
KNTU,Oceana Naval Air Station,US,36.820702,-76.033501
KNUQ,Moffett Federal Airfield,US,37.4161,-122.049004
KNUW,Whidbey Island Naval Air Station (Ault Field),US,48.351799,-122.655998
KNXP,Twentynine Palms Strategic Expeditionary Landing Field,US,34.2962,-116.162003
KNYG,Quantico Marine Corps Airfield / Turner Field,US,38.501701,-77.305298
KNYL,Yuma International Airport / Marine Corps Air Station Yuma,US,32.650938,-114.609375
KNZY,North Island Naval Air Station-Halsey Field,US,32.69919968,-117.2149963
KOAJ,Albert J Ellis Airport,US,34.829201,-77.612099
KOAK,Oakland San Francisco Bay Airport,US,37.720085,-122.221184
KOFF,Offutt Air Force Base,US,41.119307,-95.90851
KOFK,Karl Stefan Memorial Airport,US,41.985500335693,-97.435096740723
KOGB,Orangeburg Municipal Airport,US,33.456798553467,-80.859497070312
KOGD,Ogden Hinckley Airport,US,41.195899963379,-112.0120010376
KOGS,Ogdensburg International Airport,US,44.6819,-75.4655
KOKB,Oceanside Municipal Airport,US,33.217947,-117.351683
KOKC,OKC Will Rogers World Airport,US,35.393388,-97.598248
KOLF,L M Clayton Airport,US,48.094501,-105.574997
KOLM,Olympia Regional Airport,US,46.969399,-122.903
KOLS,Nogales International Airport,US,31.4177,-110.848
KOLU,Columbus Municipal Airport,US,41.448145,-97.340174
KOMA,Eppley Airfield,US,41.3032,-95.894096
KONO,Ontario Municipal Airport,US,44.0198,-117.013289
KONP,Newport Municipal Airport,US,44.580399,-124.057999
KONT,Ontario International Airport,US,34.056,-117.600998
KOPF,Miami-Opa Locka Executive Airport,US,25.907,-80.278397
KOQU,Quonset State Airport,US,41.597099304199,-71.412101745605
KORD,Chicago O'Hare International Airport,US,41.9786,-87.9048
KORF,Norfolk International Airport,US,36.895341,-76.201
KORH,Worcester Regional Airport,US,42.2673,-71.875702
KORL,Orlando Executive Airport,US,28.5455,-81.332901
KORS,Orcas Island Airport,US,48.708199,-122.910004
KOSH,Wittman Regional Airport,US,43.98440170288086,-88.55699920654297
KOSU,The Ohio State University Airport - Don Scott Field,US,40.0798,-83.072998
KOTH,Southwest Oregon Regional Airport,US,43.41709899902344,-124.24600219726562
KOTM,Ottumwa Regional Airport,US,41.106368,-92.449837
KOWB,Owensboro Daviess County Airport,US,37.74010086,-87.16680145
KOWD,Norwood Memorial Airport,US,42.1904983521,-71.1728973389
KOXB,Ocean City Municipal Airport,US,38.310398,-75.124001
KOXR,Oxnard Airport,US,34.200801849365,-119.20700073242
KOZR,Cairns AAF (Fort Rucker) Air Field,US,31.27569962,-85.71340179
KP-0002,Haeju Airfield,KP,38.00739,125.777321
KP-0012,Kwaksan Air Base,KP,39.731218,125.110159
KP-0015,Koksan Air Base,KP,38.690201,126.606003
ZKHW,Hwangju Airbase,KP,38.653459,125.78888
ZKPN,Pukchang Air Base,KP,39.505001,125.963997
KP-0025,Toksan Air Base,KP,39.996257,127.611694
KP-0035,Hwangsuwon Airbase,KP,40.6814,128.151001
KP-0036,Changjin Air Force Base,KP,40.364375,127.264252
KP-0038,Riwon Airbase,KP,40.359822,128.720584
KP-0039,Kwail Air Base,KP,38.425487,125.019093
KP-0041,Uthachi Highway Strip Airport,KP,38.913877,125.821309
KP-0068,Koksan 2 Highway Strip,KP,38.663481,126.586618
KPAE,Seattle Paine Field International Airport,US,47.9063,-122.281998
KPAH,Barkley Regional Airport,US,37.06079864501953,-88.7738037109375
KPAM,Tyndall Air Force Base,US,30.069599,-85.575401
KPAO,Palo Alto Airport,US,37.461102,-122.114998
KPBF,"Pine Bluff Regional Airport, Grider Field",US,34.174121,-91.935643
KPBG,Plattsburgh International Airport,US,44.650902,-73.468102
KDJT,President Donald J. Trump International Airport,US,26.683201,-80.095596
KPCW,Erie-Ottawa International Airport,US,41.515647,-82.868328
KPDK,DeKalb Peachtree Airport,US,33.87633,-84.30213
KPDT,Eastern Oregon Regional Airport at Pendleton,US,45.695099,-118.841003
KPDX,Portland International Airport,US,45.588699,-122.598
KPGA,Page Municipal Airport,US,36.924234,-111.447716
KPGD,Punta Gorda Airport,US,26.9202,-81.990501
KPGV,Pitt-Greenville Airport,US,35.635535,-77.384262
KPHF,Newport News Williamsburg International Airport,US,37.131901,-76.492996
KPHL,Philadelphia International Airport,US,39.871899,-75.241096
KPHX,Phoenix Sky Harbor International Airport,US,33.435302,-112.005905
KPIA,General Wayne A. Downing Peoria International Airport,US,40.663841,-89.692631
KPIB,Hattiesburg Laurel Regional Airport,US,31.4671,-89.337097
KPIE,St. Petersburg Clearwater International Airport,US,27.9102,-82.687401
KPIH,Pocatello Regional Airport,US,42.9098014831543,-112.59600067138672
KPIR,Pierre Regional Airport,US,44.38270187,-100.2860031
KPIT,Pittsburgh International Airport,US,40.491501,-80.232903
KPKB,Mid Ohio Valley Regional Airport,US,39.3451,-81.439201
KPLN,Pellston Regional Airport of Emmet County Airport,US,45.57089996,-84.79669952
KPMD,Palmdale Regional Airport / USAF Plant 42 Airport,US,34.629398,-118.084999
KPNA,Ralph Wenz Field,US,42.79550171,-109.8069992
KPNC,Ponca City Regional Airport,US,36.73199844,-97.09980011
KPNE,Northeast Philadelphia Airport,US,40.082406,-75.010614
KPNS,Pensacola International Airport,US,30.472718,-87.186639
KPOB,Pope Field,US,35.170898,-79.014503
KPOE,Polk Army Air Field,US,31.0447998,-93.1917038
KPOU,Dutchess County Airport,US,41.6265983581543,-73.88420104980469
KPQI,Presque Isle International Airport,US,46.688999,-68.0448
KPRB,Paso Robles Municipal Airport,US,35.67290115,-120.6269989
KPRC,Prescott Regional Airport - Ernest A. Love Field,US,34.653502,-112.419883
KPRX,Cox Field,US,33.636600494385,-95.450798034668
KPSC,Tri Cities Airport,US,46.264702,-119.119003
KPSM,Portsmouth International Airport at Pease,US,43.0779,-70.823303
KPSP,Palm Springs International Airport,US,33.8297,-116.507004
KPTK,Oakland County International Airport,US,42.665500640869,-83.420097351074
KPUB,Pueblo Memorial Airport,US,38.289101,-104.497002
KPUW,Pullman-Moscow Regional Airport,US,46.741601,-117.11163
KPVD,Rhode Island T. F. Green International Airport,US,41.725038,-71.425668
KPVU,Provo Municipal Airport,US,40.218894,-111.722445
KPWK,Chicago Executive Airport,US,42.114222,-87.901494
KPWM,Portland International Jetport,US,43.646198,-70.309303
KPWT,Bremerton National Airport,US,47.490200042725,-122.76499938965
KR-1109,Naju Juksanbo Airfield,KR,34.973003,126.617118
KRAL,Riverside Municipal Airport,US,33.9519,-117.445
KRAP,Rapid City Regional Airport,US,44.0452995300293,-103.05699920654297
KRBL,Red Bluff Municipal Airport,US,40.1506996155,-122.251998901
KRCA,Ellsworth Air Force Base,US,44.14500046,-103.1039963
KRDD,Redding Municipal Airport,US,40.50899887,-122.2929993
KRDG,Reading Regional Airport (Carl A Spaatz Field),US,40.378502,-75.965202
KRDM,Roberts Field,US,44.254101,-121.150002
KRDR,Grand Forks Air Force Base,US,47.961101532,-97.4011993408
KRDU,Raleigh-Durham International Airport,US,35.878659,-78.7873
KRFD,Chicago Rockford International Airport,US,42.1954,-89.097198
KRHI,Rhinelander Oneida County Airport,US,45.63119888305664,-89.46749877929688
KRHP,Western Carolina Regional Airport,US,35.195202,-83.862999
KRIC,Richmond International Airport,US,37.505199,-77.319702
KRIL,Garfield County Regional Airport,US,39.526299,-107.726997
KRIV,March Air Reserve Base,US,33.880699,-117.259003
KRIW,Central Wyoming Regional Airport,US,43.064201,-108.459999
KRKD,Knox County Regional Airport,US,44.060101,-69.099197
KRKS,Southwest Wyoming Regional Airport,US,41.5942,-109.065001
KRME,Griffiss International Airport,US,43.23379898,-75.40699768
KRMG,Richard B Russell Airport,US,34.3506011963,-85.15799713130001
KRND,Randolph Air Force Base,US,29.529699,-98.2789
KRNH,New Richmond Regional Airport,US,45.1483,-92.538101
KRNO,Reno Tahoe International Airport,US,39.4991,-119.767998
KROA,Roanoke–Blacksburg Regional Airport,US,37.3255,-79.975403
KROC,Frederick Douglass Greater Rochester International Airport,US,43.1189,-77.672401
KROW,Roswell Air Center Airport,US,33.301601,-104.530998
KRSL,Russell Municipal Airport,US,38.872100830078,-98.811798095703
KRST,Rochester International Airport,US,43.908298,-92.5
KRSW,Southwest Florida International Airport,US,26.534685,-81.752816
KRUT,Rutland - Southern Vermont Regional Airport,US,43.5294,-72.9496
KRVS,Tulsa Riverside Airport,US,36.0396,-95.984596
KRWF,Redwood Falls Municipal Airport,US,44.547199,-95.082298
KRWI,Rocky Mount Wilson Regional Airport,US,35.8563,-77.891899
KRWL,Rawlins Municipal Airport/Harvey Field,US,41.80559921,-107.1999969
KRYY,Cobb County International Airport-McCollum Field,US,34.01316,-84.59721
KSAC,Sacramento Executive Airport,US,38.5125007629,-121.492996216
KSAF,Santa Fe Municipal Airport,US,35.6171,-106.088997
KSAN,San Diego International Airport,US,32.733601,-117.190002
KSAT,San Antonio International Airport,US,29.533701,-98.469803
KSAV,Savannah Hilton Head International Airport,US,32.126591,-81.19998
KSAW,Marquette/Sawyer International Airport,US,46.351498,-87.395884
KSBA,Santa Barbara Municipal Airport,US,34.426201,-119.839996
KSBD,San Bernardino International Airport,US,34.096717,-117.236596
KSBN,South Bend International Airport,US,41.708304,-86.316922
KSBP,San Luis County Regional Airport,US,35.236801147499996,-120.641998291
KSBY,Salisbury Ocean City Wicomico Regional Airport,US,38.34049987792969,-75.51029968261719
KSCH,Schenectady County Airport,US,42.852500915527,-73.928901672363
KSCK,Stockton Metropolitan Airport,US,37.893279,-121.238079
KSDF,Louisville Muhammad Ali International Airport,US,38.1706,-85.735076
KSDM,Brown Field Municipal Airport,US,32.572639,-116.980019
KSDY,Sidney - Richland Regional Airport,US,47.705141,-104.194422
KSEA,Seattle–Tacoma International Airport,US,47.447943,-122.310276
KSFB,Orlando Sanford International Airport,US,28.774277,-81.234626
KSFF,Felts Field,US,47.682899,-117.321925
KSFO,San Francisco International Airport,US,37.619806,-122.374821
KSGF,Springfield Branson National Airport,US,37.245047,-93.388596
KSGH,Springfield-Beckley Municipal Airport,US,39.840301513672,-83.840202331543
KSGJ,Northeast Florida Regional Airport,US,29.9592,-81.339798
KSGR,Sugar Land Regional Airport,US,29.622299194336,-95.65650177002
KSGU,St George Regional Airport,US,37.036389,-113.510306
KSHD,Shenandoah Valley Regional Airport,US,38.263802,-78.8964
KSHR,Sheridan County Airport,US,44.76919937133789,-106.9800033569336
KSHV,Shreveport Regional Airport,US,32.444747,-93.826741
KSJC,Norman Y. Mineta San Jose International Airport,US,37.362452,-121.929188
KSJT,San Angelo Regional Mathis Field,US,31.35770034790039,-100.49600219726562
KSKA,Fairchild Air Force Base,US,47.615101,-117.655998
KSKF,Lackland Air Force Base,US,29.38419914,-98.58110046
KSKX,Taos Regional Airport,US,36.452494,-105.67749
KSLC,Salt Lake City International Airport,US,40.78886,-111.979866
KSLE,Salem-Willamette Valley Airport/McNary Field,US,44.9095,-123.002998
KSLI,Los Alamitos Army Air Field,US,33.790864,-118.050342
KSLK,Adirondack Regional Airport,US,44.38691,-74.204629
KSLN,Salina Municipal Airport,US,38.79100036621094,-97.6521987915039
KSME,Lake Cumberland Regional Airport,US,37.053398132299996,-84.6158981323
KSMF,Sacramento International Airport,US,38.6954,-121.591003
KSMN,Lemhi County Airport,US,45.122233,-113.88196
KSMO,Santa Monica Municipal Airport,US,34.0158,-118.450996
KSMX,Santa Maria Public Airport Captain G Allan Hancock Field,US,34.898899,-120.457001
KSNA,John Wayne Orange County International Airport,US,33.675063,-117.869281
KSNS,Salinas Municipal Airport,US,36.662799835205,-121.60600280762
KSNY,Sidney Municipal Airport Lloyd W Carr Field,US,41.101299,-102.985001
KSOA,Sonora Municipal Airport,US,30.585699081421,-100.6490020752
KSOW,Show Low Regional Airport,US,34.264062,-110.007091
KSPI,Abraham Lincoln Capital Airport,US,39.844101,-89.677902
KSPS,Wichita Falls Municipal Airport / Sheppard Air Force Base,US,33.9888,-98.491898
KSQL,San Carlos Airport,US,37.51313,-122.250838
KSRQ,Sarasota Bradenton International Airport,US,27.394631,-82.554359
KSRR,Sierra Blanca Regional Airport,US,33.462799,-105.535004
KSSC,Shaw Air Force Base,US,33.972698,-80.470596
KSSF,Stinson Municipal Airport,US,29.336999893188,-98.471099853516
KSSI,St Simons Island Airport,US,31.1518,-81.391296
KSTC,Saint Cloud Regional Airport,US,45.5466,-94.059898
KSTJ,Rosecrans Memorial Airport,US,39.771900177002,-94.909698486328
KSTL,St. Louis Lambert International Airport,US,38.748697,-90.370003
KSTP,Saint Paul Downtown Holman Field,US,44.93479,-93.060036
KSTS,Charles M. Schulz Sonoma County Airport,US,38.50899887,-122.8130035
KSUN,Friedman Memorial Airport,US,43.50439835,-114.2959976
KSUS,Spirit of St Louis Airport,US,38.662102,-90.652
KSUU,Travis Air Force Base,US,38.262699,-121.927002
KSUX,Sioux Gateway Airport / Brigadier General Bud Day Field,US,42.397605,-96.382237
KSUZ,Saline County Regional Airport,US,34.590599,-92.479401
KSVC,Grant County Airport,US,32.636701,-108.154736
KSVN,Hunter Army Air Field,US,32.00999832,-81.14569855
KSWF,New York Stewart International Airport,US,41.50421,-74.108901
KSWO,Stillwater Regional Airport,US,36.162132,-97.085581
KSYR,Syracuse Hancock International Airport,US,43.11119842529297,-76.1063003540039
KSZL,Whiteman Air Force Base,US,38.730301,-93.547897
KTBN,Waynesville-St. Robert Regional Airport-Forney Field,US,37.7416,-92.140701
KTCC,Tucumcari Municipal Airport,US,35.182800293,-103.602996826
KTCL,Tuscaloosa National Airport,US,33.2206,-87.611397
KTCM,McChord Air Force Base,US,47.137699,-122.475998
KTCS,Truth or Consequences Municipal Airport,US,33.2369,-107.272003
KTEB,Teterboro Airport,US,40.850101,-74.060799
KTEX,Telluride Regional Airport,US,37.9538,-107.907997
KTIK,Tinker Air Force Base,US,35.4147,-97.386597
KTIW,Tacoma Narrows Airport,US,47.267407,-122.577295
KTIX,Space Coast Regional Airport,US,28.514799118042,-80.799201965332
KTLH,Tallahassee International Airport,US,30.401209,-84.35433
KTMB,Miami Executive Airport,US,25.6479,-80.4328
KTOI,Troy Municipal Airport at N Kenneth Campbell Field,US,31.860399,-86.012101
KTOL,Eugene F. Kranz Toledo Express Airport,US,41.5868,-83.8078
KTOP,Philip Billard Municipal Airport,US,39.069899,-95.622606
KTPA,Tampa International Airport,US,27.9755,-82.533203
KTPH,Tonopah Airport,US,38.06019974,-117.086998
KTPL,Draughon Miller Central Texas Regional Airport,US,31.1525,-97.407799
KTRI,Tri-Cities Regional TN/VA Airport,US,36.475201,-82.407401
KTRK,Truckee Tahoe Airport,US,39.318628,-120.140562
KTRM,Jacqueline Cochran Regional Airport,US,33.62670135498,-116.16000366211
KTTD,Portland Troutdale Airport,US,45.54940032959,-122.40100097656
KTTN,Trenton Mercer Airport,US,40.276699,-74.813499
KTTS,Space Florida Launch and Landing Facility,US,28.615,-80.694504
KTUL,Tulsa International Airport,US,36.197084,-95.886225
KTUP,Tupelo Regional Airport,US,34.26810073852539,-88.7698974609375
KTUS,Tucson International Airport,US,32.115004,-110.938053
KTVC,Cherry Capital Airport,US,44.741402,-85.582199
KTVF,Thief River Falls Regional Airport,US,48.065701,-96.184998
KTVL,Lake Tahoe Airport,US,38.89390182495117,-119.99500274658203
KTWF,Joslin Field Magic Valley Regional Airport,US,42.4818,-114.487999
KTXK,Texarkana Regional Airport (Webb Field),US,33.453701,-93.990997
KTYR,Tyler Pounds Regional Airport,US,32.35409927368164,-95.40239715576172
KTYS,McGhee Tyson Airport,US,35.811001,-83.994003
KSVR,South Valley Regional Airport,US,40.619499,-111.992996
KUAO,Aurora State Airport,US,45.247100830078125,-122.7699966430664
KUIN,Quincy Regional Airport Baldwin Field,US,39.942699,-91.194603
KUKI,Ukiah Municipal Airport,US,39.125999,-123.200996
KUNV,State College Regional Airport,US,40.849374,-77.84852
KUOX,University Oxford Airport,US,34.384300231934,-89.536796569824
KUTS,Huntsville Regional Airport,US,30.7469005585,-95.5871963501
KUUU,Newport State Airport,US,41.532207,-71.281039
KVAD,Moody Air Force Base,US,30.9678001404,-83.1930007935
KVBG,Vandenberg Space Force Base,US,34.737301,-120.584
KVCT,Victoria Regional Airport,US,28.85260009765625,-96.91850280761719
KVEL,Vernal Regional Airport,US,40.436214,-109.511661
KVGT,North Las Vegas Airport,US,36.209074,-115.193982
KVIS,Visalia Municipal Airport,US,36.318699,-119.392998
KVLD,Valdosta Regional Airport,US,30.782499313354492,-83.27670288085938
KVNY,Van Nuys Airport,US,34.209801,-118.489998
KVOK,Volk Field,US,43.938999,-90.253403
KVPS,Destin-Fort Walton Beach Airport,US,30.481315,-86.515839
KVPZ,Porter County Municipal Airport,US,41.45399857,-87.00710297
KVQQ,Cecil Airport,US,30.2187,-81.876701
KVRB,Vero Beach Regional Airport,US,27.6556,-80.417901
KVTN,Miller Field,US,42.856211,-100.549192
KW63,Lake Country Regional Airport,US,36.595798,-78.560097
KWJF,General William J Fox Airfield,US,34.7411,-118.219002
KWMC,Winnemucca Municipal Airport,US,40.8965988159,-117.805999756
KWRB,Robins Air Force Base,US,32.640099,-83.591904
KWRI,Mc Guire Air Force Base,US,40.0155983,-74.59169769
KWRL,Worland Municipal Airport,US,43.965698,-107.950996
KWST,Westerly State Airport,US,41.349602,-71.803398
KWWD,Cape May County Airport,US,39.008499145500004,-74.9083023071
KWWR,West Woodward Airport,US,36.438,-99.5226667
HKWY,Kiwayu Airport,KE,-1.960644,41.297156
KWYS,Yellowstone Airport,US,44.6884,-111.117996
KX51,Miami Homestead General Aviation Airport,US,25.499201,-80.554296
KXMR,Cape Canaveral SFS Skid Strip,US,28.4676,-80.566597
KXNA,Northwest Arkansas National Airport,US,36.281898,-94.306801
KXTA,Homey (Area 51) Airport,US,37.23500061035156,-115.81099700927734
KXWA,Williston Basin International Airport,US,48.260863,-103.75116
KYIP,Willow Run Airport,US,42.2379,-83.530403
KYKM,Yakima Air Terminal McAllister Field,US,46.56819916,-120.5439987
KYKN,Chan Gurney Municipal Airport,US,42.916698455811,-97.385902404785
KYNG,Youngstown Warren Regional Airport,US,41.26070023,-80.67910004
KZ-0068,Kurchatov Airfield,KZ,50.736074,78.538942
KZ-0069,Zhangiztobe Air Base,KZ,49.219952,81.317368
UASD,Dolon Air Base,KZ,50.536891,79.194689
KZZV,Zanesville Municipal Airport,US,39.9444007874,-81.89209747310001
VLBK,Bokeo International Airport,LA,20.323986,100.165392
LAKU,Kukës International Airport,AL,42.035802,20.415955
LAKV,Kuçovë Air Base,AL,40.7719,19.901899
LATI,Tirana International Airport Mother Teresa,AL,41.4147,19.7206
LBBG,Burgas Airport,BG,42.569917,27.515173
LBGO,Gorna Oryahovitsa Airport,BG,43.151402,25.7129
LBPD,Plovdiv International Airport,BG,42.067799,24.8508
LBPG,Graf Ignatievo Air Base,BG,42.290401,24.714001
LBPL,Dolna Mitropoliya Air Base,BG,43.451771,24.502423
LBSF,Sofia Airport,BG,42.696357,23.417671
LBWB,Balchik Airfield,BG,43.423801,28.181299
LBWN,Varna Airport,BG,43.232101,27.8251
LCEN,Ercan International Airport,CY,35.153064,33.507352
LCGK,Geçitkale Airbase,CY,35.23591,33.720088
LCLK,Larnaca International Airport,CY,34.875099,33.624901
LCPH,Paphos International Airport,CY,34.717999,32.485699
LCRA,RAF Akrotiri,CY,34.590401,32.9879
LDDU,Dubrovnik Ruđer Bošković Airport,HR,42.562247,18.265543
LDOS,Osijek Airport,HR,45.462355,18.811278
LDPL,Pula Airport,HR,44.893501,13.9222
LDRI,Rijeka Airport,HR,45.216376,14.57085
LDSB,Brač Airport,HR,43.284454,16.678362
LDSP,Split Saint Jerome Airport,HR,43.538898,16.298
LDZA,Zagreb Franjo Tuđman International Airport,HR,45.742901,16.0688
LDZD,Zadar Airport,HR,44.096986,15.353565
LEAB,Albacete Airport / Los Llanos Air Base,ES,38.948502,-1.86352
LEAL,Alicante-Elche Miguel Hernández Airport,ES,38.2822,-0.558156
LEAM,Almería Airport,ES,36.843899,-2.3701
LEAS,Asturias Airport,ES,43.563599,-6.03462
LEBA,Córdoba Airport,ES,37.841999,-4.84888
LEBB,Bilbao Airport,ES,43.301102,-2.91061
LEBG,Burgos Airport,ES,42.357601,-3.62076
LEBL,Josep Tarradellas Barcelona-El Prat Airport,ES,41.2971,2.07846
LEBZ,Badajoz Airport,ES,38.8913,-6.82133
LECH,Castellón-Costa Azahar Airport,ES,40.213889,0.073333
LECO,A Coruña Airport,ES,43.302101,-8.37726
LECU,Madrid-Cuatro Vientos Airport,ES,40.370701,-3.78514
LEDA,Lleida-Alguaire Airport,ES,41.728185,0.535023
LEGA,Armilla Air Base,ES,37.133202,-3.63569
LEGE,Girona-Costa Brava Airport,ES,41.904639,2.761774
LEGR,F.G.L. Airport Granada-Jaén Airport,ES,37.188702,-3.77736
LEGT,Getafe Air Base,ES,40.294102,-3.72383
LEIB,Ibiza Airport,ES,38.872898,1.37312
LEJR,Jerez Airport,ES,36.744598,-6.06011
LELC,San Javier Airport,ES,37.775002,-0.812389
LELN,León Airport,ES,42.590709,-5.653406
LERJ,Logroño-Agoncillo Airport,ES,42.460953,-2.322235
LEMD,Adolfo Suárez Madrid–Barajas Airport,ES,40.493407,-3.572249
LEMG,Málaga-Costa del Sol Airport,ES,36.6749,-4.49911
LEMH,Menorca Airport,ES,39.862598,4.21865
LEMI,Region of Murcia International Airport,ES,37.802852,-1.124884
LEMO,Moron Air Base,ES,37.17490005493164,-5.615940093994141
LEPA,Palma de Mallorca Airport,ES,39.551701,2.73881
LEPP,Pamplona Airport,ES,42.77,-1.64633
LERI,Alcantarilla Air Base,ES,37.951099,-1.23032
LERL,Ciudad Real International Airport,ES,38.856479,-3.969944
LERS,Reus Airport,ES,41.147509,1.168354
LERT,Rota Naval Station Airport,ES,36.645198822,-6.34946012497
LESA,Salamanca Airport,ES,40.952099,-5.50199
LESO,San Sebastián Airport,ES,43.356499,-1.79061
LEST,Santiago-Rosalía de Castro Airport,ES,42.896301,-8.41514
LESU,Pirineus - la Seu d'Urgel Airport,ES,42.3386,1.40917
LETL,Teruel Airport,ES,40.410269,-1.217366
LETO,Madrid–Torrejón Airport / Torrejón Air Base,ES,40.487875,-3.456808
LEVC,Valencia Airport,ES,39.489162,-0.480961
LEVD,Valladolid Airport,ES,41.7061,-4.85194
LEVT,Vitoria Airport,ES,42.882801,-2.72447
LEVX,Vigo Airport,ES,42.2318,-8.62677
LEXJ,Seve Ballesteros-Santander Airport,ES,43.427101,-3.82001
LEZG,Zaragoza Airport,ES,41.666199,-1.04155
LEZL,Seville Airport,ES,37.417999,-5.89311
LFAC,Calais Marck Airport,FR,50.962101,1.95476
LFAG,Péronne Saint-Quentin Airfield,FR,49.868871,3.029566
LFAT,Le Touquet-Côte d'Opale Airport,FR,50.518284,1.621656
LFAV,Valenciennes-Denain Airfield,FR,50.327823,3.461061
LFAY,Amiens Glisy Airfield,FR,49.873004,2.387074
LFBA,Agen La Garenne airport,FR,44.174171,0.59309
LFBC,Cazaux (BA 120) Air Base,FR,44.533298,-1.125
LFBD,Bordeaux–Mérignac Airport,FR,44.82865,-0.715356
LFBE,Bergerac Dordogne-Périgord airport,FR,44.825298,0.518611
LFBF,Toulouse-Francazal (BA 101) Air Base,FR,43.545601,1.3675
LFBG,Cognac-Châteaubernard (BA 709) Air Base,FR,45.658298,-0.3175
LFBH,La Rochelle Île de Ré Airport,FR,46.179199,-1.19528
LFBI,Poitiers-Biard Airport,FR,46.5877,0.306666
LFBK,Montluçon-Guéret Airport,FR,46.222599,2.36396
LFBL,Limoges Airport,FR,45.862801,1.17944
LFBM,Mont-de-Marsan (BA 118) Air Base,FR,43.911701,-0.5075
LFBN,Niort - Marais Poitevin Airport,FR,46.313477,-0.394529
LFBO,Toulouse-Blagnac Airport,FR,43.629101,1.36382
LFBP,Pau Pyrénées Airport,FR,43.380001,-0.418611
LFBT,Tarbes-Lourdes-Pyrénées Airport,FR,43.178699,-0.006439
LFBU,Angoulême Brie-Champniers airport,FR,45.729198,0.221456
LFBX,Périgueux-Bassillac Airport,FR,45.198101,0.815556
LFBZ,Biarritz Pays Basque airport,FR,43.468372,-1.523223
LFCC,Cahors Lalbenque airport,FR,44.351398,1.47528
LFCG,Aérodrome de Saint-Girons - Antichan,FR,43.007801,1.10315
LFCH,Aérodrome d'Arcachon-La Teste-de-Buch,FR,44.596401,-1.11083
LFCI,Albi Le Sequestre airport,FR,43.913898,2.11306
LFCK,Castres Mazamet Airport,FR,43.556301,2.28918
LFCR,Rodez–Aveyron Airport,FR,44.407902,2.48267
LFCY,Royan-Médis Airport,FR,45.628101,-0.9725
LFDH,Auch Gers Airfield,FR,43.683606,0.599747
LFDN,Rochefort-Saint-Agnant (BA 721) Airport,FR,45.887798,-0.983056
LFGA,Colmar Houssen airport,FR,48.109901,7.35901
LFGJ,Dole Tavaux Airport,FR,47.038955,5.427589
LFGW,Verdun-Le Rozelier Airfield,FR,49.122398,5.46905
LFHO,Aubenas-South Ardèche Airport,FR,44.544367,4.372194
LFJL,Metz-Nancy-Lorraine Airport,FR,48.982101,6.25132
LFJR,Angers Marcé airport,FR,47.560299,-0.312222
LFKB,Bastia-Poretta International airport,FR,42.5527,9.48373
LFKC,Calvi Sainte Catherine Airport,FR,42.530422,8.792984
LFKF,Figari Sud-Corse Airport,FR,41.50185,9.097092
LFKJ,Ajaccio Napoléon Bonaparte airport,FR,41.923599,8.80292
LFKS,Solenzara (BA 126) Air Base,FR,41.9244,9.406
LFLA,Auxerre Branches airport,FR,47.850201,3.49711
LFLB,Chambéry Aix les Bains airport,FR,45.6381,5.88023
LFLC,Clermont-Ferrand Auvergne airport,FR,45.786701,3.16917
LFLD,Bourges airport,FR,47.060158,2.369633
LFLI,Annemasse Airfield,FR,46.192001,6.26839
LFLL,Lyon Saint-Exupéry Airport,FR,45.725996,5.090139
LFLM,Mâcon-Charnay Airfield,FR,46.295131,4.795977
LFLN,Saint-Yan Airport,FR,46.414019,4.014177
LFLO,Roanne-Renaison Airport,FR,46.053818,3.999023
LFLP,Annecy Meythet airport,FR,45.928947,6.0987
LFLS,Grenoble Alpes Isère Airport,FR,45.3629,5.32937
LFLU,Valence-Chabeuil Airport,FR,44.9216,4.9699
LFLV,Vichy-Charmeil Airport,FR,46.16969,3.403637
LFLW,Aurillac airport,FR,44.891399,2.42194
LFLX,Châteauroux Déols airport,FR,46.860221,1.728326
LFLY,Lyon Bron Airport,FR,45.727947,4.943991
LFMC,Le Luc-Le Cannet Airfield,FR,43.384701,6.38714
LFMD,Cannes Mandelieu Airport,FR,43.547998,6.955176
LFMH,Saint-Étienne-Bouthéon Airport,FR,45.5406,4.29639
LFMI,Istres-Le Tubé Air Base,FR,43.522701,4.92384
LFMK,Carcassonne Salvaza Airport,FR,43.216,2.30632
LFML,Marseille Provence Airport,FR,43.438088,5.2125
LFMN,Nice-Côte d'Azur Airport,FR,43.658401,7.21587
LFMO,Orange-Caritat (BA 115) Air Base,FR,44.140499,4.86672
LFMP,Perpignan-Rivesaltes (Llabanère) Airport,FR,42.740398,2.87067
LFMQ,Le Castellet Airport,FR,43.252499,5.78519
LFMS,Aérodrome d'Alès Cévennes,FR,44.069698,4.14212
LFMT,Montpellier-Méditerranée Airport,FR,43.576199,3.96301
LFMU,Béziers Vias airport,FR,43.323502,3.3539
LFMV,Avignon Caumont airport,FR,43.907299,4.90183
LFMY,Salon-de-Provence (BA 701) Air Base,FR,43.6064,5.10925
LFNB,Mende-Brenoux Airfield,FR,44.502102,3.53282
LFOA,Avord (BA 702) Air Base,FR,47.053299,2.6325
LFOB,Beauvais-Tillé airport,FR,49.454399,2.11278
LFOC,Châteaudun Airfield,FR,48.057907,1.379309
LFOE,Évreux-Fauville (BA 105) Air Base,FR,49.028702,1.21986
LFOH,Le Havre-Octeville Airport,FR,49.534038,0.088406
LFOI,Abbeville-Buigny Baie de Somme Airfield,FR,50.143501,1.831891
LFOJ,Orléans-Bricy (BA 123) Air Base,FR,47.987801,1.76056
LFOK,Chalons Vatry airport,FR,48.77333,4.20611
LFOP,Rouen Vallée de Seine Airport,FR,49.384887,1.179142
LFOT,Tours Val de Loire Airport,FR,47.432201,0.727606
LFOV,Laval-Entrammes Airport,FR,48.032208,-0.743999
LFPB,Paris-Le Bourget International Airport,FR,48.962276,2.436539
LFPC,Creil Air Base,FR,49.253502,2.51914
LFPG,Charles de Gaulle International Airport,FR,49.00896,2.554117
LFPM,Melun-Villaroche Airfield,FR,48.604698,2.67112
LFPN,Toussus-le-Noble Airport,FR,48.7519,2.10619
LFPO,Paris-Orly Airport,FR,48.729499,2.358963
LFPT,Pontoise-Cormeilles Aerodrome,FR,49.096064,2.035543
LFPV,Vélizy-Villacoublay Air Base,FR,48.774406,2.203102
LFQB,Troyes-Barberey Airport,FR,48.322102,4.0167
LFQE,Lieutenant Étienne Mantoux Air Base,FR,49.226898,5.67222
LFQG,Nevers-Fourchambault Airport,FR,47.002913,3.113114
LFQP,Phalsbourg-Bourscheid Air Base,FR,48.766203,7.200551
LFQQ,Lille Airport,FR,50.566564,3.102429
LFQT,Merville-Calonne Airport,FR,50.618401,2.64224
LFQV,Charleville-Mézières Ardennes-Etienne Riché Airfield,FR,49.783901,4.64708
LFQW,Vesoul-Frotey Airfield,FR,47.638588,6.204443
LFRB,Brest Bretagne airport,FR,48.447899,-4.41854
LFRC,Cherbourg Manche airport,FR,49.650101,-1.47028
LFRD,Dinard Pleurtuit Saint-Malo airport,FR,48.5877,-2.07996
LFRE,La Baule-Escoublac Airport,FR,47.289398,-2.34639
LFRF,Granville Airport,FR,48.883099,-1.56417
LFRG,Deauville Normandie airport,FR,49.365237,0.154481
LFRH,Lorient South Brittany (Bretagne Sud) Airport,FR,47.760601,-3.44
LFRI,La Roche-sur-Yon Les Ajoncs Airport,FR,46.7019,-1.37863
LFRJ,Landivisiau Air Base,FR,48.5303,-4.15164
LFRK,Caen Carpiquet airport,FR,49.17678,-0.454883
LFRL,Lanvéoc-Poulmic Air Base,FR,48.2817,-4.44502
LFRM,Le Mans-Arnage Airport,FR,47.948604,0.201702
LFRN,Rennes-Saint-Jacques Airport,FR,48.0695,-1.73479
LFRO,Lannion Airport,FR,48.754398,-3.47166
LFRQ,Quimper-Cornouaille Airport,FR,47.973031,-4.169655
LFRS,Nantes Atlantique Airport,FR,47.153198,-1.61073
LFRT,Saint-Brieuc-Armor Airport,FR,48.538628,-2.853518
LFRU,Morlaix-Ploujean Airport,FR,48.6031990051,-3.81577992439
LFRV,Vannes-Meucon Airport,FR,47.723301,-2.71856
LFRZ,Saint-Nazaire-Montoir Airport,FR,47.31142,-2.152634
LFSB,EuroAirport Basel–Mulhouse–Freiburg,FR,47.60068,7.521117
LFSD,Dijon Longvic airport,FR,47.268902,5.09
LFSG,Épinal Mirecourt Airport,FR,48.325001,6.06998
LFSI,Saint-Dizier – Robinson Air Base,FR,48.636002,4.89942
LFSL,Brive Souillac airport,FR,45.039722,1.485556
LFSM,Montbéliard-Courcelles Airfield,FR,47.487,6.79054
LFSN,Nancy-Essey Airport,FR,48.692101,6.23046
LFSO,Nancy-Ochey (BA 133) Air Base,FR,48.583099,5.955
LFST,Strasbourg Airport,FR,48.5383,7.62823
LFSX,Luxeuil-Saint-Sauveur (BA 116) Air Base,FR,47.787747,6.353419
LFTH,Toulon-Hyères Airport,FR,43.097301,6.14603
LFTW,Nîmes-Arles-Camargue Airport,FR,43.757401,4.41635
LFVP,Saint-Pierre Pointe-Blanche Airport,PM,46.762651,-56.17499
LFXA,Ambérieu Air Base (BA 278),FR,45.987301,5.32844
LGAD,Andravida Air Base,GR,37.9207,21.292601
LGAL,Alexandroupoli Democritus Airport,GR,40.8559,25.956301
LGAV,Athens Eleftherios Venizelos International Airport,GR,37.936401,23.9445
LGBL,Nea Anchialos National Airport,GR,39.219601,22.7943
LGEL,Elefsis Air Base,GR,38.063801,23.556
LGHI,Chios Island National Airport,GR,38.34320068359375,26.140600204467773
LGIO,Ioannina King Pyrrhus National Airport,GR,39.6964,20.8225
LGIR,Heraklion International Nikos Kazantzakis Airport,GR,35.339699,25.1803
LGKF,Kefallinia Airport,GR,38.12009811401367,20.500499725341797
LGKL,Kalamata Airport,GR,37.06829833984375,22.02549934387207
LGKO,"Kos International Airport ""Ippokratis""",GR,36.794523,27.09115
LGKP,Karpathos Airport,GR,35.421398,27.146
LGKR,Corfu Ioannis Kapodistrias International Airport,GR,39.60145,19.912179
LGKV,Kavala Alexander the Great International Airport,GR,40.9133,24.6192
LGKZ,Kozani National Airport Filippos,GR,40.286098,21.840799
LGMK,Mykonos Island National Airport,GR,37.435101,25.348101
LGMT,Mytilene International Airport,GR,39.057406,26.598629
LGPZ,Aktion National Airport,GR,38.925499,20.765301
LGRP,"Rhodes International Airport ""Diagoras""",GR,36.405399,28.086201
LGRX,Patras Araxos Agamemnon Airport,GR,38.1511,21.4256
LGSA,Chania International Airport,GR,35.531207,24.150673
LGSK,Skiathos Island National Airport,GR,39.177101,23.5037
LGSM,Samos Airport,GR,37.689999,26.911699
LGSR,Santorini International Airport,GR,36.400045,25.478638
LGST,Sitia Airport,GR,35.21609878540039,26.101299285888672
LGTG,Tanagra Air Base,GR,38.339802,23.565001
LGTS,Thessaloniki Macedonia International Airport,GR,40.51928,22.970009
LGZA,Zakynthos International Airport Dionysios Solomos,GR,37.7509,20.8843
LHBP,Budapest Liszt Ferenc International Airport,HU,47.43018,19.262393
LHDC,Debrecen International Airport,HU,47.489469,21.616278
LHKE,Kecskemét Air Base,HU,46.9175,19.749201
LHPP,Pécs-Pogány International Airport,HU,45.988891,18.242044
LHPR,Győr-Pér Airport,HU,47.628436,17.804718
LHSM,Hévíz–Balaton Airport,HU,46.686391,17.159084
LHSN,Szolnok Air Base,HU,47.122897,20.2355
LHTA,Taszár Air Base,HU,46.393101,17.9175
LHTL,Tököl Airport,HU,47.345299,18.980801
LIBA,Amendola Air Base,IT,41.538443,15.717181
LIBC,Crotone Sant'Anna Pythagoras Airport,IT,38.9972,17.0802
LIBD,Bari Karol Wojtyła International Airport,IT,41.138901,16.760599
LIBF,Foggia Gino Lisa Airport,IT,41.433596,15.534566
LIBG,Taranto-Grottaglie Marcello Arlotta Airport,IT,40.517502,17.4032
LIBN,Lecce Galatina Air Base / Galatina Fortunato Cesari Airport,IT,40.239201,18.133301
LIBP,Abruzzo Airport,IT,42.431079,14.182981
LIBR,Brindisi Airport,IT,40.6576,17.947001
LIBV,Gioia del Colle Antonio Ramirez Air Base,IT,40.767799,16.9333
LICA,Lamezia Terme Sant'Eufemia International Airport,IT,38.906214,16.246007
LICB,Comiso Airport,IT,36.99583,14.60889
LICC,Catania-Fontanarossa Airport,IT,37.466801,15.0664
LICD,Lampedusa Airport,IT,35.497898,12.6181
LICG,Pantelleria Airport,IT,36.816502,11.9689
LICJ,Falcone–Borsellino Airport,IT,38.175999,13.091
LICP,Palermo-Boccadifalco Airport,IT,38.115919,13.31337
LICR,Reggio Calabria Airport,IT,38.071201,15.6516
LICT,Vincenzo Florio Airport Trapani-Birgi,IT,37.9114,12.488
LICZ,Sigonella Navy Air Base,IT,37.401699,14.9224
LIDT,Trento-Mattarello Airport,IT,46.023333,11.125
LIEA,Alghero-Fertilia Airport,IT,40.632099,8.29077
LIED,Decimomannu Air Base,IT,39.354198,8.97248
LIEE,Cagliari Elmas Airport,IT,39.251499,9.05428
LIEO,Olbia Costa Smeralda Airport,IT,40.898953,9.518457
LIET,Tortolì Airport,IT,39.9188,9.68298
LILE,Biella-Cerrione Airfield,IT,45.4953,8.10278
LILN,Varese-Venegono Airport,IT,45.742199,8.888233
LIMA,Torino-Aeritalia Airport,IT,45.084444,7.603056
LIMC,Milan Malpensa International Airport,IT,45.6306,8.72811
LIME,Il Caravaggio International Airport,IT,45.669362,9.708851
LIMF,Turin Airport,IT,45.200802,7.64963
LIMG,Riviera Villanova d'Albenga International Airport,IT,44.050598,8.12743
LIMJ,Genoa Cristoforo Colombo Airport,IT,44.412039,8.840732
LIML,Milano Linate Airport,IT,45.445099,9.27674
LIMN,Cameri Air Base,IT,45.529598,8.66922
LIMP,Parma Airport,IT,44.826351,10.29705
LIMR,Novi Ligure Eugenio Mossi Airfield,IT,44.779999,8.78639
LIMS,Piacenza San Damiano Air Base,IT,44.91442,9.722318
LIMW,Aosta Corrado Gex Airport,IT,45.738552,7.3683
LIMZ,Cuneo International Airport,IT,44.547458,7.623045
LIPA,Aviano Air Base,IT,46.031898,12.596503
LIPB,Bolzano Airport,IT,46.459245,11.326125
LIPC,Cervia Air Base,IT,44.224201,12.3072
LIPE,Bologna Guglielmo Marconi Airport,IT,44.5354,11.2887
LIPH,Treviso Airport,IT,45.648399,12.1944
LIPI,Udine-Rivolto Air Base,IT,45.978699,13.0493
LIPK,Forlì-Luigi Ridolfi International Airport,IT,44.194801,12.0701
LIPL,Ghedi Air Base,IT,45.432551,10.268612
LIPO,Brescia Gabriele d'Annunzio Airport,IT,45.428902,10.3306
LIPQ,Trieste Airport,IT,45.827862,13.466672
LIPR,Federico Fellini International Airport,IT,44.020024,12.612198
LIPS,Istrana Air Base,IT,45.684382,12.086594
LIPU,Padova Gino Allegri Airfield,IT,45.395316,11.847124
LIPX,Verona Villafranca Valerio Catullo Airport,IT,45.394955,10.887303
LIPY,Marche Airport,IT,43.616299,13.3623
LIPZ,Venice Marco Polo Airport,IT,45.505299,12.3519
LIQS,Siena-Ampugnano Airport,IT,43.254942,11.255084
LIQW,Sarzana-Luni Bartolomeo Arrigoni Airport,IT,44.087375,9.987877
LIRA,Ciampino–G. B. Pastine International Airport,IT,41.798769,12.595331
LIRE,Pratica di Mare Air Base,IT,41.654499,12.4452
LIRF,Rome–Fiumicino Leonardo da Vinci International Airport,IT,41.804532,12.251998
LIRG,Guidonia Air Base,IT,41.990299,12.7408
LIRI,Salerno Costa d'Amalfi Airport,IT,40.620399,14.9113
LIRJ,Marina di Campo Airport,IT,42.760871,10.239811
LIRL,Latina Air Base,IT,41.5424,12.909
LIRM,Grazzanise Air Base,IT,41.060799,14.0819
LIRN,Naples International Airport,IT,40.886002,14.2908
LIRP,Pisa International Airport,IT,43.683899,10.3927
LIRQ,"Florence Airport, Peretola",IT,43.808558,11.202822
LIRS,Grosseto Corrado Baccarini Air Base / Grosseto Airport,IT,42.759701,11.0719
LIRU,Rome Urbe Airport,IT,41.952096,12.502231
LIRV,Viterbo Airport,IT,42.435297,12.061362
LIRZ,Perugia San Francesco d'Assisi – Umbria International Airport,IT,43.095901,12.5132
LJCE,Cerklje ob Krki Air Base,SI,45.900002,15.5302
LJLJ,Ljubljana Jože Pučnik Airport,SI,46.223701,14.4576
LJMB,Maribor Edvard Rusjan Airport,SI,46.4799,15.6861
LJPZ,Portorož Airport,SI,45.47201,13.615951
LKCS,České Budějovice South Bohemian Airport,CZ,48.948171,14.42832
LKCV,Čáslav Air Base,CZ,49.939701,15.3818
LKKB,Prague–Kbely Air Base,CZ,50.121399,14.5436
LKKU,Kunovice Airport,CZ,49.0294,17.439699
LKKV,Karlovy Vary Airport,CZ,50.202999,12.915
LKLN,Plzeň-Líně Airport,CZ,49.675201,13.2746
LKMT,Leoš Janáček Airport Ostrava,CZ,49.696301,18.111099
LKNA,Náměšť Air Base,CZ,49.166272,16.123981
LKPD,Pardubice Airport,CZ,50.015049,15.73981
LKPO,Přerov Air Base,CZ,49.4258,17.404699
LKPR,Václav Havel Airport Prague,CZ,50.100874,14.259911
LKTB,Brno-Tuřany Airport,CZ,49.151276,16.693972
LKVO,Vodochody Airport,CZ,50.216599,14.3958
LLBG,Ben Gurion International Airport,IL,32.011398,34.8867
LLEK,Tel Nof Air Base,IL,31.8395,34.8218
LLER,Ramon International Airport,IL,29.727009,35.014116
LLHA,Uri Michaeli Haifa International Airport,IL,32.810219,35.043719
LLIB,Rosh Pina Airport,IL,32.980999,35.571899
LLMZ,Bar Yehuda Airfield,IL,31.328199,35.388599
LLNV,Nevatim Air Base,IL,31.208299636799996,35.012298584
LLRD,Ramat David Air Base,IL,32.6651,35.179501
LLRM,Ramon Air Base,IL,30.7761,34.666698
LMML,Malta International Airport,MT,35.845932,14.491546
LOAN,Wiener Neustadt East Airport,AT,47.8433,16.260099
LOWG,Graz Airport,AT,46.9911,15.4396
LOWI,Innsbruck Airport,AT,47.260201,11.344
LOWK,Klagenfurt Airport,AT,46.642502,14.3377
LOWL,Linz-Hörsching Airport,AT,48.235362,14.188128
LOWS,Salzburg Airport,AT,47.793301,13.0043
LOWW,Vienna International Airport,AT,48.110298,16.5697
LOXN,Wiener Neustadt West Airport,AT,47.836933,16.221838
LOXZ,Hinterstoisser Air Base,AT,47.202801,14.7442
LPAR,Alverca Air Base,PT,38.883301,-9.0301
LPAZ,Santa Maria Airport,PT,36.97140121459961,-25.17060089111328
LPBG,Bragança Airport,PT,41.8578,-6.70713
LPBJ,Beja Airport / Airbase,PT,38.078899,-7.9324
LPBR,Braga Municipal Aerodrome,PT,41.587,-8.445189
LPCB,Aerodromo de Castelo Branco,PT,39.844528,-7.439875
LPCO,Aerodromo Municipal de Coimbra,PT,40.158758,-8.470815
LPCS,Cascais Airport,PT,38.724998,-9.35523
LPEV,Évora Airfield,PT,38.533501,-7.88964
LPFL,Flores Airport,PT,39.455299377441406,-31.131399154663086
LPFR,Faro - Gago Coutinho International Airport,PT,37.015909,-7.970939
LPGR,Graciosa Airport,PT,39.092201232910156,-28.029800415039062
LPHR,Horta Airport,PT,38.519901275634766,-28.715900421142578
LPLA,Lajes Airport,PT,38.761799,-27.090799
LPMA,Cristiano Ronaldo International Airport,PT,32.697812,-16.774613
LPMR,Monte Real Air Base,PT,39.828335,-8.8875
LPMT,Montijo Air Base,PT,38.70929,-9.03368
LPOV,Ovar Air Base,PT,40.915901,-8.64592
LPPD,João Paulo II Airport,PT,37.7411994934,-25.6979007721
LPPI,Pico Airport,PT,38.554298,-28.441299
LPPM,Portimão Airport,PT,37.1493,-8.58396
LPPR,Francisco de Sá Carneiro Airport,PT,41.2481002808,-8.68138980865
LPPS,Porto Santo Airport,PT,33.0733985901,-16.3500003815
LPPT,Lisbon Humberto Delgado Airport,PT,38.7813,-9.13592
LPSJ,São Jorge Airport,PT,38.665501,-28.1758
LPSO,Aeródromo Municipal de Ponte de Sor,PT,39.211545,-8.057787
LPST,Sintra Air Base,PT,38.8311,-9.33955
LPTN,Tancos Airbase,PT,39.475101,-8.36458
LPVL,Vilar de Luz Airfield,PT,41.27729,-8.516209
LPVR,Vila Real Airport,PT,41.2743,-7.72047
LPVZ,Aerodromo Goncalves Lobato (Viseu Airport),PT,40.725498,-7.88899
LQBK,Banja Luka International Airport,BA,44.941399,17.297501
LQMO,Mostar International Airport,BA,43.282489,17.846101
LQSA,Sarajevo International Airport,BA,43.8246,18.331499
LQTZ,Tuzla International Airport,BA,44.459858,18.723627
LRFT,Feteşti Borcea Air Base,RO,44.3923,27.7267
LRBO,Boboc Air Base,RO,45.2164,26.9786
LRAR,Arad International Airport,RO,46.176136,21.264322
LRBC,Bacău George Enescu International  Airport,RO,46.5219,26.910299
LRBM,Maramureș International Airport,RO,47.658444,23.464445
LRBS,Bucharest Băneasa Aurel Vlaicu International Airport,RO,44.503133,26.102944
LRBV,Brașov-Ghimbav International Airport,RO,45.70558,25.522871
LRCK,Mihail Kogălniceanu International Airport,RO,44.362202,28.4883
LRCL,Avram Iancu Cluj International Airport,RO,46.786042,23.685733
LRCS,Caransebeş Airport,RO,45.420142,22.252507
LRCT,Câmpia Turzii Air Base,RO,46.5023,23.8859
LRCV,Craiova International Airport,RO,44.3181,23.888599
LRIA,Iaşi International Airport,RO,47.179633,27.621431
LROD,Oradea International Airport,RO,47.025299,21.9025
LROP,Bucharest Henri Coandă International Airport,RO,44.571792,26.103285
LRSB,Sibiu International Airport,RO,45.785841,24.086666
LRSM,Satu Mare International Airport,RO,47.7033,22.8857
LRSV,Suceava Ștefan cel Mare International Airport,RO,47.6875,26.354099
LRTC,Tulcea Danube Delta Airport,RO,45.0625,28.7143
LRTM,Târgu Mureş Transilvania International Airport,RO,46.467701,24.4125
LRTR,Timișoara Traian Vuia International Airport,RO,45.809898,21.3379
LSGC,Les Eplatures Airport,CH,47.083900451699996,6.792840003970001
LSGG,Geneva International Airport,CH,46.238098,6.10895
LSGS,Sion Airport,CH,46.219166,7.326944
LSMA,Alpnach Air Base,CH,46.943901,8.28417
LSMD,Dübendorf Air Base,CH,47.398602,8.64823
LSME,Emmen Air Base,CH,47.092444,8.305184
LSMP,Payerne Air Base,CH,46.8432,6.91506
LSZA,Lugano Airport,CH,46.004299,8.91058
LSZB,Bern Airport,CH,46.912736,7.498819
LSZG,Grenchen Airfield,CH,47.181599,7.41719
LSZH,Zürich Airport,CH,47.458056,8.548056
LSZR,Sankt Gallen Altenrhein Airport,CH,47.485001,9.56077
LSZS,Engadin Airport,CH,46.5341,9.88411
LTAC,Esenboğa International Airport,TR,40.128101,32.995098
LTAD,Etimesgut Air Base,TR,39.949798584,32.6885986328
LTAE,Akıncı Air Base,TR,40.078899,32.565601
LTAG,İncirlik Air Base,TR,37.002102,35.4259
LTAH,Afyon Air Base,TR,38.726398,30.601101
LTAI,Antalya International Airport,TR,36.898701,30.800501
LTAJ,Gaziantep Oğuzeli International Airport,TR,36.947201,37.478699
LTAL,Kastamonu Airport,TR,41.314201,33.795799
LTAN,Konya Airport,TR,37.979,32.561901
LTAR,Sivas Nuri Demirağ Airport,TR,39.813801,36.9035
LTAS,Zonguldak Çaycuma Airport,TR,41.506401,32.0886
LTAT,Malatya Erhaç Airport,TR,38.435298919699996,38.0909996033
LTAU,Kayseri Erkilet International Airport,TR,38.770401,35.495399
LTAV,Sivrihisar Airport,TR,39.4515,31.365299
LTAW,Tokat Airport,TR,40.32472,36.39056
LTAY,Çardak Airport,TR,37.7855987549,29.7012996674
LTAZ,Nevşehir Kapadokya Airport,TR,38.7719,34.5345
LTBA,İstanbul Atatürk Airport,TR,40.971913,28.823714
LTBF,Balıkesir Airport,TR,39.619301,27.926001
LTBG,Bandırma Airport,TR,40.318001,27.977699
LTBH,Çanakkale Airport,TR,40.1376991272,26.4267997742
LTBI,Eskişehir Air Base,TR,39.7841,30.5821
LTBJ,Adnan Menderes International Airport,TR,38.2924,27.157
LTBL,Çiğli Airbase,TR,38.513,27.010099
LTBN,Kütahya Airport,TR,39.426701,30.016899
LTBO,Uşak Airport,TR,38.681499,29.471701
LTBQ,Cengiz Topel Airport,TR,40.735001,30.0833
LTBR,Bursa Yenişehir Airport,TR,40.255199,29.562599
LTBS,Dalaman International Airport,TR,36.7131,28.7925
LTBT,Akhisar Airport / Akhisar Air Base,TR,38.808899,27.8339
LTBU,Tekirdağ Çorlu Airport,TR,41.138199,27.9191
LTBX,İstanbul Samandıra Army Air Base,TR,40.993,29.216499
LTBY,Hasan Polatkan Airport,TR,39.811644,30.519268
LTCA,Elazığ Airport,TR,38.597974,39.28348
LTCB,Ordu–Giresun Airport,TR,40.966872,38.085995
LTCC,Diyarbakır Airport,TR,37.893902,40.201
LTCD,Erzincan Airport,TR,39.7102012634,39.527000427199994
LTCE,Erzurum International Airport,TR,39.956501,41.1702
LTCF,Kars Airport,TR,40.562198638916016,43.1150016784668
LTCG,Trabzon International Airport,TR,40.995098,39.7897
LTCI,Van Ferit Melen Airport,TR,38.46820068359375,43.332298278808594
LTCJ,Batman Airport,TR,37.929001,41.1166
LTCK,Muş Airport,TR,38.747798919677734,41.66120147705078
LTCL,Siirt Airport,TR,37.97890090942383,41.84040069580078
LTCM,Sinop Airport,TR,42.018313,35.071774
LTCN,Kahramanmaraş Airport,TR,37.5388259888,36.9535217285
LTCO,Ağrı Airport,TR,39.655642,43.025742
LTCP,Adıyaman Airport,TR,37.7314,38.468899
LTCR,Mardin Airport,TR,37.223300933800004,40.6316986084
LTCS,Şanlıurfa GAP Airport,TR,37.445663,38.895592
LTCT,Iğdır Airport,TR,39.976627,43.876648
LTCV,Şırnak Şerafettin Elçi Airport,TR,37.3647,42.0582
LTCW,Hakkari Yüksekova Airport,TR,37.5497,44.2381
LTDA,Hatay Airport,TR,36.36079,36.285589
LTDB,Çukurova International Airport,TR,36.891478,35.071235
LTFC,Süleyman Demirel International Airport,TR,37.8554,30.368401
LTFD,Balıkesir Koca Seyit Airport,TR,39.552533,27.010192
LTFE,Milas Bodrum International Airport,TR,37.249314,27.66401
LTFG,Gazipaşa-Alanya Airport,TR,36.298832,32.297017
LTFH,Samsun-Çarşamba Airport,TR,41.253988,36.567546
LTFJ,Istanbul Sabiha Gökçen International Airport,TR,40.898602,29.3092
LTFM,İstanbul Airport,TR,41.274874,28.732136
LTFO,Rize–Artvin Airport,TR,41.179766,40.848802
LUBL,Bălți-Leadoveni International Airport,MD,47.837666,27.781108
LUBM,Mărculești Air Base,MD,47.862701,28.212799
LUCH,Cahul International Airport,MD,45.8438,28.2637
LUKK,Chişinău International Airport,MD,46.92774,28.931704
LUTR,Tiraspol Airfield,MD,46.868099,29.590599
LWOH,Ohrid St. Paul the Apostle Airport,MK,41.18,20.7423
LWSK,Skopje International Airport,MK,41.958087,21.622581
LXGB,Gibraltar Airport,GI,36.151679,-5.34978
LY-BCQ,Brak Airport,LY,27.653,14.272
LYBE,Belgrade Nikola Tesla Airport,RS,44.818401,20.309099
LYBT,Batajnica Air Base,RS,44.935299,20.2575
LYKV,Morava Airport,RS,43.817519,20.586662
LYNI,Niš Constantine the Great Airport,RS,43.336538,21.856242
LYPG,Podgorica Airport / Podgorica Golubovci Airbase,ME,42.359402,19.2519
LYTV,Tivat Airport,ME,42.404701,18.723301
LYUZ,Ponikve Airport,RS,43.898899,19.697701
ZULA,Langzhong Gucheng Airport,CN,31.50191,106.034417
LZIB,M. R. Štefánik Airport,SK,48.1702,17.2127
LZKZ,Košice International Airport,SK,48.663101,21.2411
LZMC,Malacky/Kuchyňa Air Base,SK,48.402,17.118401
LZPP,Piešťany Airport,SK,48.62519836425781,17.828399658203125
LZSL,Sliač Airport,SK,48.63779830932617,19.13409996032715
LZTT,Poprad-Tatry Airport,SK,49.070994,20.241394
LZZI,Žilina-Dolný Hričov Airport,SK,49.233292,18.613386
GMAR,Mahbes Airbase,EH,27.726982,-9.237865
MBGT,JAGS McCartney International Airport,TC,21.4445,-71.142303
MBNC,North Caicos Airport,TC,21.916094,-71.942954
MBPV,Providenciales International Airport,TC,21.773697,-72.268321
MBSC,South Caicos Airport,TC,21.515699,-71.528503
MDBH,Maria Montez International Airport,DO,18.25149917602539,-71.12039947509766
MDCR,Cabo Rojo Airport,DO,17.929000854492188,-71.6447982788086
MDCY,Samaná El Catey International Airport,DO,19.269259,-69.737405
MDJB,La Isabela International Airport,DO,18.572500228881836,-69.98560333251953
MDLR,Casa De Campo International Airport,DO,18.452222,-68.911111
MDPC,Punta Cana International Airport,DO,18.567093,-68.364558
MDPP,Gregorio Luperon International Airport,DO,19.7579,-70.57
MDSD,Las Américas International Airport,DO,18.42970085144,-69.668899536133
MDSI,San Isidro Air Base,DO,18.503700256347656,-69.76170349121094
MDST,Cibao International Airport,DO,19.40406,-70.604431
MGCB,Coban Airport,GT,15.469,-90.4067
MGGT,La Aurora International Airport,GT,14.582896,-90.527515
MGPB,Puerto Barrios Airport,GT,15.7309,-88.583801
MGRB,Rubelsanto Airport,GT,15.992,-90.445297
MGRT,Retalhuleu Airport,GT,14.521431,-91.697001
MGSJ,San José Airport,GT,13.9362,-90.8358
MGMM,Mundo Maya International Airport,GT,16.913707,-89.866143
MHLC,Golosón International Airport,HN,15.7425,-86.852997
MHLM,Ramón Villeda Morales International Airport,HN,15.4526,-87.923599
MHNJ,La Laguna Airport,HN,16.4454,-85.906601
MHRO,Juan Manuel Gálvez International Airport,HN,16.316799,-86.523003
MHPR,Palmerola International Airport,HN,14.3824,-87.621201
MHTE,Tela Airport,HN,15.7759,-87.4758
MHTG,Toncontín Airport,HN,14.0609,-87.217201
MHTJ,Trujillo Airport,HN,15.926599,-85.938573
MKBS,Ian Fleming International Airport,JM,18.404079,-76.969754
MKJP,Norman Manley International Airport,JM,17.935699462890625,-76.7874984741211
MKJS,Sangster International Airport,JM,18.50342,-77.91323
MKKJ,Ken Jones Airport,JM,18.1987991333,-76.53450012210001
MKTP,Tinson Pen Airport,JM,17.98859977722168,-76.82379913330078
MMAA,General Juan N. Álvarez International Airport,MX,16.757126,-99.753113
MMAN,Del Norte International Airport,MX,25.865601,-100.237
MMAS,Aguascalientes International Airport,MX,21.699589,-102.318372
MMBT,Bahías de Huatulco International Airport,MX,15.775437,-96.260456
MMCB,General Mariano Matamoros International Airport,MX,18.833922,-99.261818
MMCC,Ciudad Acuña International Airport,MX,29.333662,-101.100555
MMCE,Ciudad del Carmen International Airport,MX,18.651516,-91.799355
MMCL,Bachigualato Federal International Airport,MX,24.76504,-107.475228
MMCM,Chetumal International Airport,MX,18.504985,-88.328018
MMCN,Ciudad Obregón International Airport,MX,27.39259910583496,-109.83300018310547
MMCP,Ingeniero Alberto Acuña Ongay International Airport,MX,19.815969,-90.500125
MMCS,Abraham González International Airport,MX,31.636673,-106.428533
MMCU,General Roberto Fierro Villalobos International Airport,MX,28.702649,-105.963764
MMCV,General Pedro Jose Mendez International Airport,MX,23.7033,-98.956497
MMCY,Captain Rogelio Castillo National Airport,MX,20.545998,-100.886539
MMCZ,Cozumel International Airport,MX,20.514922,-86.928538
MMDO,General Guadalupe Victoria International Airport,MX,24.125468,-104.527938
MMEP,Amado Nervo National Airport,MX,21.419833,-104.842472
MMES,Ensenada International Airport / El Ciprés Air Base,MX,31.794516,-116.602384
MMGL,Guadalajara International Airport,MX,20.523342,-103.310108
MMGM,General José María Yáñez International Airport,MX,27.9689998626709,-110.92500305175781
MMHO,General Ignacio L. Pesqueira International Airport,MX,29.092811,-111.053015
MMIA,Licenciado Miguel de la Madrid International Airport,MX,19.277,-103.577002
MMIO,Plan de Guadalupe International Airport,MX,25.53786,-100.928346
MMIT,General Antonio Cárdenas Rodríguez National Airport / Ixtepec Air Base,MX,16.445961,-95.093708
MMJA,El Lencero Airport,MX,19.475107,-96.797008
MMLC,Lázaro Cárdenas Airport,MX,18.001672,-102.220316
MMLM,Valle del Fuerte International Airport,MX,25.685503,-109.081159
MMLO,Guanajuato International Airport,MX,20.992695,-101.480284
MMLP,Manuel Márquez de León International Airport,MX,24.072331,-110.362662
MMLT,Loreto International Airport,MX,25.989549,-111.348408
MMMA,General Servando Canales International Airport,MX,25.7698993683,-97.5252990723
MMMD,Manuel Crescencio Rejón International Airport,MX,20.930485,-89.645462
MMML,General Rodolfo Sánchez Taboada International Airport,MX,32.630629,-115.242805
MMMM,General Francisco J. Mujica International Airport,MX,19.849899,-101.025002
MMMT,Minatitlán/Coatzacoalcos International Airport,MX,18.103399,-94.580704
MMMV,Monclova International Airport,MX,26.9557,-101.470001
MMMX,Mexico City Benito Juárez International Airport,MX,19.435822,-99.07033
MMMY,Monterrey International Airport,MX,25.778521,-100.106989
MMMZ,General Rafael Buelna International Airport,MX,23.162823,-106.264517
MMNG,Nogales International Airport,MX,31.225756,-110.976934
MMNL,Quetzalcóatl International Airport,MX,27.443899,-99.570503
MMOX,Xoxocotlán International Airport,MX,16.998773,-96.726092
MMPA,El Tajín National Airport,MX,20.6026992798,-97.46080017090001
MMPB,Hermanos Serdán International Airport,MX,19.158465,-98.371582
MMPG,Piedras Negras International Airport,MX,28.627873,-100.53524
MMPN,Uruapan - Licenciado y General Ignacio Lopez Rayon International Airport,MX,19.3967,-102.039001
MMPR,Puerto Vallarta International Airport,MX,20.679913,-105.254391
MMPS,Puerto Escondido International Airport,MX,15.876808,-97.0891
MMQT,Querétaro Intercontinental Airport,MX,20.618779,-100.186449
MMRX,General Lucio Blanco International Airport,MX,26.0089,-98.2285
MMSD,Los Cabos International Airport,MX,23.151919,-109.720731
MMSL,Cabo San Lucas International Airport,MX,22.949072,-109.939479
MMSM,Felipe Ángeles International Airport,MX,19.743824,-99.01507
MMSP,Ponciano Arriaga International Airport,MX,22.262026,-100.935692
MMTB,Terán Air Base,MX,16.739901,-93.173301
MMTC,Francisco Sarabia Tinoco International Airport,MX,25.562265,-103.404608
MMTG,Angel Albino Corzo International Airport,MX,16.561611,-93.025731
MMTJ,General Abelardo L. Rodriguez International Airport,MX,32.541043,-116.969976
MMTL,Felipe Carrillo Puerto International Airport Tulum,MX,20.172098,-87.660272
MMTM,General Francisco Javier Mina International Airport,MX,22.292622,-97.867058
MMTO,Adolfo López Mateos International Airport,MX,19.3369,-99.56583
MMTP,Tapachula International Airport,MX,14.794549,-92.369871
MMUN,Cancún International Airport,MX,21.040817,-86.87347
MMVA,Carlos Rovirosa Pérez International Airport,MX,17.994283,-92.818199
MMVR,General Heriberto Jara International Airport,MX,19.139589,-96.188602
MMZC,General Leobardo C. Ruiz International Airport,MX,22.894942,-102.687154
MMZH,Ixtapa-Zihuatanejo International Airport,MX,17.601771,-101.460629
MMZO,Playa de Oro International Airport,MX,19.1448,-104.558998
MN-0005,Shine Bulagin Hural Air Base,MN,45.9467,109.1233
MNBL,Bluefields Airport,NI,11.991,-83.774101
MNMG,Augusto C. Sandino (Managua) International Airport,NI,12.1415,-86.168198
MNPC,Puerto Cabezas Airport,NI,14.047200202941895,-83.38670349121094
MPBO,"Bocas del Toro ""Isla Colón"" International Airport",PA,9.34085,-82.250801
MPCE,Alonso Valderrama Airport,PA,7.98784,-80.409837
MPCH,Changuinola Captain Manuel Niño International Airport,PA,9.458962,-82.515062
MPDA,Enrique Malek International Airport,PA,8.388983,-82.436425
MPEJ,Enrique Adolfo Jimenez Airport,PA,9.35664,-79.867401
MPMG,Marcos A. Gelabert International Airport,PA,8.97334,-79.555603
MPSA,Ruben Cantu Airport,PA,8.085599899291992,-80.94529724121094
MPTO,Tocumen International Airport,PA,9.07136,-79.383499
MRAN,La Fortuna Arenal Airport,CR,10.469311,-84.579073
MRAO,Aerotortuguero Airport,CR,10.42,-83.6095
MRBA,Buenos Aires Airport,CR,9.163949,-83.330171
MRBC,Barra del Colorado Airport,CR,10.7687,-83.585602
MRCC,Coto 47 Airport,CR,8.60156,-82.968754
MRGF,Golfito Airport,CR,8.65401,-83.182198
MRGP,Guapiles Airport,CR,10.2172002792,-83.79699707030001
MRLB,Daniel Oduber Quirós International Airport,CR,10.5933,-85.544403
MRLC,Los Chiles Airport,CR,11.0353,-84.7061
MRLM,Limón International Airport,CR,9.95796,-83.022003
MRNS,Nosara Airport,CR,9.976490020750001,-85.65299987790002
MROC,Juan Santamaría International Airport,CR,9.99386,-84.208801
MRPJ,Puerto Jimenez Airport,CR,8.533329963684082,-83.30000305175781
MRPM,Palmar Sur Airport,CR,8.95103,-83.468597
MRPV,Tobías Bolaños International Airport,CR,9.95705,-84.139801
MRQP,Quepos Managua Airport,CR,9.44316,-84.129799
MRUP,Upala Airport,CR,10.8922,-85.016197
MSLP,El Salvador International Airport Saint Óscar Arnulfo Romero y Galdámez,SV,13.44447,-89.055784
MSSS,Ilopango International Airport,SV,13.6995,-89.119904
MTCA,Antoine-Simon International Airport,HT,18.271099,-73.7883
MTCH,Cap Haitien International Airport,HT,19.725547,-72.20071
MTJA,Jacmel Airport,HT,18.2411,-72.518501
MTJE,Jérémie Airport,HT,18.663099,-74.170303
MTPP,Toussaint Louverture International Airport,HT,18.580023,-72.292596
MTPX,Port-de-Paix Airport,HT,19.934045,-72.84801
MU-0004,IAF Agalega,MU,-10.372483,56.603537
MUBA,Gustavo Rizo Airport,CU,20.365299224853516,-74.5062026977539
MUBY,Carlos Manuel de Cespedes Airport,CU,20.3964,-76.621399
MUCA,Máximo Gómez Airport,CU,22.0271,-78.789597
MUCC,Jardines Del Rey Airport,CU,22.461000442499998,-78.32839965820001
MUCF,Jaime Gonzalez Airport,CU,22.149999618530273,-80.41419982910156
MUCL,Vilo Acuña International Airport,CU,21.6165008545,-81.5459976196
MUCM,Ignacio Agramonte International Airport,CU,21.419909,-77.848039
MUCU,Antonio Maceo International Airport,CU,19.97474,-75.835504
MUGM,Leeward Point Field,CU,19.9065,-75.2071
MUGT,Mariana Grajales Airport,CU,20.0853,-75.158302
MUHA,José Martí International Airport,CU,22.989200592041016,-82.40910339355469
MUHG,Frank Pais International Airport,CU,20.785148,-76.315526
MUKW,Kawama Airport,CU,23.124001,-81.301598
MUMO,Orestes Acosta Airport,CU,20.653900146484375,-74.92220306396484
MUMZ,Sierra Maestra International Airport,CU,20.288605,-77.087545
MUNB,San Nicolás de Bari Airport,CU,22.756514,-81.920743
MUNG,Rafael Cabrera Airport,CU,21.834699630737305,-82.78379821777344
MUPB,Playa Baracoa Airport,CU,23.032801,-82.579399
MUSC,Abel Santamaria International Airport,CU,22.492215,-79.943119
MUSJ,San Julián Air Base,CU,22.100525,-84.157376
MUSN,Siguanea Airport,CU,21.6425,-82.955101
MUTD,Alberto Delgado Airport,CU,21.7883,-79.9972
MUVR,Juan Gualberto Gomez International Airport,CU,23.034401,-81.435303
MUVT,Hermanos Ameijeiras Airport,CU,20.9876,-76.935799
MWCB,Charles Kirkconnell International Airport,KY,19.687,-79.882797
MWCL,Edward Bodden Little Cayman Airfield,KY,19.660161,-80.088826
MWCR,Owen Roberts International Airport,KY,19.292801,-81.357697
MMGA,Creel International Airport / Barrancas del Cobre Regional Airport,MX,27.725133,-107.652015
MX-2118,Base N°1 de la Fuerza Aérea Mexicana (General Alfredo Lezama Álvarez),MX,19.735231,-98.988153
MYAB,Clarence A. Bain Airport,BS,24.287701,-77.684601
MYAF,Andros Town Airport,BS,24.697901,-77.795601
MYAK,Congo Town Airport,BS,24.158701,-77.589798
MYAM,Leonard M. Thompson International Airport,BS,26.510711,-77.084262
MYAN,San Andros Airport,BS,25.053800582885742,-78.04900360107422
MYAP,Spring Point Airport,BS,22.441799,-73.970901
MYAT,Treasure Cay Airport,BS,26.745300293,-77.3912963867
MYBC,Chub Cay Airport,BS,25.417101,-77.880898
MYBG,Great Harbour Cay Airport,BS,25.7383,-77.840103
MYBS,South Bimini Airport,BS,25.6998996735,-79.2647018433
MYCA,Arthur's Town Airport,BS,24.6294,-75.673797
MYCB,New Bight Airport,BS,24.3153,-75.452301
MYCI,Colonel Hill Airport,BS,22.7456,-74.182404
MYEF,Exuma International Airport,BS,23.562599,-75.877998
MYEH,North Eleuthera Airport,BS,25.475823,-76.680784
MYEM,Governor's Harbour Airport,BS,25.2847,-76.331001
MYEN,Normans Cay Airport,BS,24.594299,-76.820198
MYER,Rock Sound International Airport,BS,24.89165,-76.177602
MYES,Staniel Cay Airport,BS,24.1691,-76.439102
MYGF,Grand Bahama International Airport,BS,26.557996,-78.695583
MYIG,Inagua Airport,BS,20.975,-73.666901
MYLD,Deadman's Cay Airport,BS,23.1790008545,-75.09359741210001
MYLR,Hard Bargain Airport,BS,23.009934,-74.904851
MYLS,Stella Maris Airport,BS,23.582317,-75.268621
MYMM,Mayaguana Airport,BS,22.379499,-73.013494
MYNN,Lynden Pindling International Airport,BS,25.039,-77.466202
MYRD,Duncan Town Airport,BS,22.181801,-75.7295
MYSM,San Salvador International Airport,BS,24.063041,-74.523233
MZBZ,Philip S. W. Goldson International Airport,BZ,17.539951,-88.303556
MZPL,Placencia Airport,BZ,16.536957,-88.361511
NCRG,Rarotonga International Airport,CK,-21.2027,-159.806
NE-0001,Niger Air Base 201,NE,16.95575,8.01861
NFFN,Nadi International Airport,FJ,-17.761822,177.437843
NFNA,Nausori International Airport,FJ,-18.044226,178.561486
NFNL,Labasa Airport,FJ,-16.4667,179.339996
NFTF,Fua'amotu International Airport,TO,-21.241438,-175.149164
NFTL,Lifuka Island Airport,TO,-19.777000427246094,-174.34100341796875
NFTV,Vava'u International Airport,TO,-18.5853,-173.962006
DNPM,Port Harcourt City Airport / Port Harcourt Air Force Base,NG,4.846111,7.021389
DNBK,Sir Ahmadu Bello International Airport,NG,12.479048,4.369132
NGFU,Funafuti International Airport,TV,-8.523885,179.196976
NGTA,Bonriki International Airport,KI,1.38164,173.147003
NGTE,Tabiteuea North Airport,KI,-1.22447,174.776001
NIUE,Niue International Airport,NU,-19.080109,-169.923493
ZPNL,Ninglang Luguhu Airport,CN,27.5403,100.7593
NLWW,Hihifo Airport,WF,-13.239445,-176.19865
VNPR,Pokhara International Airport,NP,28.1838,84.0147
NSFA,Faleolo International Airport,WS,-13.83,-172.007996
NSTU,Pago Pago International Airport,AS,-14.331,-170.710007
NTAA,Fa'a'ā International Airport,PF,-17.553472,-149.606936
NTAR,Rurutu Airport,PF,-22.434099197387695,-151.36099243164062
NTAT,Tubuai Airport,PF,-23.365400314331055,-149.5240020751953
NTGA,Anaa Airport,PF,-17.3526,-145.509995
NTGB,Fangatau Airport,PF,-15.820044,-140.888071
NTGC,Tikehau Airport,PF,-15.1196,-148.231003
NTGE,Reao Airport,PF,-18.46652,-136.43855
NTGF,Fakarava Airport,PF,-16.054100036621094,-145.65699768066406
NTGI,Manihi Airport,PF,-14.436800003051758,-146.07000732421875
NTGJ,Totegegie Airport,PF,-23.07990074157715,-134.88999938964844
NTGK,Kaukura Airport,PF,-15.6633,-146.884995
NTGM,Makemo Airport,PF,-16.5839,-143.658005
NTGT,Takapoto Airport,PF,-14.709500312805176,-145.24600219726562
NTGU,Arutua Airport,PF,-15.248299598693848,-146.61700439453125
NTGV,Mataiva Airport,PF,-14.8681001663208,-148.7169952392578
NTHE,Ahe Airport,PF,-14.428099632263184,-146.2570037841797
NTKR,Takaroa Airport,PF,-14.45580005645752,-145.02499389648438
NTMD,Nuku Hiva Airport,PF,-8.7956,-140.229004
NTMN,Hiva Oa-Atuona Airport,PF,-9.76879024506,-139.011001587
NTTB,Bora Bora Airport,PF,-16.444400787353516,-151.75100708007812
NTTG,Rangiroa Airport,PF,-14.954299926757812,-147.66099548339844
NTTH,Huahine-Fare Airport,PF,-16.687084,-151.021593
NTTM,Moorea Temae Airport,PF,-17.48979,-149.761777
NTTO,Hao Airport,PF,-18.0748,-140.945999
NTTP,Maupiti Airport,PF,-16.42650032043457,-152.24400329589844
NTTR,Raiatea Airport,PF,-16.7229,-151.466003
NVSQ,Gaua Island Airport,VU,-14.2181,167.587006
NVSS,Santo Pekoa International Airport,VU,-15.505000114399998,167.220001221
NVVV,Bauerfield International Airport,VU,-17.699301,168.320007
NVVW,Whitegrass Airport,VU,-19.455099,169.223999
NWWA,Tiga Airport,NC,-21.096407,167.80379
NWWD,Koné Airport,NC,-21.053551,164.838768
NWWE,Île des Pins Airport,NC,-22.5889,167.455994
NWWL,Lifou Airport,NC,-20.774563,167.239328
NWWM,Nouméa Magenta Airport,NC,-22.257706,166.472822
NWWR,Maré Airport,NC,-21.482438,168.038465
NWWU,Touho Airport,NC,-20.790127,165.259524
NWWV,Ouvéa Airport,NC,-20.640932,166.573024
NWWW,La Tontouta International Airport,NC,-22.014601,166.212997
NZAA,Auckland International Airport,NZ,-37.01199,174.786331
NZAP,Taupo Airport,NZ,-38.73970031738281,176.08399963378906
NZAR,Ardmore Airport,NZ,-37.029701232910156,174.97300720214844
NZCH,Christchurch International Airport,NZ,-43.489029,172.532065
NZCI,Inia William Tuuta Memorial Airport,NZ,-43.81189,-176.46514
NZDN,Dunedin International Airport,NZ,-45.929017,170.197758
NZGS,Gisborne Airport,NZ,-38.6633,177.977997
NZGT,Glentanner Airport,NZ,-43.906700134277344,170.1280059814453
NZHK,Hokitika Airfield,NZ,-42.713600158691406,170.98500061035156
NZHN,Hamilton International Airport,NZ,-37.866961,175.331952
NZKK,Kerikeri Airport,NZ,-35.259148,173.913317
NZKT,Kaitaia Airport,NZ,-35.069837,173.287053
NZLX,Alexandra Aerodrome,NZ,-45.210495,169.371113
NZMC,Mount Cook Airport,NZ,-43.764999,170.132996
NZMO,Manapouri Airport,NZ,-45.5331,167.649994
NZMS,Hood Airport,NZ,-40.974634,175.63454
NZNP,New Plymouth Airport,NZ,-39.00859832763672,174.1790008544922
NZNR,Hawke's Bay Airport,NZ,-39.465801,176.869995
NZNS,Nelson Airport,NZ,-41.296709,173.224323
NZNV,Invercargill Airport,NZ,-46.41239929199219,168.31300354003906
NZOH,RNZAF Base Ohakea,NZ,-40.20600128173828,175.38800048828125
NZOU,Oamaru Airport,NZ,-44.970001,171.082001
NZPM,Palmerston North Airport,NZ,-40.320599,175.617004
NZPP,Paraparaumu Airport,NZ,-40.904701232910156,174.98899841308594
NZQN,Queenstown Airport,NZ,-45.019205,168.746379
NZRO,Rotorua Regional Airport,NZ,-38.1092,176.317001
NZSP,Amundsen–Scott South Pole Station Airport,AQ,-90,-1
NZTG,Tauranga Airport,NZ,-37.67190170288086,176.1959991455078
NZTU,Timaru Airport,NZ,-44.302799224853516,171.22500610351562
NZUK,Pukaki Airport,NZ,-44.2350006104,170.117996216
NZWB,Woodbourne Airport,NZ,-41.5182991027832,173.8699951171875
NZWD,Williams Field Skiway,AQ,-77.867401,167.057007
NZWF,Wanaka Airport,NZ,-44.722091,169.246287
NZWK,Whakatāne Airport,NZ,-37.922224,176.91696
NZWN,Wellington International Airport,NZ,-41.326839,174.806862
NZWO,Wairoa Airport,NZ,-39.011862,177.404401
NZWP,RNZAF Base Auckland-Whenuapai,NZ,-36.7878,174.630005
NZWR,Whangarei Airport,NZ,-35.769253,174.363713
NZWS,Westport Airport,NZ,-41.737111,171.579033
NZWU,Wanganui Airport,NZ,-39.963467,175.02444
OAHR,Herat - Khwaja Abdullah Ansari International Airport,AF,34.209999,62.228298
OAIX,Bagram Airfield,AF,34.946098,69.264999
OAJL,Jalalabad Airport,AF,34.399799,70.498596
OAKB,Kabul International Airport,AF,34.565899,69.212303
OAKN,Ahmad Shah Baba International Airport,AF,31.505769,65.847963
OAKS,Khost International Airport,AF,33.284605,69.80734
OAMN,Maymana Zahiraddin Faryabi Airport,AF,35.930801,64.760902
OAMS,Mazar-i-Sharif International Airport,AF,36.70412,67.210459
OAUZ,Kunduz Airport,AF,36.6651,68.910797
OBBI,Bahrain International Airport,BH,26.267295,50.63764
OBBS,Sheik Isa Air Base,BH,25.9184,50.590599
FGCO,Corisco International Airport,GQ,0.910937,9.33027
OE49,Mecca East Airport,SA,21.4375,39.994202
OEAD,Aradah Airport,SA,21.226999,55.2673
OEAB,Abha International Airport,SA,18.2404,42.656601
OEAH,Al-Ahsa International Airport,SA,25.285299,49.485199
OEAO,Al-Ula International Airport,SA,26.483634,38.117048
OEBA,King Saud Bin Abdulaziz (Al Baha) Airport,SA,20.298506,41.636153
OEBH,Bisha Airport,SA,19.9844,42.620899
OEDF,King Fahd International Airport,SA,26.4691,49.798209
OEDM,Dawadmi Domestic Airport,SA,24.4499,44.121201
OEDR,King Abdulaziz Air Base,SA,26.2654,50.152
OEGN,Jizan Regional Airport / King Abdullah bin Abdulaziz Airport,SA,16.9011,42.5858
OEGS,Prince Naif bin Abdulaziz International Airport,SA,26.302799,43.774399
OEGT,Gurayat Domestic Airport,SA,31.412413,37.278898
OEHL,Hail International Airport,SA,27.437901,41.686298
OEJB,Jubail Airport,SA,27.039,49.405102
OEJF,King Faisal Naval Base,SA,21.348101,39.173
OEJN,King Abdulaziz International Airport,SA,21.680241,39.157436
OEKK,King Khaled Military City Airport,SA,27.9009,45.528198
OEKM,King Khalid Air Base,SA,18.2973,42.803501
OEMA,Prince Mohammad Bin Abdulaziz Airport,SA,24.5534,39.705101
OENG,Najran Domestic Airport,SA,17.611401,44.419201
OENN,Neom Bay Airport,SA,27.924261,35.29358
OEPA,Qaisumah–Hafar Al-Batin International Airport,SA,28.335726,46.127108
OEPS,Prince Sultan Air Base,SA,24.0627,47.580502
OERF,Rafha Domestic Airport,SA,29.626399993896484,43.4906005859375
OERK,King Khalid International Airport,SA,24.9576,46.698799
OERM,Ras Mishab Airport,SA,28.079599,48.611
OERR,Arar Domestic Airport,SA,30.906600952148438,41.13819885253906
OERT,Ras Tanura Airport,SA,26.723101,50.0308
OESH,Sharurah Domestic Airport,SA,17.4669,47.121399
OESK,Al-Jawf International Airport,SA,29.783301,40.100905
OETB,Prince Sultan bin Abdulaziz International Airport,SA,28.3711,36.624865
OETF,Taif International Airport,SA,21.484739,40.544074
OETN,Ras Tanajib Airport,SA,27.8678,48.7691
OETR,Turaif Domestic Airport,SA,31.692188,38.731544
OEWD,Wadi Al Dawasir Domestic Airport,SA,20.504299,45.1996
OEWJ,Al Wajh Domestic Airport,SA,26.198601,36.476398
OEYN,Prince Abdulmohsen Bin Abdulaziz International Airport,SA,24.144199,38.0634
OIAA,Abadan Ayatollah Jami International Airport,IR,30.367887,48.230075
OIAD,Dezful Airport,IR,32.434399,48.397598
OIAG,Aghajari Airport,IR,30.7444,49.6772
OIAH,Gachsaran Airport,IR,30.333869,50.833796
OIAI,Shahid Asiyaee Airport,IR,32.001719,49.268599
OIAM,Mahshahr Airport,IR,30.5562,49.151901
OIAW,Qasem Soleimani International Airport,IR,31.3364,48.763789
OIBA,Abu Musa Island Airport,IR,25.8757,55.033001
OIBB,Bushehr Airport,IR,28.9447994232,50.8345985413
OIBJ,Jam Airport,IR,27.820499,52.3522
OIBK,Kish International Airport,IR,26.525427,53.980462
OIBL,Bandar Lengeh International Airport,IR,26.532283,54.82484
OIBP,Persian Gulf International Airport,IR,27.379601,52.737701
OIBQ,Khark Airport,IR,29.260503,50.322193
OIBS,Siri Airport,IR,25.908899,54.539398
OIBV,Lavan Airport,IR,26.810742,53.354302
OICC,Shahid Ashrafi Esfahani Airport,IR,34.3459014893,47.1581001282
OICI,Ilam Airport,IR,33.58660125732422,46.40480041503906
OICK,Khoram Abad Airport,IR,33.43539810180664,48.282901763916016
OICS,Sanandaj Airport,IR,35.24589920043945,47.00920104980469
OIFK,Kashan Airport,IR,33.895302,51.577
OIFM,Isfahan Shahid Beheshti International Airport,IR,32.755142,51.883877
OIFP,Badr Air Base,IR,32.621101,51.696999
OIFS,Shahrekord Airport,IR,32.2971992493,50.842201232899995
OIGG,Sardar-e-Jangal Airport,IR,37.323333,49.617778
OIHH,Hamadan Airport,IR,34.866416,48.56069
OIHS,Nojeh Air Base,IR,35.211601,48.6534
OIIE,Imam Khomeini International Airport,IR,35.416099548339844,51.152198791503906
OIII,Mehrabad International Airport,IR,35.689175,51.314392
OIIK,Qazvin Airport,IR,36.240101,50.0471
OIIP,Payam International Airport,IR,35.7761,50.826698
OIKB,Bandar Abbas International Airport,IR,27.2183,56.3778
OIKJ,Jiroft Airport,IR,28.723519,57.675037
OIKK,Ayatollah Hashemi Rafsanjani International Airport,IR,30.271276,56.949692
OIKM,Bam Airport,IR,29.0842,58.450001
OIKQ,Qeshm International Airport,IR,26.754639,55.902353
OIKR,Rafsanjan Airport,IR,30.298345,56.048979
OIKY,Sirjan Airport,IR,29.5509,55.672699
OIMB,Birjand International Airport,IR,32.896525,59.281258
OIMC,Sarakhs Airport,IR,36.501202,61.064899
OIMM,Mashhad International Airport,IR,36.234821,59.642949
OIMN,Bojnord Airport,IR,37.49300003051758,57.30820083618164
OIMS,Sabzevar National Airport,IR,36.16809844970703,57.59519958496094
OIMT,Tabas Airport,IR,33.667801,56.8927
OING,Gorgan Airport,IR,36.909400939899996,54.4012985229
OINN,Nowshahr Airport,IR,36.664286,51.46273
OINR,Ramsar Airport,IR,36.90701,50.687316
OINZ,Sari Dasht-e Naz International Airport,IR,36.644408,53.188761
OISF,Fasa Airport,IR,28.8918,53.723301
OISL,Lar Airport,IR,27.6747,54.383301
OISR,Lamerd Airport,IR,27.3727,53.188801
OISS,Shiraz Shahid Dastghaib International Airport,IR,29.5392,52.589802
OISY,Yasuj Airport,IR,30.702238,51.542988
OITL,Ardabil Airport,IR,38.3256988525,48.4244003296
OITR,Urmia Airport,IR,37.6680984497,45.0686988831
OITT,Tabriz International Airport,IR,38.1339,46.235001
OITU,Maku National Airport,IR,39.191293,44.928505
OITZ,Zanjan Airport,IR,36.7737007141,48.3594017029
OIYY,Shahid Sadooghi Airport,IR,31.9048995972,54.2765007019
OIZB,Zabol Airport,IR,31.098301,61.5439
OIZC,Chabahar Konarak International Airport,IR,25.44319,60.382167
OIZH,Zahedan International Airport,IR,29.4757,60.9062
OIZI,Iranshahr Airport,IR,27.236099,60.720001
OJAI,Queen Alia International Airport,JO,31.7226009369,35.9931983948
OJAM,Marka International (Amman Civil) Airport,JO,31.9727,35.9916
OJAQ,King Hussein International Airport,JO,29.611601,35.018101
OJMS,Muwaffaq Salti Air Base,JO,31.8256,36.782001
OKAJ,Ahmed Al Jaber Air Base,KW,28.9347991943,47.791900634799994
OKAS,Ali Al Salem Air Base,KW,29.346905,47.520118
OKKK,Kuwait International Airport,KW,29.224487,47.969813
OLBA,Beirut Rafic Hariri International Airport,LB,33.819833,35.487443
OLKA,Rene Mouawad Air Base,LB,34.589298,36.011299
OLRA,Rayak Air Base,LB,33.850799560546875,35.987701416015625
OODQ,Duqm International Airport,OM,19.501944,57.634167
OOMN,Mussanah Airport,OM,23.640556,57.4875
OORH,Ras al Hadd Airport,OM,22.25691,59.74067
OMAA,Zayed International Airport,AE,24.440966,54.649237
OMAD,Al Bateen Executive Airport,AE,24.427062,54.459866
OMAL,Al Ain International Airport,AE,24.2617,55.6092
OMAM,Al Dhafra Air Base,AE,24.248199462900004,54.547698974599996
OMBY,Sir Bani Yas Airport,AE,24.283611,52.580278
OMDB,Dubai International Airport,AE,25.24979,55.370992
OMDM,Al Minhad Air Base,AE,25.0268001556,55.3661994934
OMDW,Al Maktoum International Airport,AE,24.896171,55.16235
OMFJ,Fujairah International Airport,AE,25.108411,56.328061
OMRK,Ras Al Khaimah International Airport,AE,25.613501,55.938801
OMSJ,Sharjah International Airport,AE,25.3286,55.5172
OOKB,Khasab Airport,OM,26.171,56.240601
OOMA,RAFO Masirah,OM,20.6754,58.890499
OOMS,Muscat International Airport,OM,23.600218,58.285268
OOSA,Salalah International Airport,OM,17.0387,54.091301
OOSH,Suhar International Airport,OM,24.38604,56.62541
OOTH,Thumrait Air Base,OM,17.666,54.024601
OP12,Shamsi Airfield,PK,27.8465,65.160004
OPBW,Bahawalpur Airport,PK,29.348100662231445,71.71800231933594
OPCH,Chitral Airport,PK,35.886213,71.799922
OPDG,Dera Ghazi Khan Airport,PK,29.961000442504883,70.48590087890625
OPDI,Dera Ismael Khan Airport [IN-ACTIVE],PK,31.909401,70.896599
OPFA,Faisalabad International Airport,PK,31.364923,72.995319
OPGW,New Gwadar International Airport,PK,25.296733,62.498822
OPGT,Gilgit Airport,PK,35.918800354003906,74.33360290527344
OPIS,Islamabad International Airport,PK,33.549,72.82566
OPJA,Shahbaz Air Base,PK,28.28420066833496,68.44969940185547
OPKC,Jinnah International Airport,PK,24.9065,67.160797
OPLA,Allama Iqbal International Airport,PK,31.521601,74.403603
OPMA,Mangla Airport,PK,33.05009841918945,73.63839721679688
OPMI,Mianwali Air Base,PK,32.5630989074707,71.5707015991211
OPMJ,Moenjodaro Airport,PK,27.335199,68.143097
OPMR,Masroor Air Base,PK,24.893600463867188,66.93879699707031
OPMS,Minhas Air Base,PK,33.8690986633,72.4009017944
OPMT,Multan International Airport,PK,30.203199,71.419098
OPNH,Shaheed Benazirabad Airport,PK,26.2194,68.390099
OPPG,Panjgur Airport,PK,26.9545,64.1325
OPPI,Pasni Airport,PK,25.290501,63.3451
OPPS,Bacha Khan International Airport,PK,33.9939,71.514603
OPQT,Quetta International Airport,PK,30.2514,66.937798
OPRK,Shaikh Zaid Airport,PK,28.383899688720703,70.27960205078125
OPRN,PAF Base Nur Khan (Benazir Bhutto International Airport),PK,33.616699,73.099197
OPRQ,Rafiqui Air Base,PK,30.758100509643555,72.28250122070312
OPRS,Risalpur Air Base,PK,34.08110046386719,71.97260284423828
OPRT,Rawalakot Airport,PK,33.849701,73.798103
OPSD,Skardu International Airport,PK,35.33866,75.538648
OPSF,Faisal Air Base,PK,24.87420082092285,67.11849975585938
OPSK,Begum Nusrat Bhutto International Airport Sukkur,PK,27.722,68.791702
OPSN,Sehwan Sharif Airport,PK,26.473101,67.717201
OPSR,Mushaf Air Base,PK,32.04859924316406,72.66500091552734
OPSS,Saidu Sharif Airport,PK,34.813599,72.352798
OPST,Sialkot International Airport,PK,32.535941,74.364623
OPSU,Sui Airport,PK,28.645099639892578,69.1769027709961
OPTU,Turbat International Airport,PK,25.984767,63.028856
OPZB,Zhob Airport,PK,31.358400344848633,69.4636001586914
ORAA,Al Asad Air Base,IQ,33.7855987549,42.4412002563
ORAT,Al Taqaddum Air Base,IQ,33.33810043335,43.597099304199
ORBD,Balad Southeast Airport / Joint Base Balad,IQ,33.940201,44.361599
ORBI,Baghdad International Airport / New Al Muthana Air Base,IQ,33.262501,44.2346
ORBM,Mosul International Airport,IQ,36.305801,43.1474
ORER,Erbil International Airport,IQ,36.236047,43.946615
ORKK,Kirkuk International Airport,IQ,35.469501,44.3489
ORMM,Basra International Airport,IQ,30.549101,47.662102
ORNI,Al Najaf International Airport,IQ,31.991116,44.405019
ORQW,Qayyarah West Airport,IQ,35.7672,43.125099
ORSH,Al Sahra Army Air Field,IQ,34.673199,43.542999
ORSJ,Jalal Talabani International Airport,IQ,35.560487,45.315137
ORTF,Tall Afar Army Air Field,IQ,36.2831,42.403
ORTI,Al Taji Army Air Field,IQ,33.523899,44.256699
ORTL,Ali Air Base,IQ,30.935801,46.090099
ORUB,Ubaydah Bin Al Jarrah Airport,IQ,32.481998,45.757099
OS57,Abu ad Duhur Air Base,SY,35.732200622558594,37.10419845581055
OS64,An Nasiriyah Air Base,SY,33.91899871826172,36.866600036621094
OS69,Khalkhalah Air Base,SY,33.077301025390625,36.55820846557617
OS70,Al Qusayr Air Base,SY,34.56909942626953,36.57279968261719
OSAP,Aleppo International Airport,SY,36.181262,37.226869
OSDI,Damascus International Airport,SY,33.4114990234375,36.51559829711914
OSDZ,Deir ez-Zor Airport,SY,35.2854,40.175999
OSKL,Qamishli International Airport,SY,37.020599,41.191399
OSLK,Latakia International Airport,SY,35.4011,35.9487
OSPR,Palmyra Airport,SY,34.5574,38.316898
OTBD,Doha International Airport,QA,25.259431,51.565528
OTBH,Al Udeid Air Base,QA,25.1173000336,51.3149986267
OTHH,Hamad International Airport,QA,25.273056,51.608056
OY74,Al Anad Air Base,YE,13.1747,44.765099
OYAA,Aden International Airport,YE,12.829564,45.029976
OYAT,Ataq Airport,YE,14.5513,46.826199
OYGD,Al Ghaydah International Airport,YE,16.193341,52.174186
OYHD,Hodeida International Airport,YE,14.752039,42.975969
OYRN,Riyan International Airport,YE,14.662241,49.375289
OYSN,Sanaa International Airport,YE,15.4763,44.2197
OYSQ,Socotra Airport,YE,12.632093,53.906173
OYSY,Seiyun Hadhramaut International Airport,YE,15.965887,48.788146
OYTZ,Taiz International Airport,YE,13.686,44.139099
PAAQ,"Warren ""Bud"" Woods Palmer Municipal Airport",US,61.594898,-149.08901
PABA,Barter Island Long Range Radar Station Airport,US,70.134003,-143.582001
PABE,Bethel Airport,US,60.77980042,-161.8379974
PABI,Allen Army Airfield,US,63.994499,-145.722
PABR,Wiley Post Will Rogers Memorial Airport,US,71.285402,-156.766008
PABV,Birchwood Airport,US,61.4165,-149.507004
PACD,Cold Bay Airport,US,55.207871,-162.725029
PACL,Clear Airport,US,64.299738,-149.117432
PACV,Merle K (Mudhole) Smith Airport,US,60.491798,-145.477997
PACZ,Cape Romanzof LRRS Airport,US,61.78030014,-166.0390015
PADE,Deering Airport,US,66.068901,-162.766914
PADK,Adak Airport,US,51.883564,-176.642783
PADL,Dillingham Airport,US,59.04470062,-158.5050049
PADQ,Kodiak Airport,US,57.75,-152.4940033
PADU,Tom Madsen (Dutch Harbor) Airport,US,53.89881,-166.544996
PAED,Elmendorf Air Force Base,US,61.251709,-149.807097
PAEH,Cape Newenham LRRS Airport,US,58.646400451699996,-162.06300354
PAEI,Eielson Air Force Base,US,64.66570282,-147.102005
PAEM,Emmonak Airport,US,62.78609848,-164.4909973
PAEN,Kenai Municipal Airport,US,60.570946,-151.245174
PAFA,Fairbanks International Airport,US,64.815102,-147.856003
PAFB,Ladd Army Airfield,US,64.837502,-147.613998
PAFE,Kake Airport,US,56.961312,-133.910202
PAFM,Ambler Airport,US,67.105529,-157.855339
PAGA,Edward G. Pitka Sr Airport,US,64.736198,-156.936997
PAGK,Gulkana Airport,US,62.155859,-145.454662
PAGM,Gambell Airport,US,63.767694,-171.733303
PAGS,Gustavus Airport,US,58.4253006,-135.7070007
PAHC,Holy Cross Airport,US,62.18830108642578,-159.77499389648438
PAHL,Huslia Airport,US,65.697899,-156.350998
PAHN,Haines Airport,US,59.243921,-135.523925
PAHO,Homer Airport,US,59.644456,-151.479235
PAII,Egegik Airport,US,58.184386,-157.374873
PAIK,Bob Baker Memorial Airport,US,66.976128,-160.439014
PAIL,Iliamna Airport,US,59.754398,-154.910996
PAIM,Indian Mountain LRRS Airport,US,65.992798,-153.703995
PAJN,Juneau International Airport,US,58.354935,-134.574416
PAKN,King Salmon Airport,US,58.677845,-156.651965
PAKP,Anaktuvuk Pass Airport,US,68.133598,-151.742996
PAKT,Ketchikan International Airport,US,55.35559845,-131.7140045
PAKW,Klawock Airport,US,55.579201,-133.076004
PALU,Cape Lisburne LRRS Airport,US,68.875099,-166.110001
PAMC,McGrath Airport,US,62.95289993,-155.6060028
PAMR,Merrill Field,US,61.212792,-149.843988
PAMY,Mekoryuk Airport,US,60.372338,-166.269751
PANC,Ted Stevens Anchorage International Airport,US,61.179004,-149.992561
PANI,Aniak Airport,US,61.581600189208984,-159.54299926757812
PANN,Nenana Municipal Airport,US,64.548772,-149.074516
PANT,Annette Island Airport,US,55.037663,-131.572609
PANV,Anvik Airport,US,62.646702,-160.190994
PAOM,Nome Airport,US,64.51219940185547,-165.44500732421875
PAOR,Northway Airport,US,62.9613,-141.929001
PAOT,Ralph Wien Memorial Airport,US,66.88469696,-162.598999
PAPB,St George Airport,US,56.577345,-169.663823
PAPC,Port Clarence Coast Guard Station,US,65.2537002563,-166.85899353
PAPG,Petersburg James A Johnson Airport,US,56.80170059,-132.9450073
PAPH,Port Heiden Airport,US,56.957893,-158.630219
PAPM,Platinum Airport,US,59.017675,-161.827927
PAQT,Nuiqsut Airport,US,70.209999,-151.005998
PARC,Arctic Village Airport,US,68.1147,-145.578995
PARY,Ruby Airport,US,64.727203,-155.470001
PASA,Savoonga Airport,US,63.686401,-170.492996
PASC,Deadhorse Airport,US,70.19470215,-148.4649963
PASD,Sand Point Airport,US,55.313908,-160.522099
PASI,Sitka Rocky Gutierrez Airport,US,57.04710006713867,-135.36199951171875
PASN,St Paul Island Airport,US,57.166311,-170.222555
PASV,Sparrevohn LRRS Airport,US,61.09740067,-155.5740051
PASX,Soldotna Airport,US,60.474935,-151.038471
PASY,Eareckson Air Station,US,52.71229935,174.1139984
PATK,Talkeetna Airport,US,62.320499420166,-150.09399414062
PATL,Tatalina LRRS Airport,US,62.894401550299996,-155.977005005
PATQ,Atqasuk Edward Burnell Sr Memorial Airport,US,70.46704,-157.436013
PAUN,Unalakleet Airport,US,63.888401,-160.798996
PAVD,Valdez Pioneer Field,US,61.132712,-146.246567
PAWD,Seward Airport,US,60.130478,-149.418612
PAWG,Wrangell Airport,US,56.48429871,-132.3699951
PAWI,Wainwright Airport,US,70.638,-159.994995
PAWS,Wasilla Airport,US,61.571701,-149.539993
PAYA,Yakutat Airport,US,59.508717,-139.660435
PCIS,Canton Island Airport,KI,-2.7681200504300003,-171.710006714
PFYU,Fort Yukon Airport,US,66.571651,-145.249987
PGRO,Rota International Airport,MP,14.173267,145.241103
PGSN,Saipan International Airport,MP,15.119384,145.728848
PGUA,Andersen Air Force Base,GU,13.584,144.929998
PGUM,Antonio B. Won Pat International Airport,GU,13.485,144.797282
PGWT,Francisco Manglona Borja / Tinian International Airport,MP,14.999207,145.619355
PH-0462,Central Mindanao Airport,PH,6.91229,124.92446
PHBK,Barking Sands Airport,US,22.0228,-159.785004
PHHN,Hana Airport,US,20.795601,-156.014008
PHIK,Hickam Air Force Base,US,21.335278,-157.948333
PHJH,Kapalua Airport,US,20.9629,-156.673004
PHJR,Kalaeloa Airport,US,21.3074,-158.070009
PHKO,Ellison Onizuka Kona International Airport at Keāhole,US,19.738783,-156.045603
PHLI,Lihue Airport,US,21.974393,-159.337146
PHMK,Molokai Airport,US,21.152901,-157.095993
PHMU,Waimea Kohala Airport,US,20.001301,-155.667999
PHNG,Kaneohe Bay MCAS (Marion E. Carl Field) Airport,US,21.4505,-157.768005
PHNL,Daniel K. Inouye International Airport,US,21.318387,-157.92567
PHNY,Lanai Airport,US,20.785675,-156.951324
PHOG,Kahului International Airport,US,20.896263,-156.431837
PHTO,Hilo International Airport,US,19.72135,-155.045428
PK-0092,Mai Bakhtawar International Airport,PK,24.846862,70.096109
PKMJ,Marshall Islands International Airport,MH,7.06511,171.271656
PKWA,Bucholz Army Air Field,MH,8.720120429992676,167.73199462890625
PLCH,Cassidy International Airport,KI,1.986278,-157.350011
PMDY,Henderson Field,UM,28.2017,-177.380997
PPIZ,Point Lay LRRS Airport,US,69.732903,-163.005005
PTKK,Chuuk International Airport,FM,7.46187,151.843002
PTPN,Pohnpei International Airport,FM,6.985082,158.20992
PTRO,Roman Tmetuchl International Airport,PW,7.366965,134.544085
PTSA,Kosrae International Airport,FM,5.35698,162.957993
PTYA,Yap International Airport,FM,9.49891,138.082993
PWAK,Wake Island Airfield,UM,19.282437,166.636637
SGOV,Aeropuerto Nacional de Coronel Oviedo,PY,-25.517347,-56.406555
PY-0043,"Base de la Fuerza Aérea Paraguaya ""Mayor Infante Rivarola""",PY,-21.680442,-62.3964
RCAY,Gangshan Air Force Base,TW,22.782499,120.263
RCBS,Kinmen Airport,TW,24.4279,118.359001
RCDC,Pingtung Air Force Base,TW,22.672579,120.461712
RCFG,Matsu Nangan Airport,TW,26.159656,119.958376
RCFN,Taitung Airport,TW,22.754856,121.101794
RCKH,Kaohsiung International Airport,TW,22.577101,120.349998
RCKU,Chiayi Airport,TW,23.462577,120.390544
RCKW,Hengchun Airport,TW,22.0411,120.730003
RCLY,Lanyu Airport,TW,22.027000427246094,121.53500366210938
RCMQ,Taichung International Airport / Ching Chuang Kang Air Base,TW,24.2647,120.621002
RCMT,Matsu Beigan Airport,TW,26.22414,120.002679
RCNN,Tainan International Airport / Tainan Air Base,TW,22.950399,120.206001
RCPO,Hsinchu Air Base,TW,24.8180007935,120.939002991
RCQC,Penghu Magong Airport,TW,23.568701,119.627998
RCQS,Chihhang Air Base,TW,22.7931,121.181999
RCSQ,Pingtung Air Force Base North,TW,22.700199,120.482002
RCSS,Taipei Songshan International Airport,TW,25.067244,121.552822
RCTP,Taiwan Taoyuan International Airport,TW,25.0777,121.233002
RCYU,Hualien Chiashan Airport,TW,24.023163,121.617991
RJAA,Narita International Airport,JP,35.76858,140.388714
RJAF,Shinshu-Matsumoto Airport,JP,36.166801,137.923004
RJAH,Ibaraki Airport,JP,36.181456,140.414434
RJAW,Ioto (Iwo Jima) Airbase,JP,24.784153,141.32261
RJBB,Kansai International Airport,JP,34.427299,135.244003
RJBD,Nanki Shirahama Airport,JP,33.6622009277,135.363998413
RJBE,Kobe Airport,JP,34.632801,135.223999
RJBT,Konotori Tajima Airport,JP,35.512798,134.787003
RJCB,Tokachi-Obihiro Airport,JP,42.7332992554,143.216995239
RJCC,New Chitose Airport,JP,42.774753,141.690414
RJCH,Hakodate Airport,JP,41.77,140.822006
RJCJ,JASDF Chitose Air Base,JP,42.794498,141.666
RJCK,Kushiro Airport,JP,43.041,144.192993
RJCM,Memanbetsu Airport,JP,43.8805999756,144.164001465
RJCN,Nakashibetsu Airport,JP,43.5774993896,144.960006714
RJCO,Sapporo Okadama Airport,JP,43.117447,141.38134
RJCS,JASDF Kenebetsu Airfield,JP,43.425154,144.741354
RJCT,Tokachi Airport,JP,42.890499,143.158005
RJCW,Wakkanai Airport,JP,45.4042015076,141.800994873
RJDA,Amakusa Airport,JP,32.482498,130.158997
RJDB,Iki Airport,JP,33.7490005493,129.785003662
RJDC,Yamaguchi Ube Airport,JP,33.93,131.279007
RJDT,Tsushima Airport,JP,34.2849006653,129.330993652
RJEB,Monbetsu Airport,JP,44.303901672399995,143.404006958
RJEC,Asahikawa Airport,JP,43.670799,142.447006
RJEO,Okushiri Airport,JP,42.0717010498,139.432998657
RJER,Rishiri Airport,JP,45.2420005798,141.186004639
RJFA,JASDF Ashiya Air Base,JP,33.883099,130.653
RJFC,Yakushima Airport,JP,30.385599,130.658997
RJFE,Fukue Airport,JP,32.666302,128.832993
RJFF,Fukuoka Airport,JP,33.585899353027344,130.4510040283203
RJFG,New Tanegashima Airport,JP,30.605100631699997,130.990997314
RJFK,Kagoshima Airport,JP,31.8034,130.718994
RJFM,Miyazaki Airport,JP,31.877199,131.449005
RJFO,Oita Airport,JP,33.479400634799994,131.736999512
RJFR,Kitakyushu Airport,JP,33.845901,131.035004
RJFS,Kyushu Saga International Airport,JP,33.1497,130.302002
RJFT,Kumamoto Airport,JP,32.837299,130.854996
RJFU,Nagasaki Airport,JP,32.916901,129.914001
RJFY,JMSDF Kanoya Air Base,JP,31.36672,130.838805
RJFZ,JASDF Tsuiki Air Base,JP,33.685001,131.039993
RJGG,Chubu Centrair International Airport,JP,34.858398,136.804993
RJKA,Amami Airport,JP,28.430599212646484,129.71299743652344
RJKB,Okinoerabu Airport,JP,27.431604,128.705564
RJKI,Kikai Airport,JP,28.321300506599997,129.927993774
RJKN,Tokunoshima Airport,JP,27.836382,128.881356
RJNA,Nagoya Airport / JASDF Komaki Air Base,JP,35.255759,136.924095
RJNF,Fukui Airport,JP,36.142799,136.223999
RJNG,Gifu Airport,JP,35.3941,136.869995
RJNH,JASDF Hamamatsu Air Base,JP,34.750198,137.703003
RJNK,Komatsu Airport / JASDF Komatsu Air Base,JP,36.393407,136.406895
RJNO,Oki Global Geopark Airport,JP,36.178388,133.323566
RJNS,Mount Fuji Shizuoka Airport,JP,34.795022,138.190976
RJNT,Toyama Kitokito Airport,JP,36.648416,137.187359
RJNW,Noto Satoyama Airport,JP,37.293098,136.962006
RJNY,JASDF Shizuhama Air Base,JP,34.812801,138.298004
RJOA,Hiroshima Airport,JP,34.4361,132.919006
RJOB,Okayama Momotaro Airport,JP,34.756901,133.854996
RJOC,Izumo Enmusubi Airport,JP,35.413601,132.889999
RJOF,JASDF Hofu Airfield,JP,34.034746,131.548716
RJOH,Yonago Kitaro Airport / JASDF Miho Air Base,JP,35.492199,133.235992
RJOI,Iwakuni Kintaikyo Airport,JP,34.146333,132.247238
RJOK,Kochi Ryoma Airport,JP,33.545217,133.670166
RJOM,Matsuyama Airport,JP,33.826893,132.700114
RJOO,Osaka Itami International Airport,JP,34.780853,135.440829
RJOR,Tottori Sand Dunes Conan Airport,JP,35.530058,134.165023
RJOS,Tokushima Awaodori Airport / JMSDF Tokushima Air Base,JP,34.132559,134.607816
RJOT,Takamatsu Airport,JP,34.214963,134.015454
RJOW,Iwami Airport,JP,34.676399231,131.789993286
RJOY,Yao Airport,JP,34.59629821777344,135.60299682617188
RJSA,Aomori Airport,JP,40.733777,140.689477
RJSC,Yamagata Airport,JP,38.4119,140.371002
RJSD,Sado Airport,JP,38.0601997375,138.414001465
RJSF,Fukushima Airport,JP,37.22740173339844,140.43099975585938
RJSH,JMSDF Hachinohe Air Base / Hachinohe Airport,JP,40.551181,141.465428
RJSI,Iwate Hanamaki Airport,JP,39.4286,141.134995
RJSK,Akita Airport,JP,39.615601,140.218994
RJSM,Misawa Airport / Misawa Air Base,JP,40.703201,141.367996
RJSN,Niigata Airport,JP,37.954166,139.112189
RJSR,Odate Noshiro Airport,JP,40.191898,140.371002
RJSS,Sendai Airport,JP,38.139702,140.917007
RJST,JASDF Matsushima Air Base,JP,38.4049,141.220001
RJSY,Shonai Airport,JP,38.812199,139.787003
RJTA,JMSDF Atsugi Air Base / Naval Air Facility Atsugi,JP,35.454601,139.449997
RJTE,JMSDF Tateyama Air Base,JP,34.987099,139.828995
RJTF,Chofu Airport,JP,35.6717,139.528
RJTH,Hachijojima Airport,JP,33.114843,139.785645
RJTJ,Iruma Air Base,JP,35.8419,139.410995
RJTK,JGSDF Kisarazu Airfield,JP,35.3983,139.910004
RJTL,JMSDF Shimofusa Air Base,JP,35.798901,140.011002
RJTO,Oshima Airport,JP,34.782001495399996,139.36000061
RJTQ,Miyakejima Airport,JP,34.073600769,139.559997559
RJTT,Tokyo Haneda International Airport,JP,35.549678,139.786958
RJTU,Utsunomiya Air Field,JP,36.5145,139.87101
RJTY,Yokota Air Base,JP,35.748501,139.348007
RKJB,Muan International Airport,KR,34.991406,126.382814
RKJJ,Gwangju Airport,KR,35.123173,126.805444
RKJK,Gunsan Airport / Gunsan Air Base,KR,35.903801,126.615997
RKJY,Yeosu Airport,KR,34.84230041503906,127.61699676513672
RKNN,Gangneung Airport (K-18),KR,37.753601,128.943915
RKNW,Wonju Airport / Hoengseong Air Base (K-38/K-46),KR,37.437113,127.960051
RKNY,Yangyang International Airport,KR,38.060481,128.669822
RKPC,Jeju International Airport,KR,33.512058,126.492548
RKPD,Jeongseok Airport,KR,33.3996009827,126.711997986
RKPK,Gimhae International Airport,KR,35.179501,128.938004
RKPS,Sacheon Airport / Sacheon Air Base,KR,35.088591,128.071747
RKPU,Ulsan Airport,KR,35.59349823,129.352005005
RKSG,Camp Humphreys (A-511) Desiderio Army Airfield,KR,36.962363,127.031126
RKSI,Incheon International Airport,KR,37.469101,126.450996
RKSM,Seoul Air Base (K-16),KR,37.444744,127.112718
RKSO,Osan Air Base,KR,37.091457,127.029448
RKSS,Seoul Gimpo International Airport,KR,37.5583,126.791
RKSW,Suwon Airport,KR,37.239399,127.007004
RKTH,Pohang Airport (G-815/K-3),KR,35.987955,129.420383
RKTI,Jungwon Air Base/Chungju Airport,KR,37.03024,127.886353
RKTN,Daegu International Airport,KR,35.894394,128.656989
RKTU,Cheongju International Airport/Cheongju Air Base (K-59/G-513),KR,36.71556,127.500289
RKTY,Yecheon Airbase,KR,36.630373,128.34971
ROAH,Naha International Airport,JP,26.192437,127.639804
RODN,Kadena Air Base,JP,26.351667,127.769444
ROIG,New Ishigaki Airport,JP,24.396389,124.245
ROKJ,Kumejima Airport,JP,26.363445,126.71384
ROMD,Minamidaito Airport,JP,25.8465,131.263
ROMY,Miyako Airport,JP,24.782801,125.294998
RORE,Iejima Airport,JP,26.722537,127.786801
RORK,Kitadaito Airport,JP,25.9447002411,131.32699585
RORS,Shimojishima Airport,JP,24.8267,125.144997
RORT,Tarama Airport,JP,24.653793,124.675453
RORY,Yoron Airport,JP,27.043847,128.401648
ROTM,Futenma Marine Corps Air Station,JP,26.2743,127.755997
ROYN,Yonaguni Airport,JP,24.467298,122.979827
RPLB,Subic Bay International Airport / Naval Air Station Cubi Point,PH,14.794833,120.271883
RPLC,Clark International Airport / Clark Air Base,PH,15.186,120.559998
RPLH,Cagayan North International Airport,PH,18.182388,121.746223
RPLI,Laoag International Airport,PH,18.175089,120.531006
RPLK,Bicol International Airport,PH,13.111915,123.676829
RPLL,Ninoy Aquino International Airport,PH,14.5086,121.019997
RPLS,Danilo Atienza Air Base,PH,14.4954,120.903999
RPLT,Itbayat Jorge Abad Airport,PH,20.722521,121.809969
RPLU,Lubang Airport,PH,13.8554,120.105003
RPMA,Allah Valley Airport,PH,6.367903,124.752431
RPMB,Rajah Buayan Air Base,PH,6.105476,125.234882
RPMC,Cotabato (Awang) Airport,PH,7.164753,124.209938
RPMD,Francisco Bangoy International Airport,PH,7.12552,125.646004
RPME,Bancasi Airport,PH,8.9515,125.4788
RPMF,Bislig Airport,PH,8.195052,126.321015
RPMG,Dipolog Airport,PH,8.601983,123.341875
RPMH,Camiguin Airport,PH,9.253894,124.709115
RPMJ,Jolo Airport,PH,6.05367,121.011002
RPMN,Sanga Sanga Airport,PH,5.048196,119.743338
RPMO,Labo Airport,PH,8.17851,123.842003
RPMP,Pagadian Airport,PH,7.825632,123.459635
RPMQ,Mati National Airport,PH,6.949091,126.27368
RPMR,General Santos International Airport,PH,6.057208,125.096243
RPMS,Surigao Airport,PH,9.755838325629998,125.480947495
RPMW,Tandag Airport,PH,9.072002,126.17132
RPMY,Laguindingan International Airport,PH,8.612203,124.456496
RPMZ,Zamboanga International Airport,PH,6.92242,122.059998
RPSP,Bohol-Panglao International Airport,PH,9.573045,123.770143
RPUB,Loakan Airport,PH,16.375034,120.619949
RPUD,Daet Airport,PH,14.1292,122.980003
RPUH,San Jose Airport,PH,12.361499786399998,121.04699707
RPUM,Mamburao Airport,PH,13.208048,120.605457
RPUN,Naga Airport,PH,13.58489990234375,123.2699966430664
RPUO,Basco Airport,PH,20.4513,121.980003
RPUR,Dr. Juan C. Angara Airport,PH,15.729309,121.500034
RPUS,San Fernando Airport,PH,16.5956,120.303001
RPUT,Tuguegarao Airport,PH,17.6433676823,121.733150482
RPUV,Virac Airport,PH,13.576399803161621,124.20600128173828
RPUW,Marinduque Airport,PH,13.361000061035156,121.82599639892578
RPUY,Cauayan Airport,PH,16.9298992157,121.752998352
RPVA,Daniel Z. Romualdez Airport,PH,11.227761,125.027783
RPVB,Bacolod-Silay International Airport,PH,10.776237,123.018879
RPVC,Calbayog Airport,PH,12.072574,124.54508
RPVD,Sibulan Airport,PH,9.334183,123.30191
RPVE,Godofredo P. Ramos Airport,PH,11.9245,121.954002
RPVF,Catarman National Airport,PH,12.50161,124.635258
RPVI,Iloilo International Airport,PH,10.833017,122.493358
RPVJ,Moises R. Espinosa Airport,PH,12.369682,123.630095
RPVK,Kalibo International Airport,PH,11.6794,122.375999
RPVM,Mactan Cebu International Airport,PH,10.309261,123.97974
RPVO,Ormoc Airport,PH,11.057715,124.565622
RPVP,Puerto Princesa International Airport / PAF Antonio Bautista Air Base,PH,9.742044,118.75911
RPVR,Roxas Airport,PH,11.597700119018555,122.75199890136719
RPVS,Evelio Javier Airport,PH,10.766644,121.932506
RPVU,Tugdan Airport,PH,12.3109998703,122.084999084
RPVV,Francisco B. Reyes (Busuanga) Airport,PH,12.121865,120.100801
OERS,Red Sea International Airport,SA,25.627975,37.088914
RU-0001,Levashovo Air Base,RU,60.0867,30.1933
XIAB,Bada Air Base,RU,51.406917,109.900091
RU-0010,Balashov Air Base,RU,51.531687,43.301718
RU-0014,Borisoglebsk Air Base,RU,51.366699,42.178299
RU-0015,Khotilovo Air Base,RU,57.654999,34.099998
RU-0016,Lipetsk Air Base,RU,52.634998,39.445
RU-0018,Buturlinovka Air Base,RU,50.79221,40.606155
RU-0023,Chindant Air Base,RU,50.396823,116.346114
RU-0028,Kaliningrad Chkalovsk Naval Air Base,RU,54.766556,20.396819
UIIR,Irkutsk Northwest Airport,RU,52.367642,104.183335
RU-0043,Mius Airport,RU,54.958332,43.311668
USMQ,Yamburg Airport,RU,67.987288,75.09804
RU-0060,Chernyakhovsk Naval Air Base,RU,54.601676,21.782375
RU-0064,Ostrov Naval Air Base,RU,57.299999,28.4333
RU-0065,Pribylovo Naval Air Base,RU,60.458332,28.746668
RU-0089,Krymsk Air Base,RU,44.962905,37.999071
RU-0090,Krasnodar Central Air Base,RU,45.082429,38.944312
XWWO,Bobrovka Air Base,RU,53.145,50.709999
URMB,Budyonnovsk Air Base,RU,44.830002,44.013
UHII,Chernigovka Air Base,RU,44.32239,132.545289
RU-0152,Mozdok Air Base,RU,43.78499984741211,44.599998474121094
RU-0211,Taganrog Tsentralny Air Base,RU,47.24645,38.8403
RU-0217,Sormovo Airfield,RU,56.32,43.799999
RU-0240,Seshcha Air Base,RU,53.715258,33.339083
RU-0282,Millerovo Air Base,RU,48.955177,40.296356
RU-0303,Privolzhskiy Air Base,RU,46.395726,47.887688
RU-0304,Kapustin Yar Airfield,RU,48.667,45.732
UHWV,Vozdvizhenka Air Base,RU,43.907501,131.925008
RU-0372,Rostov-on-Don Central Air Base,RU,47.277386,39.635556
RU-0380,Akhtubinsk Air Base,RU,48.3085,46.2365
UUMB,Kubinka Air Base,RU,55.611695,36.650002
ULOL,Velikiye Luki Airport,RU,56.381066,30.607846
RU-10047,Rtishchevo Air Base,RU,52.297317,43.7241
UUBL,Semyazino Airport,RU,56.127423,40.315202
XLLL,Soltsy-2 Air Base,RU,58.139545,30.33042
UUWE,Yermolino Air Base,RU,55.228627,36.608609
UUBM,Myachkovo Airfield,RU,55.560817,37.983947
ULNR,Staraya Russa Air Base,RU,57.961399,31.384399
RU-10056,Fedotovo Naval Air Base,RU,59.190372,39.123459
RU-10057,Severomorsk-1 Naval Air Base,RU,69.03167,33.418331
RU-10058,Severomorsk-3 Naval Air Base,RU,68.866669,33.716667
UUBD,Dyagilevo Air Base,RU,54.642284,39.569047
RU-10062,Khanskaya Air Base,RU,44.67956,40.036059
RU-10076,Smolensk North Airport,RU,54.824,32.025
URKE,Yeysk Airport,RU,46.68,38.21
RU-1071,Kamensk-Uralskiy Air Base,RU,56.436699,61.986698
XHSO,Dolinsk-Sokol Air Base,RU,47.2617,142.768005
RU-2344,Samara Kryazh Air Base,RU,53.108299,50.098301
UIID,Dzhida Air Base,RU,50.677425,106.138573
UUFO,Oreshkovo Airfield,RU,54.467731,36.073685
XWSB,Bagay-Baranovka Air Base,RU,52.139652,46.969387
XNKG,Kansk Air Base,RU,56.123299,95.6633
RU-4339,Tambov Air Base,RU,52.700626,41.374168
XWKD,Danilovo Air Base,RU,56.66,48.033298
RU-4464,Olenya Air Base,RU,68.151802,33.463902
ULDA,Rogachyovo Air Base,RU,71.616699,52.478298
RU-4609,Shatalovo Air Base,RU,54.34,32.473301
UIAI,Cheryomushki Air Base,RU,52.072963,113.433267
XHIS,Chuguyevka Air Base,RU,44.083302,133.867996
RU-5376,Smuravyovo Air Base,RU,58.814999,28.0133
RU-5672,Ivanovo North Air Base,RU,57.0583,40.981701
RU-6558,Lyambir Air Base,RU,54.28499984741211,45.16830062866211
XIUW,Ulan-Ude East Airport,RU,51.849998,107.737999
RU-6687,Michurinsk Air Base,RU,52.917455,40.365826
XIAS,Step Air Base,RU,51.020051,115.431016
XSSJ,Yugorsk Sovetsky Air Base,RU,61.268299,63.138302
USCU,Uprun Air Base,RU,54.375,61.353298
RU-8363,Voronezh Baltimore Air Base,RU,51.62,39.14
RU-8499,Sharomy Air Base,RU,54.294492,158.151505
RU-8602,Engels Air Base,RU,51.480499,46.215
RU-9129,Vorkuta Sovetskiy Air Base,RU,67.463303,64.306702
ULLK,Krechevitsy Air Base,RU,58.625,31.385
RU-9937,Rzhev Air Base,RU,56.259998,34.408298
RU-9942,Shaykovka Air Base,RU,54.2267,34.3717
OESN,King Salman Air Base,SA,24.465259,46.659279
SAAC,Comodoro Pierrestegui Airport,AR,-31.2969,-57.9966
SAAG,Gualeguaychu Airport,AR,-33.005567,-58.612833
SAAP,General Urquiza Airport,AR,-31.7948,-60.4804
SAAR,Rosario Islas Malvinas International Airport,AR,-32.9036,-60.785
SAAV,Sauce Viejo Airport,AR,-31.7117,-60.8117
SABE,Aeroparque Jorge Newbery,AR,-34.559419,-58.415536
SACO,Ingeniero Aeronáutico Ambrosio L.V. Taravella International Airport,AR,-31.312346,-64.208329
SADF,San Fernando Airport,AR,-34.4532,-58.5896
SADL,La Plata Airport,AR,-34.9722,-57.8947
SADP,El Palomar Airport,AR,-34.6099,-58.6126
SAEZ,Ezeiza International Airport - Ministro Pistarini,AR,-34.8222,-58.5358
SAHS,Rincon De Los Sauces Airport,AR,-37.390598,-68.904198
SAHZ,Zapala Airport,AR,-38.975498,-70.113602
SAME,Governor Francisco Gabrielli International Airport,AR,-32.831699,-68.7929
SAMM,Comodoro D.R. Salomón Airport,AR,-35.493599,-69.574303
SAMR,Suboficial Ay Santiago Germano Airport,AR,-34.588299,-68.4039
SANC,Coronel Felipe Varela International Airport,AR,-28.593117,-65.7512
SANE,Vicecomodoro Angel D. La Paz Aragonés Airport,AR,-27.765556335399996,-64.3099975586
SANL,Capitan V A Almonacid Airport,AR,-29.381599,-66.795799
SANR,Termas de Río Hondo international Airport,AR,-27.4966,-64.93595
SANT,Teniente Benjamín Matienzo International Airport,AR,-26.837397,-65.104195
SANU,Domingo Faustino Sarmiento Airport,AR,-31.571501,-68.418198
SAOC,Area De Material Airport,AR,-33.085098,-64.261299
SAOD,Villa Dolores Airport,AR,-31.9452,-65.146301
SAOR,Villa Reynolds Airport,AR,-33.7299003601,-65.3873977661
SAOU,Brigadier Mayor D Cesar Raul Ojeda Airport,AR,-33.273201,-66.3564
SAOV,Presidente Néstor Kirchner Regional Airport,AR,-32.3201,-63.22663
SARC,Corrientes Airport,AR,-27.4455,-58.7619
SARE,Resistencia International Airport,AR,-27.44991,-59.056125
SARF,Formosa National Airport,AR,-26.2127,-58.2281
SARI,Cataratas Del Iguazú International Airport,AR,-25.737301,-54.4734
SARL,Paso De Los Libres Airport,AR,-29.6894,-57.1521
SARM,Monte Caseros Airport,AR,-30.2719,-57.6402
SARP,Libertador Gral D Jose De San Martin Airport,AR,-27.3858,-55.9707
SASA,Martín Miguel de Güemes International Airport,AR,-24.856001,-65.486198
SASJ,Gobernador Horacio Guzman International Airport,AR,-24.392799,-65.097801
SASO,Orán Airport,AR,-23.1528,-64.329201
SAST,General Enrique Mosconi Airport,AR,-22.616877,-63.793015
SATG,Goya Airport,AR,-29.1058,-59.2189
SATR,Reconquista Airport,AR,-29.210278,-59.683333
SATU,Curuzu Cuatia Airport,AR,-29.7706,-57.9789
SAVB,El Bolsón Airfield,AR,-41.943199,-71.532303
SAVC,General Enrique Mosconi International Airport,AR,-45.786941,-67.463355
SAVE,Esquel Brigadier Antonio Parodi International Airport,AR,-42.908001,-71.139503
SAVH,Las Heras Airport,AR,-46.538517,-68.965323
SAVT,Almirante Marco Andres Zar Airport,AR,-43.2105,-65.2703
SAVV,Gobernador Castello Airport,AR,-40.8692,-63.0004
SAVY,El Tehuelche Airport,AR,-42.7592,-65.1027
SAWC,El Calafate - Commander Armando Tola International Airport,AR,-50.280267,-72.053401
SAWD,Puerto Deseado Airport,AR,-47.7353,-65.9041
SAWE,Gobernador Ramón Trejo Noel International Airport,AR,-53.7777,-67.7494
SAWG,Piloto Civil Norberto Fernández International Airport,AR,-51.608791,-69.308948
SAWH,Ushuaia - Malvinas Argentinas International Airport,AR,-54.8433,-68.2958
SAWJ,Capitan D Daniel Vazquez Airport,AR,-49.306816,-67.802596
SAWP,Perito Moreno Jalil Hamer Airport,AR,-46.537899,-70.978699
SAWU,Santa Cruz Airport,AR,-50.0165,-68.5792
SAZB,Comandante Espora Airport,AR,-38.725,-62.1693
SAZG,General Pico Airport,AR,-35.696201,-63.758301
SAZH,Tres Arroyos Airport,AR,-38.3869,-60.3297
SAZL,Santa Teresita Airport,AR,-36.5423,-56.7218
SAZM,Ástor Piazzola International Airport,AR,-37.9342,-57.5733
SAZN,Presidente Perón International Airport,AR,-38.949001,-68.155701
SAZO,Necochea Airport,AR,-38.490746,-58.816337
SAZP,Comodoro Pedro Zanni Airport,AR,-35.8446,-61.8576
SAZR,Santa Rosa Airport,AR,-36.588299,-64.275703
SAZS,Teniente Luis Candelaria International Airport,AR,-41.151199,-71.157501
SAZT,Héroes de Malvinas Airport,AR,-37.234634,-59.228647
SAZV,Villa Gesell Airport,AR,-37.2354,-57.0292
SAZW,Cutral-Co Airport,AR,-38.939701,-69.264603
SAZY,Aviador C. Campos Airport,AR,-40.075401,-71.137299
SBAA,Conceição do Araguaia Airport,BR,-8.34835,-49.301498
SBAC,Aracati Dragão do Mar Regional Airport,BR,-4.568896,-37.805135
SBAE,Bauru/Arealva–Moussa Nakhal Tobias State Airport,BR,-22.160755,-49.070325
SBAF,Campo Délio Jardim de Mattos Airport,BR,-22.875099,-43.384701
SBAN,Anápolis Airbase,BR,-16.2292,-48.964298
SBAQ,Araraquara Airport,BR,-21.812,-48.132999
SBAR,Aracaju - Santa Maria Airport,BR,-10.98394,-37.072873
SBAT,Piloto Osvaldo Marques Dias Airport,BR,-9.866389,-56.106298
SBAU,Araçatuba Airport,BR,-21.141479,-50.424575
SBAX,Romeu Zema Airport,BR,-19.5632,-46.9604
SBBE,Val de Cans/Júlio Cezar Ribeiro International Airport,BR,-1.379279,-48.476207
SBBG,Comandante Gustavo Kraemer Airport,BR,-31.390499,-54.112202
SBBH,Pampulha - Carlos Drummond de Andrade Airport,BR,-19.85074,-43.950316
SBBI,Bacacheri Airport,BR,-25.4051,-49.231998
SBBQ,Major Brigadeiro Doorgal Borges Airport,BR,-21.2672,-43.76101
SBBR,Presidente Juscelino Kubitschek International Airport,BR,-15.869167,-47.920834
SNBA,Chafei Amsei Airport,BR,-20.584631,-48.594125
SBBV,Atlas Brasil Cantanhede International Airport,BR,2.84615,-60.690648
SBBW,Barra do Garças Airport,BR,-15.861417,-52.389008
SSBZ,Umberto Modiano Airport,BR,-22.770881,-41.96308
SBCA,Coronel Adalberto Mendes da Silva Airport,BR,-25.000323,-53.501208
SBCC,Campo de Provas Brigadeiro Veloso,BR,-9.33394,-54.965401
SBCF,Tancredo Neves International Airport,BR,-19.63571,-43.966928
SBCG,Campo Grande Airport,BR,-20.469998,-54.673988
SBCH,Serafin Enoss Bertaso Airport,BR,-27.134199,-52.656601
SBCI,Brig. Lysias Augusto Rodrigues Airport,BR,-7.32044,-47.458698
SBCJ,Carajás Airport,BR,-6.117841,-50.003372
SSIM,Forquilhinha - Criciúma  Airport,BR,-28.725743,-49.424475
SBCO,Canoas Air Force Base,BR,-29.945928,-51.144413
SBCP,Bartolomeu Lisandro Airport,BR,-21.698299,-41.301701
SBCR,Corumbá International Airport,BR,-19.01193,-57.672772
SBCT,Curitiba-Afonso Pena International Airport,BR,-25.5285,-49.1758
SSCV,Caravelas Airport,BR,-17.6523,-39.253101
SBCX,Hugo Cantergiani Regional Airport,BR,-29.197183,-51.187647
SBCY,Várzea Grande–Marechal Rondon International Airport,BR,-15.6529,-56.116699
SBCZ,Cruzeiro do Sul Airport,BR,-7.59991,-72.769501
SBDN,Presidente Prudente Airport,BR,-22.1751,-51.424599
SBEG,Eduardo Gomes International Airport,BR,-3.03861,-60.049702
SBEK,Jacareacanga Airport,BR,-6.23316,-57.776901
SBFI,Cataratas International Airport,BR,-25.594167,-54.489444
SBFL,Hercílio Luz International Airport,BR,-27.670279,-48.552502
SBFN,Fernando de Noronha Airport,BR,-3.854534,-32.423017
SBFZ,Pinto Martins International Airport,BR,-3.775833,-38.532222
SBGL,Rio Galeão – Tom Jobim International Airport,BR,-22.809999,-43.250557
SBGM,Guajará-Mirim Airport,BR,-10.78641,-65.28486
SBGO,Santa Genoveva International Airport,BR,-16.632,-49.220699
SBGR,São Paulo/Guarulhos–Governor André Franco Montoro International Airport,BR,-23.431274,-46.469954
SBGV,Coronel Altino Machado Airport,BR,-18.895882,-41.982869
SBGW,Edu Chaves Field,BR,-22.791599,-45.2048
SBHT,Altamira Interstate Airport,BR,-3.253144,-52.253938
SBIC,Itacoatiara Airport,BR,-3.126539,-58.481668
SBIH,Itaituba Airport,BR,-4.242131,-56.000651
SBIL,Bahia - Jorge Amado Airport,BR,-14.815929,-39.033458
SBIP,Usiminas Airport,BR,-19.470699,-42.487598
SBIZ,Prefeito Renato Moreira Airport,BR,-5.53129,-47.459999
SBJE,Comandante Ariston Pessoa Airport,BR,-2.906425,-40.357338
SBJF,Francisco de Assis Airport,BR,-21.791482,-43.386072
SBJH,São Paulo Catarina Executive Airport,BR,-23.426886,-47.165658
SBJP,Presidente Castro Pinto International Airport,BR,-7.148691,-34.950554
SBJR,Jacarepaguá - Roberto Marinho Airport,BR,-22.986773,-43.372194
SBJV,Lauro Carneiro de Loyola Airport,BR,-26.224501,-48.797401
SBKG,Presidente João Suassuna Airport,BR,-7.269662,-35.896057
SBKP,Viracopos International Airport,BR,-23.007404,-47.134502
SBLJ,Lages Airport,BR,-27.782101,-50.281502
SWXQ,Lins Airport,BR,-21.663491,-49.729954
SBLO,Governor José Richa Airport,BR,-23.334375,-51.128365
SBLP,Bom Jesus da Lapa Airport,BR,-13.2621,-43.4081
SBMA,João Correa da Rocha Airport,BR,-5.36859,-49.138
SWIQ,Minaçu Airport,BR,-13.5491,-48.195301
SBMD,Monte Dourado - Serra do Areão Airport,BR,-0.889839,-52.6022
SBME,Macaé Benedito Lacerda Airport,BR,-22.343,-41.765999
SBMG,Regional de Maringá - Sílvio Name Júnior Airport,BR,-23.47606,-52.016187
SBMK,Mário Ribeiro Airport,BR,-16.706919,-43.818901
SBML,Frank Miloye Milenkowichi–Marília State Airport,BR,-22.196899,-49.926485
SBMN,Ponta Pelada Airport / Manaus Air Base,BR,-3.14604,-59.986301
SBMO,Zumbi dos Palmares International Airport,BR,-9.512559,-35.791839
SBMQ,Macapá - Alberto Alcolumbre International Airport,BR,0.050664,-51.072201
SBMS,Dix-Sept Rosado Airport,BR,-5.20192,-37.3643
SBMT,Campo de Marte Airport,BR,-23.5091,-46.637798
SBMY,Manicoré Airport,BR,-5.81138,-61.278301
SBNF,Ministro Victor Konder International Airport,BR,-26.879431,-48.650979
SBNM,Santo Ângelo Airport,BR,-28.282503,-54.169623
SBNT,Natal Air Force Base,BR,-5.91142,-35.2477
SBOI,Oiapoque Airport,BR,3.85412,-51.797056
SBPA,Porto Alegre-Salgado Filho International Airport,BR,-29.993984,-51.167482
SBPB,Parnaíba - Prefeito Doutor João Silva Filho International Airport,BR,-2.89375,-41.731998
SBPC,Poços de Caldas - Embaixador Walther Moreira Salles Airport,BR,-21.842529,-46.569768
SBPF,Lauro Kurtz Airport,BR,-28.243976,-52.32777
SBPG,Ponta Grossa Airport - Comandante Antonio Amilton Beraldo,BR,-25.184476,-50.143822
SBPJ,Brigadeiro Lysias Rodrigues Airport,BR,-10.2915,-48.356998
SBPK,João Simões Lopes Neto International Airport,BR,-31.717189,-52.327796
SBPL,Senador Nilo Coelho Airport,BR,-9.362422,-40.569098
SDPE,Porto Nacional Airport,BR,-10.719402,-48.3997
SBPP,Ponta Porã Airport,BR,-22.549601,-55.702599
SBPS,Porto Seguro International Airport,BR,-16.438426,-39.080584
SBPV,Governador Jorge Teixeira de Oliveira International Airport,BR,-8.708491,-63.902338
SBRB,Rio Branco-Plácido de Castro International Airport,BR,-9.869031,-67.893984
SBRD,Maestro Marinho Franco Airport,BR,-16.584292,-54.724803
SBRF,Recife/Guararapes - Gilberto Freyre International Airport,BR,-8.12747,-34.922961
SBRJ,Santos Dumont Airport,BR,-22.910397,-43.16282
SBRP,Leite Lopes Airport,BR,-21.134314,-47.774053
SBSC,Santa Cruz Air Force Base,BR,-22.9324,-43.719101
SBSG,Rio Grande do Norte/São Gonçalo do Amarante–Governador Aluízio Alves International Airport,BR,-5.769822,-35.36661
SBSJ,Professor Urbano Ernesto Stumpf Airport,BR,-23.2292,-45.8615
SBSL,Marechal Cunha Machado International Airport,BR,-2.586386,-44.235008
SBSM,Santa Maria Airport,BR,-29.711399,-53.688202
SBSN,Santarém - Maestro Wilson Fonseca International Airport,BR,-2.422423,-54.79306
SBSP,Congonhas–Deputado Freitas Nobre Airport,BR,-23.627657,-46.654601
SBSR,Prof. Eribelto Manoel Reino State Airport,BR,-20.817113,-49.406963
SBST,Santos Nero Moura Air Base / Guarujá Airport,BR,-23.928192,-46.300195
SBSV,Deputado Luiz Eduardo Magalhães International Airport,BR,-12.908611,-38.322498
SBTA,Base de Aviação de Taubaté,BR,-23.0401,-45.51615
SBTB,Trombetas Airport,BR,-1.4896,-56.396801
SBTE,Senador Petrônio Portela Airport,BR,-5.06025,-42.823712
SBTF,Tefé Airport,BR,-3.38294,-64.724098
SBTK,Tarauacá Airport,BR,-8.155534,-70.782985
SSVL,Telêmaco Borba Airport,BR,-24.317801,-50.6516
SBTS,Tiriós Airport,BR,2.224537,-55.944711
SBTT,Tabatinga International Airport,BR,-4.25567,-69.935799
SBTU,Tucuruí Airport,BR,-3.78601,-49.720299
SBUA,São Gabriel da Cachoeira Airport,BR,-0.14835,-66.9855
SBUF,Paulo Afonso Airport,BR,-9.40088,-38.250599
SBUG,Rubem Berta Airport,BR,-29.7822,-57.0382
SBUL,Ten. Cel. Aviador César Bombonato Airport,BR,-18.883579,-48.225936
SBUR,Mário de Almeida Franco Airport,BR,-19.765036,-47.964805
SBVG,Major Brigadeiro Trompowsky Airport,BR,-21.591375,-45.474116
SBVH,Brigadeiro Camarão Airport,BR,-12.6944,-60.098301
SBVT,Eurico de Aguiar Salles International Airport,BR,-20.258,-40.285
SBYS,Campo Fontenelle,BR,-21.984692,-47.341207
SBZM,Presidente Itamar Franco Airport,BR,-21.513086,-43.173069
SCAR,Chacalluta International Airport,CL,-18.348499,-70.338699
SCAT,Desierto de Atacama Airport,CL,-27.2612,-70.779198
SCBA,Balmaceda Airport,CL,-45.915968,-71.689499
SCBE,Barriles Airport,CL,-22.1411,-70.062897
SCCC,Chile Chico Airport,CL,-46.5831,-71.686323
SCCF,El Loa Airport,CL,-22.498199,-68.903603
SCCH,Gral. Bernardo O´Higgins Airport,CL,-36.5825,-72.031403
SCCI,President Carlos Ibáñez International Airport,CL,-53.002602,-70.854599
SCCY,Teniente Vidal Airport,CL,-45.5942,-72.106102
SCDA,Diego Aracena International Airport,CL,-20.536273,-70.181373
SCEL,Comodoro Arturo Merino Benítez International Airport,CL,-33.393001556396484,-70.78579711914062
SCES,Ricardo García Posada Airport,CL,-26.3111,-69.765198
SCFA,Andrés Sabella Gálvez International Airport,CL,-23.445274,-70.445232
SCFM,Captain Fuentes Martinez Airport,CL,-53.2537,-70.319199
SCGZ,Guardia Marina Zañartu Airport,CL,-54.931099,-67.626297
SCHR,Cochrane Airport,CL,-47.243591,-72.58815
SCIE,Carriel Sur International Airport,CL,-36.77235,-73.062828
SCIP,Mataveri International Airport,CL,-27.165411,-109.421027
SCJO,Cañal Bajo Carlos Hott Siebert Airport,CL,-40.611198,-73.060997
SCLL,Vallenar Airport,CL,-28.596399,-70.755997
SCNT,Lieutenant Julio Gallardo Airport,CL,-51.67067,-72.529078
SCQP,La Araucanía International Airport,CL,-38.9259,-72.6515
SCRA,Chañaral Airport,CL,-26.3325,-70.6073
SCRG,La Independencia Airport,CL,-34.173698,-70.775703
SCSE,La Florida Airport,CL,-29.916201,-71.199501
SCTC,Maquehue Airport,CL,-38.766799926758,-72.637100219727
SCTE,El Tepual International Airport,CL,-41.443093,-73.094065
SCTL,Panguilemo Airport,CL,-35.3778,-71.6017
SCTN,Nuevo Chaitén Airport,CL,-42.781943,-72.834999
SCTO,Victoria Airport,CL,-38.245602,-72.348602
SCTT,Las Breas Airport,CL,-25.564301,-70.3759
SCVD,Pichoy Airport,CL,-39.6500015259,-73.0860977173
SCVM,Viña del Mar Airport,CL,-32.9496,-71.4786
SD-0001,Wadi Seidna Air Base,SD,15.815213,32.51401
SDIY,João Durval Carneiro Airport,BR,-12.200694,-38.906164
SEAM,Chachoán Regional Airport,EC,-1.21207,-78.5746
SECO,Francisco De Orellana Airport,EC,-0.462886,-76.986801
SECU,Mariscal Lamar Airport,EC,-2.88947,-78.984398
SEGS,Seymour Galapagos Ecological Airport,EC,-0.453758,-90.2659
SEGU,José Joaquín de Olmedo International Airport,EC,-2.15742,-79.883598
SEJD,Jumandy Airport,EC,-1.060185,-77.580525
SELT,Cotopaxi International Airport,EC,-0.906833,-78.615799
SEMA,Jose Maria Velasco Ibarra Airport,EC,-4.37823009491,-79.94100189210002
SEMC,Coronel E Carvajal Airport,EC,-2.2991700172424316,-78.12079620361328
SEMT,Eloy Alfaro International Airport,EC,-0.9460780024528503,-80.67880249023438
SEPV,Reales Tamarindos Airport,EC,-1.04165,-80.472198
SEQM,Mariscal Sucre International Airport,EC,-0.125399,-78.354306
SERO,Santa Rosa - Artillery Colonel Victor Larrea International Airport,EC,-3.441986,-79.996957
SESA,General Ulpiano Paez International Airport,EC,-2.210057,-80.985067
SETN,Carlos Concha Torres International Airport,EC,0.978519,-79.626602
SETR,Tarapoa Airport,EC,-0.122956,-76.337799
SETU,Lieutenant Colonel Luis A. Mantilla International Airport,EC,0.809506,-77.708099
SGAS,Silvio Pettirossi International Airport,PY,-25.240156,-57.519227
SGAY,Aeropuerto Nacional Juan de Ayolas,PY,-27.378379,-56.856791
SGCO,Lieutenant Colonel Carmelo Peralta National Airport,PY,-23.441609,-57.427039
SGEN,Teniente Ramon A. Ayub Gonzalez International Airport,PY,-27.227537,-55.837584
SGES,Guaraní International Airport,PY,-25.457186,-54.839544
SGGR,Aeropuerto Nacional de Salto del Guaira,PY,-24.032844,-54.35267
SGIB,Itaipú Airport,PY,-25.407818,-54.619457
SGME,Dr. Luis María Argaña International Airport,PY,-22.046499,-60.6217
SGPI,Aeródromo Don Carlos Miguel Gimenez,PY,-26.881981,-58.319067
SGPJ,Aeropuerto Nacional Dr. Augusto Roberto Fuster,PY,-22.641427,-55.829993
SGST,Santa Teresa Airport,PY,-22.622487,-56.634393
SKAP,Gomez Nino Apiay Air Base,CO,4.07607,-73.5627
SKAR,El Eden Airport,CO,4.45278,-75.7664
SKAS,Tres De Mayo Airport,CO,0.505228,-76.5008
SKBC,Las Flores Airport,CO,9.04554,-73.9749
SKBG,Palonegro Airport,CO,7.1265,-73.1848
SKBO,El Dorado International Airport,CO,4.70159,-74.1469
SKBQ,Ernesto Cortissoz International Airport,CO,10.8896,-74.7808
SKBS,José Celestino Mutis Airport,CO,6.20292,-77.3947
SKBU,Gerardo Tobar López Airport,CO,3.81963,-76.9898
SKCC,Camilo Daza International Airport,CO,7.92757,-72.5115
SKCG,Rafael Nuñez International Airport,CO,10.4424,-75.513
SKCL,Alfonso Bonilla Aragon International Airport,CO,3.542717,-76.381898
SKCO,La Florida Airport,CO,1.81442,-78.7492
SKCU,Juan H White Airport,CO,7.96847,-75.1985
SKCV,Coveñas Airport,CO,9.40092,-75.6913
SKCZ,Las Brujas Airport,CO,9.33274,-75.2856
SKEB,El Bagre Airport,CO,7.59647,-74.8089
SKEJ,Yariguíes Airport,CO,7.02433,-73.8068
SKFL,Gustavo Artunduaga Paredes Airport,CO,1.58919,-75.5644
SKGI,Santiago Vila Airport,CO,4.27624,-74.7967
SKGO,Santa Ana Airport,CO,4.75818,-75.9557
SKGP,Guapi Airport,CO,2.57013,-77.897969
SKIB,Perales Airport,CO,4.42161,-75.1333
SKIP,San Luis Airport,CO,0.861946,-77.671783
SKLC,Antonio Roldán Betancur Airport,CO,7.81196,-76.7164
SKLM,Jorge Isaac Airport,CO,11.2325,-72.4901
SKLT,Alfredo Vásquez Cobo International Airport,CO,-4.191147,-69.942003
SKMD,Enrique Olaya Herrera Airport,CO,6.219686,-75.590597
SKMG,Baracoa Airport,CO,9.28474,-74.8461
SKMR,Los Garzones Airport,CO,8.82374,-75.8258
SKMU,Fabio Alberto Leon Bentley Airport,CO,1.25366,-70.2339
SKMZ,La Nubia Airport,CO,5.0296,-75.4647
SKNV,Benito Salas Airport,CO,2.95015,-75.294
SKOC,Aguas Claras Airport,CO,8.31506,-73.3583
SKPC,German Olano Airport,CO,6.18472,-67.4932
SKPD,Obando Cesar Gaviria Trujillo Airport,CO,3.85353,-67.9062
SKPE,Matecaña International Airport,CO,4.81267,-75.7395
SKPI,Pitalito Airport,CO,1.85777,-76.0857
SKPP,Guillermo León Valencia Airport,CO,2.454359,-76.609253
SKPQ,German Olano Air Base,CO,5.48361,-74.6574
SKPS,Antonio Nariño Airport,CO,1.396722,-77.29093
SKPV,El Embrujo Airport,CO,13.357461,-81.357977
SKPZ,Paz de Ariporo Airport,CO,5.876146,-71.886671
SKQU,Mariquita Airport,CO,5.21256,-74.8836
SKRG,Jose Maria Córdova International Airport,CO,6.16454,-75.4231
SKRH,Almirante Padilla Airport,CO,11.5262,-72.926
SKSJ,Jorge E. Gonzalez Torres Airport,CO,2.57969,-72.6394
SKSM,Simón Bolívar International Airport,CO,11.1196,-74.2306
SKSP,Gustavo Rojas Pinilla International Airport,CO,12.5836,-81.7112
SKSV,Eduardo Falla Solano Airport,CO,2.15217,-74.7663
SKTJ,Tunja Airport,CO,5.54138,-73.3445
SKTM,Gustavo Vargas Airport,CO,6.45108,-71.7603
SKTQ,Captain Ernesto Esguerra Cubides Air Base,CO,0.7459,-75.234
SKUA,Marandúa Air Base,CO,5.52448,-68.6856
SKUC,Santiago Perez Airport,CO,7.06888,-70.7369
SKUI,El Caraño Airport,CO,5.69076,-76.6412
SKUL,Heriberto Gíl Martínez Airport,CO,4.08836,-76.2351
SKVP,Alfonso López Pumarejo Airport,CO,10.435,-73.2495
SKVV,Vanguardia Airport,CO,4.16787,-73.6138
SKYP,El Alcaravan - Yopal Airport,CO,5.31911,-72.384
SLAL,Alcantarí International Airport,BO,-19.246835,-65.149611
SLBJ,Bermejo Airport,BO,-22.7733001709,-64.31289672850001
SLCB,Jorge Wilsterman International Airport,BO,-17.421105,-66.177102
SLCO,Capitán Aníbal Arab Airport,BO,-11.039109,-68.782774
SLET,El Trompillo Airport,BO,-17.8115997314,-63.1715011597
SLGM,Guayaramerín Airport,BO,-10.88856,-65.380955
SLLP,El Alto International Airport,BO,-16.510272,-68.189416
SLOR,Juan Mendoza International Airport,BO,-17.956151,-67.075829
SLPO,Capitan Nicolas Rojas Airport,BO,-19.543331,-65.723734
SLPS,Capitán Av. Salvador Ogaya G. airport,BO,-18.975301,-57.820599
SLRI,Capitán Av. Selin Zeitun Lopez Airport,BO,-11.009355,-66.075468
SLSA,Santa Ana Del Yacuma Airport,BO,-13.762200355500001,-65.4352035522
SLSU,Juana Azurduy de Padilla Air Force Base,BO,-19.007099,-65.288696
SLSV,San Ignacio de Velasco Airport,BO,-16.401239,-61.0452
SLTJ,Capitan Oriel Lea Plaza Airport,BO,-21.5557,-64.701302
SLTR,Teniente Av. Jorge Henrich Arauz Airport,BO,-14.8187,-64.917999
SLUY,Joya Andina International Airport,BO,-20.441304,-66.857553
SLVM,Teniente Coronel Rafael Pabón Airport,BO,-21.255199432399998,-63.4056015015
SLVR,Viru Viru International Airport,BO,-17.6448,-63.135399
SLYA,Yacuiba Airport,BO,-21.960899353027344,-63.65169906616211
SMJP,Johan Adolf Pengel International Airport,SR,5.45283,-55.187801
SN6L,Dr. Luciano de Arruda Coelho Regional Airport,BR,-3.614769,-40.232208
SNCP,Planalto Serrano Regional Airport,BR,-27.634128,-50.358253
SNLN,Linhares Municipal Airport,BR,-19.355202,-40.07128
SNQX,Quixadá Airport,BR,-4.979006,-38.987622
SOCA,Cayenne – Félix Eboué Airport,GF,4.819964,-52.361326
SOOA,Maripasoula Airport,GF,3.655907,-54.039431
SOOG,Saint-Georges-de-l'Oyapock Airport,GF,3.8976,-51.8041
SOOM,Saint-Laurent-du-Maroni Airport,GF,5.481891,-54.034964
SPAY,Teniente General Gerardo Pérez Pinedo Airport,PE,-10.7291,-73.766502
SPBC,Caballococha Airport,PE,-3.91686010361,-70.5082015991
SPBR,Iberia Airport,PE,-11.4116,-69.488701
SPCL,Cap FAP David Abenzur Rengifo International Airport,PE,-8.378064,-74.574495
SPEO,FAP Lieutenant Jaime Andres de Montreuil Morales Airport,PE,-9.14961,-78.523804
SPHI,Capitán FAP José A. Quiñones González International Airport,PE,-6.789223,-79.828254
SPHO,Air Force Colonel Alfredo Mendivil Duarte Airport,PE,-13.1548,-74.204399
SPHZ,Comandante FAP German Arias Graziani Airport,PE,-9.347439765930176,-77.59839630126953
SPJC,Jorge Chávez International Airport,PE,-12.0219,-77.114305
SPJA,Juan Simons Vela Airport,PE,-6.06786,-77.160004
SPJE,Shumba Airport,PE,-5.59248,-78.774002
SPJI,Juanjui Airport,PE,-7.1691,-76.7286
SPJJ,Francisco Carle Airport,PE,-11.7831001282,-75.47339630130001
SPJL,Inca Manco Capac International Airport,PE,-15.467689,-70.15653
SPJR,Mayor General FAP Armando Revoredo Iglesias Airport,PE,-7.13918,-78.489403
SPLO,General Jorge Fernandez Maldon Airport,PE,-17.695,-71.344002
SPME,Captain Pedro Canga Rodríguez International Airport,PE,-3.552074,-80.381086
SPMS,Moises Benzaquen Rengifo Airport,PE,-5.89377,-76.118202
SPNC,Alferez Fap David Figueroa Fernandini Airport,PE,-9.878809928894043,-76.20480346679688
SPPY,Chachapoyas Airport,PE,-6.201911,-77.856195
SPQT,Coronel FAP Francisco Secada Vignetta International Airport,PE,-3.78474,-73.3088
SPQU,Rodríguez Ballón International Airport,PE,-16.340786,-71.569485
SPRU,Capitán FAP Carlos Martínez de Pinillos International Airport,PE,-8.082382,-79.108821
SPSO,Captain Renán Elías Olivera International Airport,PE,-13.7449,-76.220299
SPST,Cadete FAP Guillermo Del Castillo Paredes Airport,PE,-6.508739948272705,-76.37319946289062
SPTN,Coronel FAP Carlos Ciriani Santa Rosa International Airport,PE,-18.053300857500002,-70.2758026123
SPTU,Padre Aldamiz International Airport,PE,-12.6135997772,-69.2285995483
SPUR,PAF Captain Guillermo Concha Iberico International Airport,PE,-5.20575,-80.616402
SPYL,Captain Victor Montes Arias International Airport,PE,-4.57664,-81.254097
SPZA,Maria Reiche Neuman Airport,PE,-14.854,-74.961502
SPZO,Alejandro Velasco Astete International Airport,PE,-13.535699844400002,-71.9387969971
SUAA,Ángel S. Adami International Airport,UY,-34.7892,-56.264702
SUDU,Santa Bernardina International Airport,UY,-33.358898,-56.499199
SULS,Capitan Corbeta CA Curbelo International Airport,UY,-34.855099,-55.094299
SUMU,Carrasco General Cesáreo L. Berisso International Airport,UY,-34.835647,-56.026497
SUPU,Tydeo Larre Borges Airport,UY,-32.3633,-58.061901
SURV,Pres. Gral. Óscar D. Gestido Binational Airport,UY,-30.9746,-55.4762
SUSO,Nueva Hesperides International Airport,UY,-31.438499,-57.985298
SVAC,Oswaldo Guevara Mujica Airport,VE,9.553375,-69.237869
SVAN,Anaco Airport,VE,9.430225,-64.470726
SVBC,General José Antonio Anzoategui International Airport,VE,10.111111,-64.692222
SVBI,Barinas Airport,VE,8.615,-70.214167
SVBL,El Libertador Airbase,VE,10.183375,-67.55732
SVBM,Jacinto Lara International Airport,VE,10.042747,-69.35862
SVBS,Escuela Mariscal Sucre Airport,VE,10.249978,-67.649422
SVCB,General Tomas de Heres Airport,VE,8.122161,-63.536957
SVCD,Caicara del Orinoco Airport,VE,7.62551,-66.162804
SVCL,Calabozo Airport,VE,8.924656,-67.417091
SVCN,Canaima Airport,VE,6.231989,-62.85485
SVCP,General Francisco Bermúdez Airport,VE,10.660014,-63.261681
SVCR,José Leonardo Chirinos Airport,VE,11.414944,-69.680901
SVCS,Caracas Óscar Machado Zuloaga International Airport,VE,10.286874,-66.815847
SVCU,Antonio José de Sucre Airport,VE,10.450333,-64.13047
SVED,El Dorado Airport,VE,6.71573,-61.638786
SVEZ,Elorza Airport,VE,7.059677,-69.4967
SVFM,Generalissimo Francisco de Miranda Air Base,VE,10.485033,-66.843513
SVGD,Guasdualito Airport,VE,7.210834,-70.756386
SVGI,Guiria Airport,VE,10.574077606200001,-62.3126678467
SVGU,Guanare Airport,VE,9.026944,-69.75515
SVJC,Josefa Camejo International Airport,VE,11.780775,-70.151497
SVJM,San Juan de Los Morros Airport,VE,9.906953,-67.379639
SVLF,La Fria Airport,VE,8.239167,-72.271027
SVLO,La Orchila Airport,VE,11.80823,-66.180768
SVMC,La Chinita International Airport,VE,10.557542,-71.729307
SVMD,Alberto Carnevalli Airport,VE,8.582078,-71.161041
SVMG,Del Caribe Santiago Mariño International Airport,VE,10.912603,-63.966599
SVMI,Maiquetía Simón Bolívar International Airport,VE,10.602214,-66.991174
SVMP,Metropolitano International Airport,VE,10.133169,-66.787827
SVMT,José Tadeo Monagas International Airport,VE,9.749023,-63.153348
SVPA,Cacique Aramare Airport,VE,5.61999,-67.606102
SVPC,General Bartolome Salom International Airport,VE,10.4805,-68.072998
SVPM,Paramillo Airport,VE,7.801389,-72.202778
SVPR,General Manuel Carlos Piar International Airport,VE,8.28853,-62.760399
SVPT,Palmarito Airport,VE,7.575479,-70.174435
SVSA,Juan Vicente Gómez International Airport,VE,7.840809,-72.439878
SVSE,Santa Elena de Uairén Airport,VE,4.554699,-61.145234
SVSO,Mayor Buenaventura Vivas International Airport,VE,7.56538,-72.035103
SVSP,Sub Teniente Nestor Arias Airport,VE,10.2787,-68.755203
SVSR,San Fernando de Apure Las Flecheras National Airport,VE,7.88332,-67.444
SVST,San Tomé Airport,VE,8.9451465606689,-64.151084899902
SVSZ,Miguel Urdaneta Fernández Airport,VE,8.97455,-71.943253
SVTC,Tucupita Airport,VE,9.088994,-62.094173
SVTM,Tumeremo Airport,VE,7.24938,-61.52893
SVVA,Arturo Michelena International Airport,VE,10.149733,-67.928398
SVVG,Juan Pablo Pérez Alfonso Airport,VE,8.624139,-71.672668
SVVL,Dr. Antonio Nicolás Briceño Airport,VE,9.340478,-70.584061
SVVP,Valle de La Pascua Airport,VE,9.22202777863,-65.9935836792
SWGN,Araguaína Airport,BR,-7.22787,-48.240501
SYCJ,Cheddi Jagan International Airport,GY,6.49855,-58.254101
SYEC,Eugene F. Correia International Airport,GY,6.805881,-58.107657
SYKA,Kaieteur Airport,GY,5.177349,-59.48898
SYLT,Lethem Airport,GY,3.37276,-59.789398
TAPA,V. C. Bird International Airport,AG,17.1367,-61.792702
TBPB,Grantley Adams International Airport,BB,13.074667,-59.491034
TDCF,Canefield Airport,DM,15.336693,-61.392108
TDPD,Douglas-Charles Airport,DM,15.546673,-61.301082
TFFF,Martinique Aimé Césaire International Airport,MQ,14.591,-61.003201
TFFG,Grand Case-l'Espérance Airport,MF,18.100057,-63.047444
TFFJ,St. Jean Airport,BL,17.904398,-62.843333
TFFM,Marie-Galante Airport,GP,15.868925,-61.270087
TFFR,Maryse Condé International Airport,GP,16.265443,-61.532754
TGPY,Maurice Bishop International Airport,GD,12.003996,-61.785302
TIST,Cyril E. King Airport,VI,18.337091,-64.977251
TISX,Henry E. Rohlsen Airport,VI,17.701413,-64.802608
TJ-0011,Khovaling Airport,TJ,38.364134,69.986299
TJ-UT45,Gissar Air Base,TJ,38.512298584,68.67250061040001
TJ-UT46,Farkhor Air Base,TJ,37.46979904169999,69.3807983398
TJAB,Antonio Nery Juarbe Pol Airport,PR,18.45085,-66.675768
TJBQ,Rafael Hernández International Airport,PR,18.4949,-67.129402
TJCP,Benjamin Rivera Noriega Airport,PR,18.312954,-65.303893
TJIG,Fernando Luis Ribas Dominicci Airport,PR,18.45680046081543,-66.09809875488281
TJMZ,Eugenio Maria De Hostos Airport,PR,18.255699157714844,-67.14849853515625
TJPS,Mercedita International Airport,PR,18.008301,-66.563004
TJRV,José Aponte de la Torre Airport,PR,18.247262,-65.63979
TJSJ,Luis Munoz Marin International Airport,PR,18.4394,-66.001801
TJVQ,Antonio Rivera Rodriguez Airport,PR,18.1348,-65.493599
TKPK,Robert L. Bradshaw International Airport,KN,17.310845,-62.719117
TKPN,Vance W. Amory International Airport,KN,17.2057,-62.589901
TLPC,George F. L. Charles Airport,LC,14.0202,-60.992901
TLPL,Hewanorra International Airport,LC,13.7332,-60.952599
UTAN,Balkanabat International Airport,TM,39.681052,54.206008
TM-UT52,Mary North Airport,TM,37.66429901123047,61.82699966430664
TNCA,Queen Beatrix International Airport,AW,12.501056,-70.014281
TNCB,Flamingo International Airport,BQ,12.131,-68.268501
TNCC,Hato International Airport,CW,12.1889,-68.959801
TNCE,F. D. Roosevelt Airport,BQ,17.4965,-62.979401
TNCM,Princess Juliana International Airport,SX,18.041,-63.108898
TNCS,Juancho E. Yrausquin Airport,BQ,17.64533,-63.220514
TQPF,Clayton J. Lloyd International Airport,AI,18.204773,-63.05383
TR-0004,Temelli Air Base,TR,39.73885726928711,32.378639221191406
LTFL,Keşan Air Base,TR,40.787068,26.606655
TRPG,John A. Osborne Airport,MS,16.791835,-62.193204
TTCP,A.N.R. Robinson International Airport,TT,11.149571,-60.831298
TTPP,Piarco International Airport,TT,10.59535,-61.337568
TUPJ,Terrance B. Lettsome International Airport,VG,18.445492,-64.541707
TUPW,Virgin Gorda Airport,VG,18.446634,-64.427932
TVSA,Argyle International Airport,VC,13.159725,-61.148801
TVSB,J F Mitchell Airport,VC,12.9884,-61.262001
TVSC,Canouan Airport,VC,12.699,-61.3424
TVSM,Mustique Airport,VC,12.8879,-61.180199
TVSU,Union Island International Airport,VC,12.600135,-61.411945
TW-0004,Zuoying Naval Airfield,TW,22.705,120.280998
TXKF,L.F. Wade International Airport,BM,32.363802,-64.67824
UKRN,Nizhyn Air Base,UA,51.088535,31.870995
UA-0010,Oktyabrskoe Air Base,UA,45.31999969482422,34.099998474121094
UA-0012,Kirovskoe Air Base,UA,45.16699981689453,35.18299865722656
UKDM,Melitopol Air Base,UA,46.880001,35.305
UKKA,Kacha Air Base,UA,44.779764,33.572245
UKBC,Bila Tserkva Air Base,UA,49.795228,30.024435
UKOD,Zhovtneve Air Base,UA,45.639999,28.67
UA-0047,Dolgintsevo Air Base,UA,47.887,33.533
UCFB,Batken Airport,KG,40.042899,70.83784
UAAA,Almaty International Airport,KZ,43.354267,77.042828
UAAH,Balkhash Airport,KZ,46.894246,75.004533
UAAT,Taldykorgan Airport,KZ,45.12255,78.442758
UACC,Nursultan Nazarbayev International Airport,KZ,51.027035,71.467094
UACK,Kokshetau International Airport,KZ,53.329102,69.594597
UACP,Petropavl International Airport,KZ,54.775622,69.187415
UADD,Taraz International Airport,KZ,42.8536,71.303596
UCFM,Manas International Airport,KG,43.061298,74.4776
UCFO,Osh International Airport,KG,40.609001,72.793297
UCFK,Karakol International Airport,KG,42.508099,78.407799
UAFW,Kant Air Base,KG,42.85319900512695,74.84649658203125
UAII,Shymkent International Airport,KZ,42.365021,69.47564
UAIT,Hazrat Sultan International Airport,KZ,43.311087,68.550352
UAKD,Zhezkazgan National Airport,KZ,47.708953,67.738094
UAKK,Sary-Arka Airport,KZ,49.670799,73.334396
UAOL,Baikonur Krayniy International Airport,KZ,45.621994,63.210773
UAON,Yubileyniy Airfield,KZ,46.052421,63.249185
UAOO,Korkyt Ata International Airport,KZ,44.706902,65.592499
UARR,Manshuk Mametova International Airport,KZ,51.151976,51.543652
UASA,Ayaguz Airport,KZ,47.919218,80.452194
UASB,Ekibastuz Airport,KZ,51.590999603271484,75.21499633789062
UASK,Oskemen International Airport,KZ,50.035033,82.496057
UASP,Pavlodar International Airport,KZ,52.194982,77.073088
UASS,Semei International Airport,KZ,50.351295,80.234398
UATE,Aktau International Airport,KZ,43.860093,51.09086
UATG,Atyrau International Airport,KZ,47.121318,51.820343
UATR,Shalkar Airport,KZ,47.904999,59.619999
UATT,Aktobe International Airport,KZ,50.248116,57.204144
UAUU,Kostanay International Airport,KZ,53.206902,63.550301
UBBI,Nasosnaya Air Base,AZ,40.591599,49.5574
UBBS,Khojaly Airport,AZ,39.901402,46.786999
UB14,Kyurdamir Air Base,AZ,40.27360153198242,48.16360092163086
UB18,Baku Kala Air Base,AZ,40.408409,50.200287
UBBB,Heydar Aliyev International Airport,AZ,40.47278,50.050931
UBBG,Ganja International Airport,AZ,40.738692,46.320383
UBBN,Nakhchivan International Airport,AZ,39.188801,45.458401
UBBQ,Gabala International Airport,AZ,40.808617,47.725389
UBBY,Zaqatala International Airport,AZ,41.557823,46.669464
UBLC,Lachin International Airport,AZ,39.883787,46.363137
UCFL,Issyk-Kul International Airport,KG,42.585584,76.701181
UDSG,Shirak International Airport,AM,40.750401,43.859299
UDYE,Erebuni Airport,AM,40.122100830099996,44.465000152600005
UDYZ,Zvartnots International Airport,AM,40.148941,44.397887
UEEE,Platon Oyunsky Yakutsk International Airport,RU,62.0933,129.770996
UELL,Chulman Airport,RU,56.913898468018,124.91400146484
UEMA,Moma Airport,RU,66.450861,143.261551
UEMM,Magan Airport,RU,62.103484,129.545288
UEMO,Olyokminsk Airport,RU,60.401833,120.476094
UEMT,Ust-Nera Airport,RU,64.550003,143.115005
UENK,Kyzyl-Syr Airport,RU,63.887303,122.775779
UENW,Vilyuisk Airport,RU,63.756668,121.693336
UERA,Aykhal Airport,RU,65.959198,111.546501
UERL,Lensk Airport,RU,60.723594,114.825319
UERP,Polyarny Airport,RU,66.400398,112.029999
UERR,Mirny Airport,RU,62.534698486328125,114.03900146484375
UERS,Saskylakh Airport,RU,71.927902,114.080002
UESG,Belaya Gora Airport,RU,68.556227,146.22784
UESK,Srednekolymsk Airport,RU,67.4805,153.7364
UESO,Chokurdakh Airport,RU,70.6231,147.901993
UESS,Cherskiy Airport,RU,68.740601,161.337997
UEST,Tiksi Airport,RU,71.697700500488,128.90299987793
UESU,Zyryanka Airport,RU,65.7485,150.8889
UEVV,Zhigansk Airport,RU,66.7965011597,123.361000061
UG-0002,Savannah Airstrip,UG,-0.7165,29.6997
UGSG,Gudauta Air Base,GE,43.104,40.5793
UG11,Dollyar Air Base,AZ,40.8876,45.957001
UG22,Tbilisi Marneuli Air Base,GE,41.459202,44.783199
UG24,Tbilisi Soganlug Air Base,GE,41.649200439453125,44.9364013671875
UG27,Vaziani Air Base,GE,41.627998,45.0308
UG28,Bolshiye Shiraki Air Base,GE,41.37950134277344,46.3672981262207
UGAM,Ambrolauri Airport,GE,42.52687,43.13538
UGKO,David the Builder Kutaisi International Airport,GE,42.177448,42.485353
UGSB,Alexander Kartveli Batumi International Airport,GE,41.60939,41.600315
UGSS,Vladislav Ardzinba Sukhum International Airport,GE,42.8582,41.128101
UGTB,Tbilisi International Airport,GE,41.669201,44.9547
UHBB,Ignatyevo Airport,RU,50.426723,127.415502
UHHH,Khabarovsk Novy Airport,RU,48.528338,135.188588
UHKD,Dzemgi Airport,RU,50.605625,137.081266
UHKG,Kamenny Ruchey Naval Air Base,RU,49.235703,140.1931
UHKK,Komsomolsk-on-Amur Airport,RU,50.409,136.934006
UHKM,Sovetskaya Gavan (Maygatka) Airport,RU,48.925067,140.035348
UHMA,Ugolny Yuri Ryktheu Airport,RU,64.734902,177.740997
UHMD,Provideniya Bay Airport,RU,64.378098,-173.242996
UHMF,Omsukchan Airport,RU,62.457001,155.744995
UHMG,Chaybukha Airport,RU,61.834999,160.548004
UHMK,Keperveem Airport,RU,67.845001,166.139999
UHMM,Sokol Airport,RU,59.9109992980957,150.72000122070312
UHMP,Pevek Airport,RU,69.783302,170.597
UHMS,Seymchan Airport,RU,62.92078,152.422775
UHMT,Magadan-13 Airport,RU,59.62329864501953,150.9219970703125
UHMW,Severo-Evensk Airport,RU,61.921786,159.229059
UHNN,Nikolayevsk-na-Amure Airport,RU,53.154999,140.649994
UHOO,Okhotsk Airport,RU,59.410065,143.056503
UHPL,Palana Airport,RU,59.082064,159.891577
UHPP,Yelizovo Airport,RU,53.168716,158.451068
UHSS,Yuzhno-Sakhalinsk International Airport,RU,46.885461,142.717466
UHWW,Vladivostok International Airport,RU,43.396256,132.148155
UIAA,Chita-Kadala International Airport,RU,52.024841,113.305839
UIAE,Krasnokamensk Airport,RU,50.033108,118.061142
UIBB,Bratsk Airport,RU,56.3696,101.701822
UIBV,Zheleznogorsk Airport,RU,56.487701,104.106003
UIII,Irkutsk International Airport,RU,52.266707,104.395563
UITT,Ust-Kut Airport,RU,56.856701,105.730003
UIUU,Baikal International Airport,RU,51.808614,107.439652
UKBB,Boryspil International Airport,UA,50.345001,30.894699
UKCM,Mariupol International Airport,UA,47.07609939575195,37.44960021972656
UKDB,Berdyansk Airport,UA,46.814999,36.758099
UKDD,Dnipro International Airport,UA,48.357201,35.100601
UKDE,Zaporizhzhia International Airport,UA,47.866962,35.314723
UKDR,Kryvyi Rih International Airport,UA,48.04330062866211,33.209999084472656
UKFB,Sevastopol International Airport / Belbek Air Base,UA,44.691822,33.57462
UKFF,Simferopol International Airport,UA,45.0522,33.975101
UKFG,Gvardeyskoye (Hvardiiske) Air Base,UA,45.116192,33.976625
UKFI,Saky Air Base,UA,45.090611,33.598536
UKFY,Dzhankoy Air Base,UA,45.700901,34.4189
UKHH,Kharkiv International Airport,UA,49.926943,36.290814
UKKE,Cherkasy International Airport,UA,49.4156,31.9953
UKKM,Hostomel Airport,UA,50.6035,30.1919
UKKO,Ozerne Air Base,UA,50.158298,28.7383
UKLH,Khmelnytskyi Airport,UA,49.359699,26.933399
UKLI,Ivano-Frankivsk International Airport,UA,48.88420104980469,24.686100006103516
UKLL,Lviv International Airport,UA,49.8125,23.9561
UKLN,Chernivtsi International Airport,UA,48.259300231933594,25.98080062866211
UKLR,Rivne International Airport,UA,50.60710144042969,26.141599655151367
UKLU,Uzhhorod International Airport,UA,48.6343,22.263399
UKOH,Kherson International Airport,UA,46.6758,32.506401
UKOO,Odesa International Airport,UA,46.427196,30.672649
UKWW,Vinnytsia/Gavyryshivka International Airport,UA,49.242531,28.613778
ULAA,Talagi Airport,RU,64.60030364990234,40.71670150756836
ULAH,Vaskovo Airport,RU,64.441704,40.4217
ULAM,Naryan Mar Airport,RU,67.639999,53.121899
ULDD,Amderma Airport,RU,69.76329803466797,61.556400299072266
ULKK,Kotlas Airport,RU,61.235801696777344,46.6974983215332
ULLI,Pulkovo Airport,RU,59.800301,30.262501
ULLP,Pushkin Airport,RU,59.685001,30.338301
ULMM,Emperor Nicholas II Murmansk Airport,RU,68.7817,32.750801
ULOO,Princess Olga Pskov International Airport,RU,57.781316,28.39384
ULPB,Petrozavodsk Airport,RU,61.885201,34.154701
ULPP,Peski Airfield,RU,61.831944,34.295555
ULWC,Cherepovets Airport,RU,59.273601532,38.015800476100004
ULWU,Velikiy Ustyug Airport,RU,60.7883,46.259998
ULWW,Vologda Airport,RU,59.282501,39.944401
UMBB,Brest International Airport,BY,52.108138,23.89676
UMGG,Gomel Airport,BY,52.527000427246094,31.016700744628906
UMII,Vitebsk Vostochny Airport,BY,55.126499176025,30.349599838257
UMKK,Khrabrovo Airport,RU,54.89161,20.598559
UMMA,Baranavichi Air Base,BY,53.099998,26.049999
UMMG,Hrodna Airport,BY,53.602001,24.053801
UMMS,Minsk National Airport,BY,53.888071,28.039964
UMNB,Babruisk Air Base,BY,53.105,29.205
UMOO,Mogilev Airport,BY,53.954898834228516,30.09510040283203
UNAA,Abakan International Airport,RU,53.740002,91.385002
UNBB,Barnaul Gherman Titov International Airport,RU,53.361285,83.539701
UNBG,Gorno-Altaysk Airport,RU,51.969204,85.836539
UNEE,Alexei Leonov Kemerovo International Airport,RU,55.2701,86.107201
UNIB,Baykit Airport,RU,61.676701,96.355003
UNII,Yeniseysk Airport,RU,58.474201,92.112503
UNIP,Podkamennaya Tunguska Airport,RU,61.589699,89.994003
UNIS,Severo-Yeniseysk Airport,RU,60.373299,93.011703
UNIW,Vanavara Airport,RU,60.356229,102.309641
UNKL,Krasnoyarsk International Airport,RU,56.175743,92.485788
UNKM,Krasnoyarsk Cheremshanka Airport,RU,56.177584,92.545881
UNKS,Achinsk Airport,RU,56.269185,90.57511
UNKY,Kyzyl Airport,RU,51.669399,94.400597
UNNE,Yeltsovka Airport,RU,55.0924,83.004501
UNNT,Novosibirsk Tolmachevo Airport,RU,55.019756,82.618675
UNOO,Omsk Central Airport,RU,54.963124,73.312418
UNOS,Omsk Severny Airport,RU,54.974998,73.555
UNSS,Strezhevoy Airport,RU,60.7094,77.660004
UNTT,Tomsk Kamov Airport,RU,56.380299,85.208298
UNWW,Spichenkovo Airport,RU,53.811401,86.877197
UODD,Dikson Airport,RU,73.517807,80.379669
UODN,Nagurskoye Airfield,RU,80.803207,47.663586
UOHH,Khatanga Airport,RU,71.97810363769531,102.49099731445312
UOIG,Svetlogorsk Airport,RU,66.839996,88.403336
UOII,Igarka Airport,RU,67.437202,86.621902
UOOO,Alykel International Airport,RU,69.307951,87.325906
URKA,Anapa Vityazevo Airport,RU,45.002102,37.347301
URKG,Gelendzhik Airport,RU,44.5820926295,38.0124807358
URKK,Krasnodar Pashkovsky International Airport,RU,45.034465,39.174215
URMG,Akhmat Kadyrov Grozny International Airport,RU,43.388106,45.699772
URML,Makhachkala Uytash International Airport,RU,42.816799,47.652302
URMM,Mineralnye Vody Airport,RU,44.225101,43.081902
URMN,Nalchik Airport,RU,43.512901,43.6366
URMO,Vladikavkaz Beslan International Airport,RU,43.205101,44.606602
URMS,Magas Airport,RU,43.323268,45.012568
URMT,Stavropol Shpakovskoye Airport,RU,45.10919952392578,42.11280059814453
UROD,Dudinka Airport,RU,69.375,86.15667
URRP,Platov International Airport,RU,47.493888,39.924722
URRT,Taganrog Yuzhny Airport,RU,47.1983333,38.8491667
URSS,Sochi International Airport,RU,43.449902,39.9566
URWA,Astrakhan Narimanovo Boris M. Kustodiev International Airport,RU,46.282843,48.010511
URWI,Elista Airport,RU,46.373901,44.330898
URWW,Volgograd International Airport,RU,48.78134,44.339194
USCC,Kurchatov Chelyabinsk International Airport,RU,55.303141,61.504927
USCM,Magnitogorsk International Airport,RU,53.391991,58.755235
USDA,Sabetta International Airport,RU,71.219167,72.052222
USDB,Bovanenkovo Airport,RU,70.315278,68.333611
USDD,Salekhard Airport,RU,66.5907974243164,66.61100006103516
USHB,Berezovo Airport,RU,63.92100143432617,65.03050231933594
USHH,Khanty Mansiysk Airport,RU,61.0285,69.086098
USHN,Nyagan Airport,RU,62.110001,65.614998
USHQ,Beloyarskiy Airport,RU,63.686901,66.698601
USHS,Sovetskiy Airport,RU,61.326622009277344,63.60191345214844
USHU,Uray Airport,RU,60.103298,64.826698
USII,Izhevsk Airport,RU,56.834524,53.462172
USKK,Pobedilovo Airport,RU,58.503883,49.347831
USMM,Nadym Airport,RU,65.48090362548828,72.69889831542969
USMU,Novy Urengoy Airport,RU,66.06939697265625,76.52030181884766
USNN,Nizhnevartovsk Airport,RU,60.949299,76.483597
USPP,Perm International Airport,RU,57.914501,56.021198
USRK,Kogalym International Airport,RU,62.190399169921875,74.53379821777344
USRN,Nefteyugansk Airport,RU,61.108299,72.650002
USRO,Noyabrsk Airport,RU,63.18330001831055,75.2699966430664
USRR,Surgut International Airport,RU,61.340501,73.405782
USSK,Uktus Airport,RU,56.701698,60.790001
USSS,Koltsovo Airport,RU,56.743099212646,60.802700042725
USTJ,Tobolsk Remezov Airport,RU,58.059712,68.347997
USTR,Roshchino International Airport,RU,57.178984,65.327696
USUU,Kurgan Airport,RU,55.4753,65.415604
UT1G,Ashgabat Bezmein Air Base,TM,38.012001,58.195
UTAA,Ashgabat International Airport,TM,37.986801,58.361
UTAK,Turkmenbaşy International Airport,TM,40.062833,53.005085
UTAM,Mary International Airport,TM,37.62353,61.895668
UTAT,Dashoguz International Airport,TM,41.759853,59.836149
UTAV,Türkmenabat International Airport,TM,38.930662,63.563982
UTDD,Dushanbe International Airport,TJ,38.543746,68.822977
UTDK,Kulob International Airport,TJ,37.988098,69.805
UTDL,Khujand International Airport,TJ,40.215401,69.694702
UTDT,Bokhtar International Airport,TJ,37.866315,68.864475
UZFN,Namangan International Airport,UZ,40.984622,71.5578
UZFA,Andijan International Airport,UZ,40.727699,72.293999
UZFF,Fergana International Airport,UZ,40.358799,71.745003
UZNN,Nukus International Airport,UZ,42.4884,59.623299
UZNU,Urgench International Airport,UZ,41.58274,60.64338
UZSA,Navoi International Airport,UZ,40.117599,65.172658
UZSB,Bukhara International Airport,UZ,39.775319,64.482279
UZSS,Samarkand International Airport,UZ,39.701842,66.981467
UZST,Termez Airport,UZ,37.287261,67.311869
UZTP,Tashkent-Khumo International Airport,UZ,41.312889,69.395535
UZTT,Tashkent International Airport,UZ,41.2579,69.281197
UZTZ,Zomin Airport,UZ,40.01402,68.41103
UUBA,Kostroma Sokerkino Airport,RU,57.796902,41.019402
UUBC,Grabtsevo Airport,RU,54.5499992371,36.3666687012
UUBI,Ivanovo South Airport,RU,56.93939971923828,40.940799713134766
XUBK,Staroselye Airport,RU,58.104198,38.929401
UUBP,Bryansk International Airport,RU,53.214403,34.175965
UUBW,Zhukovsky International Airport,RU,55.553299,38.150002
UUDD,Domodedovo International Airport,RU,55.408798,37.9063
UUDL,Golden Ring Yaroslavl International Airport,RU,57.560699,40.157398
UUEE,Sheremetyevo International Airport,RU,55.976858,37.41121
UUEM,Migalovo Air Base,RU,56.82469940185547,35.7577018737793
UUMT,Tretyakovo Airport,RU,54.904999,39.026669
UUMU,Chkalovskiy Air Base,RU,55.8783,38.061699
UUOB,Belgorod International Airport,RU,50.643798828125,36.5900993347168
UUOK,Kursk East Airport,RU,51.7505989074707,36.29560089111328
UUOL,Lipetsk Airport,RU,52.70280075073242,39.53779983520508
UUOO,Voronezh International Airport,RU,51.814324,39.230948
UUOT,Donskoye Airport,RU,52.806099,41.4828
UUWW,Vnukovo International Airport,RU,55.591499,37.261501
UUYH,Ukhta Airport,RU,63.566898,53.804699
UUYI,Inta Airport,RU,66.053372,60.105786
UUYK,Vuktyl Airport,RU,63.823299,57.279999
UUYP,Pechora Airport,RU,65.121101,57.130798
UUYS,Usinsk Airport,RU,66.0047,57.367199
UUYV,Izhma Airport,RU,65.0317,53.970001
UUYW,Vorkuta Airport,RU,67.488602,63.993099
UUYX,Ust-Tsylma Airport,RU,65.437294,52.200336
UUYY,Syktyvkar Airport,RU,61.64699935913086,50.84510040283203
UWGG,Nizhny Novgorod / Strigino International Airport,RU,56.227351,43.785152
UWKB,Bugulma Airport,RU,54.641184,52.800229
UWKD,Kazan International Airport,RU,55.606201,49.278702
UWKE,Begishevo Airport,RU,55.564701,52.092499
UWKG,Borisoglebskoye Airport,RU,55.866699,49.133301
UWKJ,Yoshkar-Ola Airport,RU,56.7006,47.904701
UWKS,Cheboksary Airport,RU,56.090302,47.347301
UWLL,Ulyanovsk Baratayevka Airport,RU,54.27016,48.225569
UWLW,Ulyanovsk Vostochny Airport,RU,54.401001,48.8027
UWOO,Orenburg Central Airport,RU,51.792668,55.457229
UWOR,Orsk Airport,RU,51.072498,58.5956
UWPP,Penza Airport,RU,53.1106,45.021099
UWPS,Saransk International Airport,RU,54.12513,45.212257
UWSB,Balakovo Airport,RU,51.858299,47.745602
UWSG,Gagarin International Airport,RU,51.712778,46.171111
UWUU,Ufa International Airport,RU,54.557499,55.874401
UWWB,Buguruslan Severny Airport,RU,53.718399,52.371899
UWWG,Bezymyanka Airfield,RU,53.220001,50.325001
UWWW,Kurumoch International Airport,RU,53.504902,50.164299
VERW,"Rewa Airport, Chorhata, REWA",IN,24.503401,81.220299
VAGD,Gondia Airport,IN,21.526817,80.290347
VAAH,Sardar Vallabh Patel International Airport,IN,23.0772,72.634697
VAAK,Akola Airport,IN,20.698931,77.056883
VAAU,Aurangabad Airport,IN,19.862875,75.396312
VABB,Chhatrapati Shivaji Maharaj International Airport,IN,19.088699,72.867897
VABJ,Bhuj Airport,IN,23.2877998352,69.6701965332
VOBM,Belagavi Airport,IN,15.8593,74.618301
VABO,Vadodara International Airport,IN,22.336201,73.226303
VABP,Raja Bhoj International Airport,IN,23.2875,77.337402
VABV,Bhavnagar Airport,IN,21.752199173,72.1852035522
VADN,Daman Airport,IN,20.434401,72.843201
VOHB,Hubballi Airport,IN,15.361084,75.082096
VAHS,Rajkot International Airport,IN,22.378824,71.039391
VAID,Devi Ahilya Bai Holkar International Airport,IN,22.721404,75.80051
VAJB,Jabalpur Airport,IN,23.177799,80.052002
VAJM,Jamnagar Airport,IN,22.465499877929688,70.01260375976562
VAKE,Kandla Airport,IN,23.1127,70.100304
VEKO,Khajuraho Airport,IN,24.8172,79.918602
VAKP,Kolhapur Airport,IN,16.6647,74.289398
VAKS,Keshod Airport,IN,21.317101,70.270401
VALT,Murod Kond Airport,IN,18.411501,76.464699
VAND,Nanded Airport,IN,19.1833,77.316704
VANP,Dr. Babasaheb Ambedkar International Airport,IN,21.092199,79.047203
VAOZ,Nashik International Airport,IN,20.119101,73.912903
VAPO,Pune International Airport,IN,18.5821,73.919701
VAPR,Porbandar Airport,IN,21.649524,69.656405
VARG,Ratnagiri Airport,IN,17.013599,73.327797
VARK,Rajkot Airport,IN,22.3092,70.779503
VERP,Swami Vivekananda Airport,IN,21.180401,81.7388
VASD,Shirdi International Airport,IN,19.689211,74.373655
VASL,Solapur Airport,IN,17.6280002594,75.93479919430001
VASU,Surat International Airport,IN,21.115531,72.743251
VAUD,Maharana Pratap Airport,IN,24.617700576799997,73.89610290530001
VCBI,Bandaranaike International Colombo Airport,LK,7.180759906768799,79.88410186767578
VCCA,Anuradhapura Airport,LK,8.301542,80.42848
VCCB,Batticaloa International Airport,LK,7.705073,81.677163
VCCC,Colombo Ratmalana International Airport,LK,6.821638,79.885859
VCCG,Ampara Airport,LK,7.336745,81.623869
VCCH,Hingurakgoda Air Force Base,LK,8.04981,80.9814
VCCJ,Jaffna International Airport,LK,9.79233,80.070099
VCCK,Koggala Airport,LK,5.993680000305176,80.32029724121094
VCCT,China Bay Airport,LK,8.539159,81.18128
VCRI,Mattala Rajapaksa International Airport,LK,6.283878,81.124163
VDBG,Battambang Airport,KH,13.0956,103.223999
VDPP,Phnom Penh International Airport,KH,11.547155,104.844699
VDRK,Ratanakiri Airport,KH,13.729999542236328,106.98699951171875
VDSA,Siem Reap-Angkor International Airport,KH,13.36974,104.223831
VDSV,Sihanouk International Airport,KH,10.570557,103.632067
VE-0526,(Misplaced duplicate?)Aeropuerto internacional Simón bolivar,VE,12.504223,20.81543
VEAN,Along Airport,IN,28.17530059814453,94.802001953125
VEAT,Agartala - Maharaja Bir Bikram Airport,IN,23.886999,91.240402
VEBD,Bagdogra Airport,IN,26.6812,88.328598
VEBI,Shillong Airport,IN,25.70359992980957,91.97869873046875
VEBN,Lal Bahadur Shastri International Airport,IN,25.452171,82.862549
VEBS,Biju Patnaik International Airport,IN,20.251021,85.814747
VEBU,Bilaspur Airport,IN,21.9884,82.111
VECC,Netaji Subhash Chandra Bose International Airport,IN,22.654012,88.44765
VEDB,Dhanbad Airport,IN,23.834,86.425301
VEDG,Kazi Nazrul Islam Airport,IN,23.6225,87.243
VEDH,Darbhanga Airport,IN,26.192801,85.916901
VEGK,Gorakhpur Airport,IN,26.739700317399997,83.4496994019
VEGT,Lokpriya Gopinath Bordoloi International Airport,IN,26.106654,91.585226
VEGY,Gaya Airport,IN,24.744301,84.951202
VEHX,Hashimara Air Force Station,IN,26.698299,89.369102
VEIM,Bir Tikendrajit International Airport,IN,24.76,93.896698
VEJS,Sonari Airport,IN,22.813706,86.168981
VEJT,Jorhat Airport,IN,26.730456,94.175416
VEKI,Kushinagar International Airport,IN,26.776534,83.889214
VEKR,Kailashahar Airport,IN,24.308657,92.00768
VEKU,Silchar Airport,IN,24.9129009247,92.97869873050001
VELP,Lengpui Airport,IN,23.840599,92.619698
VELR,Lilabari North Lakhimpur Airport,IN,27.295682,94.097266
VEMN,Dibrugarh Airport,IN,27.4839000702,95.0168991089
VEMR,Dimapur Airport,IN,25.883899688699998,93.77110290530001
VEMZ,Muzaffarpur Airport,IN,26.119101,85.313698
VEPH,Panagarh Air Force Station,IN,23.474300384499998,87.4274978638
VEPT,Jay Prakash Narayan Airport,IN,25.591299,85.087997
VERC,Birsa Munda Airport,IN,23.314300537100003,85.3217010498
VERK,Rourkela Airport,IN,22.256571,84.815193
VETZ,Tezpur Airport,IN,26.7091007232666,92.78469848632812
VEUK,Utkela Airport,IN,20.097778,83.183333
VOVZ,Visakhapatnam International Airport,IN,17.723506,83.227729
VEZO,Ziro Airport,IN,27.588301,93.828102
VGBR,Barisal Airport,BD,22.801001,90.301201
VGCB,Cox's Bazar Airport,BD,21.457517,91.963263
VGEG,Shah Amanat International Airport,BD,22.249599,91.813301
VGHS,Hazrat Shahjalal International Airport,BD,23.843347,90.397783
VGIS,Ishurdi Airport,BD,24.1525,89.0494
VGJR,Jessore Airport,BD,23.1838,89.160797
VGRJ,Shah Makhdum Airport,BD,24.437201,88.616501
VGSD,Saidpur Airport,BD,25.759199,88.908897
VGSY,Osmany International Airport,BD,24.963993,91.864749
VHHH,Hong Kong International Airport,HK,22.31184,113.914862
VHSK,Shek Kong Air Base,HK,22.4366,114.080002
VIAG,Agra Airport / Agra Air Force Station,IN,27.157975,77.961025
VEAB,Prayagraj Airport,IN,25.4401,81.733902
VIAM,Ambala Air Force Station,IN,30.368099,76.816704
VIAR,Sri Guru Ram Das Ji International Airport,IN,31.7096,74.797302
VIBK,Nal Airport,IN,28.070601,73.207199
VIBR,Kullu Manali Airport,IN,31.876699,77.154404
VIBT,Bhatinda Air Force Station,IN,30.2701,74.755798
VIBY,Bareilly Air Force Station,IN,28.4221,79.450798
VICG,Shaheed Bhagat Singh International Airport,IN,30.6735,76.788498
VECX,Kanpur Airport,IN,26.404301,80.410103
VIDD,Safdarjung Airport,IN,28.585453,77.203563
VIDN,Dehradun Jolly Grant Airport,IN,30.189243,78.176651
VIDP,Indira Gandhi International Airport,IN,28.55563,77.09519
VIGG,Kangra Airport,IN,32.164902,76.263018
VIGR,Gwalior Airport,IN,26.29330062866211,78.22779846191406
VIHR,Maharaja Agrasen International Airport,IN,29.186065,75.74142
VIHX,Halwara International Airport,IN,30.748501,75.629799
VIJO,Jodhpur Airport,IN,26.251100540161133,73.04889678955078
VIJP,Jaipur International Airport,IN,26.8242,75.812202
VIJR,Jaisalmer Airport,IN,26.8887,70.864998
VIJU,Jammu Airport,IN,32.688849,74.838152
VIKG,Kishangarh Airport Ajmer,IN,26.591007,74.812956
VIKO,Kota Airport,IN,25.160200119,75.84559631350001
VILD,Ludhiana Airport,IN,30.854700088500977,75.95259857177734
VILH,Leh Kushok Bakula Rimpochee Airport,IN,34.135899,77.546501
VILK,Chaudhary Charan Singh International Airport,IN,26.760599,80.889297
VIMB,Moradabad Airport,IN,28.81746,78.92187
VIPK,Pathankot Airport,IN,32.233611,75.634444
VIPT,Pantnagar Airport,IN,29.0334,79.473701
VISA,Sirsa Air Force Station,IN,29.5606,75.006104
VISR,Sheikh ul Alam International Airport,IN,33.987099,74.7742
VIUX,Udhampur Air Force Station,IN,32.902152,75.155709
VLLB,Luang Phabang International Airport,LA,19.904273,102.167191
VLPS,Pakse International Airport,LA,15.133973,105.779871
VLSK,Savannakhet Airport,LA,16.55660057067871,104.76000213623047
VLSN,Sam Neua Airport,LA,20.4184,104.067001
VLVT,Wattay International Airport,LA,17.985052,102.566692
SGVM,Aeropuerto Nacional Doctor Juan Plate,PY,-22.159371,-57.942395
VMMC,Macau International Airport,MO,22.149599,113.592003
VVLT,Long Thanh International Airport (Under Construction),VN,10.772842,107.040596
VNBW,Gautam Buddha International Airport,NP,27.504636,83.410381
VNJP,Janakpur Airport,NP,26.708799,85.922401
VNKT,Tribhuvan International Airport,NP,27.6966,85.3591
VNLK,Tenzing-Hillary Airport,NP,27.686768,86.729479
VNNG,Nepalgunj Airport,NP,28.1036,81.667
VNPK,Pokhara Domestic Airport,NP,28.200621,83.981203
VNTJ,Taplejung Airport,NP,27.3509,87.69525
VNVT,Biratnagar Airport,NP,26.48150062561035,87.26399993896484
VOBX,Campbell Bay Airport / INS Baaz,IN,7.01304,93.922798
VOAT,Agatti Airport,IN,10.8237,72.176003
VOBG,HAL Airport,IN,12.95,77.668198
VOBI,Bellary Airport,IN,15.162799835205078,76.88279724121094
VOBL,Kempegowda International Airport Bengaluru,IN,13.1979,77.706299
VOBR,Bidar Airport / Bidar Air Force Station,IN,17.9081,77.487099
VOBZ,Vijayawada International Airport,IN,16.530011,80.804888
VOCB,Coimbatore International Airport,IN,11.03,77.043404
VOCI,Cochin International Airport,IN,10.151047,76.400838
VOCL,Calicut International Airport,IN,11.135996,75.955152
VOCP,Kadapa Airport,IN,14.513154,78.769183
VOCX,Car Nicobar Air Force Base,IN,9.153056,92.819273
VODG,Dundigul Air Force Academy,IN,17.627199173,78.4033966064
VOGA,Manohar International Airport,IN,15.744257,73.860625
VOGO,Goa Dabolim International Airport,IN,15.380062,73.833328
VOHS,Rajiv Gandhi International Airport,IN,17.231318,78.429855
VOHY,Begumpet Airport,IN,17.4531,78.467598
VOKN,Kannur International Airport,IN,11.916343,75.544979
VOKU,Kurnool Airport,IN,15.716288,78.16923
VOMD,Madurai Airport,IN,9.83450984955,78.09339904790001
VOML,Mangaluru International Airport,IN,12.95471,74.886812
VOMM,Chennai International Airport,IN,12.990005,80.169296
VOMY,Mysore Airport,IN,12.229751,76.653683
VOPB,Veer Savarkar International Airport / INS Utkrosh,IN,11.640194,92.72902
VOPC,Pondicherry Airport,IN,11.968,79.812
VOPN,Sri Sathya Sai Airport,IN,14.1492996216,77.7910995483
VORY,Rajahmundry Airport,IN,17.105799,81.813204
VOSM,Salem Airport,IN,11.78330039978,78.06559753418
VOTP,Tirupati International Airport,IN,13.631988,79.539869
VOTR,Tiruchirappalli International Airport,IN,10.762915,78.717741
VOTV,Thiruvananthapuram International Airport,IN,8.481889,76.920029
VQGP,Gelephu Airport,BT,26.88456,90.46412
VQPR,Paro International Airport,BT,27.4032,89.424599
VRDA,Maafaru International Airport,MV,5.817407,73.468404
VRMG,Gan International Airport,MV,-0.692975,73.152627
VRMH,Hanimaadhoo International Airport,MV,6.743235,73.167072
VRMK,Kadhdhoo Airport,MV,1.8591699600219727,73.52189636230469
VRMM,Velana International Airport,MV,4.19183,73.529099
VRMT,Kaadedhdhoo Airport,MV,0.488131,72.996902
VRMV,Villa International Airport Maamigili,MV,3.471751,72.832633
VTBD,Don Mueang International Airport,TH,13.9126,100.607002
VTBK,Kamphaeng Saen Airport,TH,14.1020002365,99.9171981812
VTBL,Khok Kathiam Airport,TH,14.87462,100.663397
VTBO,Trat Airport,TH,12.2746,102.319
VTBS,Suvarnabhumi Airport,TH,13.6811,100.747002
VTBU,U-Tapao–Rayong–Pattaya International Airport,TH,12.6799,101.004997
VTCC,Chiang Mai International Airport,TH,18.766799926799997,98.962600708
VTCH,Mae Hong Son Airport,TH,19.3013,97.9758
VTCL,Lampang Airport,TH,18.27090072631836,99.50420379638672
VTCN,Nan Airport,TH,18.807899475097656,100.78299713134766
VTCP,Phrae Airport,TH,18.1322,100.165001
VTCT,Mae Fah Luang - Chiang Rai International Airport,TH,19.952299,99.882896
VTPB,Phetchabun Airport,TH,16.6760005951,101.194999695
VTPH,Hua Hin Airport,TH,12.6361999512,99.951499939
VTPI,Takhli Royal Thai Air Force Base,TH,15.2773,100.295998
VTPM,Mae Sot Airport,TH,16.699899673461914,98.54509735107422
VTPO,Sukhothai Airport,TH,17.238000869750977,99.81819915771484
VTPP,Phitsanulok Airport,TH,16.7829,100.278999
VTPT,Tak Airport,TH,16.896,99.253304
VTSB,Surat Thani Airport,TH,9.13259983063,99.135597229
VTSC,Narathiwat Airport,TH,6.5199198722839355,101.74299621582031
VTSE,Chumphon Airport,TH,10.7112,99.361702
VTSF,Nakhon Si Thammarat Airport,TH,8.539620399475098,99.9447021484375
VTSG,Krabi International Airport,TH,8.095591,98.988955
VTSH,Songkhla Airport,TH,7.186560153961182,100.60800170898438
VTSK,Pattani Airport,TH,6.78546,101.153999
VTSM,Samui International Airport,TH,9.54779,100.061996
VTSN,Cha Eian Airport,TH,8.47115,99.955597
VTSP,Phuket International Airport,TH,8.113257,98.3174
VTSR,Ranong Airport,TH,9.77762,98.585503
VTSS,Hat Yai International Airport,TH,6.93321,100.392998
VTST,Trang Airport,TH,7.50874,99.6166
VTUD,Udon Thani International Airport,TH,17.386186,102.788577
VTUI,Sakon Nakhon Airport,TH,17.195100784301758,104.11900329589844
VTUJ,Surin Airport,TH,14.868300437927,103.49800109863
VTUK,Khon Kaen Airport,TH,16.466600418099997,102.783996582
VTUL,Loei Airport,TH,17.43910026550293,101.72200012207031
VTUO,Buri Ram Airport,TH,15.2295,103.252998
VTUQ,Nakhon Ratchasima Airport,TH,14.9495,102.313004
VTUU,Ubon Ratchathani Airport,TH,15.2512998581,104.870002747
VTUV,Roi Et Airport,TH,16.1168,103.774002
VTUW,Nakhon Phanom Airport,TH,17.383801,104.642998
VVBM,Buon Ma Thuot Airport,VN,12.668299675,108.120002747
VVCI,Cat Bi International Airport,VN,20.817428,106.724315
VVCM,Cà Mau Airport,VN,9.177667,105.177778
VVCR,Cam Ranh International Airport / Cam Ranh Air Base,VN,11.9982,109.219002
VVCS,Con Dao Airport,VN,8.73183,106.633003
VVCT,Can Tho International Airport,VN,10.083397,105.709371
VVDB,Dien Bien Phu Airport,VN,21.3974990845,103.008003235
VVDH,Dong Hoi Airport,VN,17.515,106.590556
VVDL,Lien Khuong Airport,VN,11.750556,108.366997
VVDN,Da Nang International Airport,VN,16.0439,108.198997
VVGL,Gia Lam Air Base,VN,21.040501,105.886002
VVNB,Noi Bai International Airport,VN,21.221201,105.806999
VVPB,Phu Bai International Airport,VN,16.400628,107.703094
VVPC,Phu Cat Airport,VN,13.955,109.042
VVPK,Pleiku Airport,VN,14.004500389099121,108.01699829101562
VVPQ,Phú Quốc International Airport,VN,10.169783,103.99353
VVRG,Rach Gia Airport,VN,9.95802997234,105.132379532
VVTH,Dong Tac Airport,VN,13.0496,109.334
VVTS,Tan Son Nhat International Airport,VN,10.8188,106.652
VVVD,Van Don International Airport,VN,21.120693,107.41539
VVVH,Vinh Airport,VN,18.7376003265,105.67099762
VYDW,Dawei Airport,MM,14.1039,98.203598
VYHH,Heho Airport,MM,20.74714,96.792029
VYKG,Kengtung Airport,MM,21.301599502563477,99.63600158691406
VYKP,Kyaukpyu Airport,MM,19.42639923095703,93.53479766845703
VYKT,Kawthoung Airport,MM,10.049300193786621,98.53800201416016
VYLK,Loikaw Airport,MM,19.691499710083008,97.21479797363281
VYLS,Lashio Airport,MM,22.9778995513916,97.752197265625
VYMD,Mandalay International Airport,MM,21.702199935913086,95.97789764404297
VYME,Myeik Airport,MM,12.439800262451172,98.62149810791016
VYMK,Myitkyina Airport,MM,25.3836,97.351898
VYML,Meiktila Air Base,MM,20.88640022277832,95.89279174804688
VYMO,Momeik Airport,MM,23.092500686645508,96.64530181884766
VYMS,Mong Hsat Airport,MM,20.516799926757812,99.25679779052734
VYNP,Nampong Air Base,MM,25.354400634799998,97.2951965332
VYNS,Namsang Airport,MM,20.890499114990234,97.73590087890625
VYNT,Nay Pyi Taw International Airport,MM,19.623501,96.200996
VYPT,Putao Airport,MM,27.32990074157715,97.42630004882812
VYST,Shante Air Base,MM,20.941699981689453,95.91449737548828
VYSW,Sittwe Airport,MM,20.133165,92.870693
VYTD,Thandwe Airport,MM,18.4606990814209,94.30010223388672
VYTL,Tachileik Airport,MM,20.483800888061523,99.9354019165039
VYYY,Yangon International Airport,MM,16.907300949099998,96.1332015991
WAAA,Sultan Hasanuddin International Airport,ID,-5.075539,119.553702
WABB,Frans Kaisiepo Airport,ID,-1.19002,136.108002
WABI,Douw Aturure Airport,ID,-3.397973,135.393071
WABO,Stevanus Rumbewas Airport,ID,-1.82842,136.062402
WAYY,Mozes Kilangin Airport,ID,-4.52978,136.887388
WADB,Sultan Muhammad Salahuddin Airport,ID,-8.537184,118.685002
WADD,Denpasar I Gusti Ngurah Rai International Airport,ID,-8.748409,115.167123
WADL,Lombok International Airport,ID,-8.759962,116.278169
WAEE,Sultan Babullah Airport,ID,0.831012,127.381611
WAEW,Pitu Airport,ID,2.04599,128.324997
WAFB,Toraja Airport,ID,-3.184359,119.919104
WAFF,Mutiara - SIS Al-Jufrie Airport,ID,-0.916462,119.908647
WAFP,Kasiguncu Airport,ID,-1.414121,120.659241
WAFW,Syukuran Aminuddin Amir Airport,ID,-1.035893,122.773934
WAGG,Tjilik Riwut Airport,ID,-2.227146,113.943388
WAHI,Yogyakarta International Airport,ID,-7.905338,110.057264
WAHL,Tunggul Wulung Airport,ID,-7.64506,109.033997
WAJJ,Dortheys Hiyo Eluay International Airport,ID,-2.579627,140.519857
WAJO,Oksibil Airport,ID,-4.9071,140.6277
WAKK,Mopah International Airport,ID,-8.523898,140.419693
WAKT,Tanah Merah Airport,ID,-6.09669,140.303521
WALK,Nusantara International Airport,ID,-1.16053,116.71193
WALL,Sultan Aji Muhammad Sulaiman Sepinggan International Airport,ID,-1.268342,116.89452
WAQQ,Juwata International Airport / Suharnoko Harbani AFB,ID,3.325145,117.564169
WALS,Aji Pangeran Tumenggung Pranoto International Airport,ID,-0.374478,117.250128
WAMH,Naha Airport,ID,3.68478,125.527162
WAMM,Sam Ratulangi International Airport,ID,1.548591,124.92625
WAON,Warukin Airport,ID,-2.21656,115.435997
WAOO,Syamsudin Noor International Airport,ID,-3.440112,114.761209
WAPF,Karel Sadsuitubun Airport,ID,-5.760278,132.759444
WAPN,Namniwel Airport,ID,-3.143159,126.976469
WAPP,Pattimura International Airport,ID,-3.71026,128.089005
WAQT,Kalimarau Airport,ID,2.14776,117.430705
WARA,Abdul Rachman Saleh Airport,ID,-7.929099,112.714233
WAHH,Adisutjipto International Airport,ID,-7.78818,110.431999
WAHQ,Adisoemarmo International Airport,ID,-7.516044,110.757492
WARR,Juanda International Airport,ID,-7.37983,112.787003
WAHS,Jenderal Ahmad Yani Airport,ID,-6.970732,110.373244
WASF,Fakfak Airport,ID,-2.920508,132.267011
WASK,Utarom Airport,ID,-3.6446,133.695116
WASO,Babo Airport,ID,-2.53224,133.438995
WAUU,Rendani Airport,ID,-0.891833,134.048996
WASS,Domine Eduard Osok Airport,ID,-0.894,131.287
WATT,El Tari Airport,ID,-10.1716,123.670998
WAVV,Wamena Airport,ID,-4.097324,138.952417
WAWD,Matahora Airport,ID,-5.292123,123.636233
WAWP,Sangia Nibandera Airport,ID,-4.338158,121.524047
WBGB,Bintulu Airport,MY,3.12385010719,113.019996643
WBGG,Kuching International Airport,MY,1.487364,110.352859
WBGJ,Limbang Airport,MY,4.808300018310547,115.01000213623047
WBGK,Mukah Airport,MY,2.881944,112.043333
WBGM,Marudi Airport,MY,4.178734,114.330318
WBGR,Miri Airport,MY,4.32201,113.987
WBGS,Sibu Airport,MY,2.2616,111.985001
WBGZ,Bario Airport,MY,3.734648,115.478548
WBKD,Lahad Datu Airport,MY,5.03241,118.32376
WBKK,Kota Kinabalu International Airport,MY,5.932743,116.049324
WBKL,Labuan Airport,MY,5.301667,115.248333
WBKS,Sandakan Airport,MY,5.900899887084961,118.05899810791016
WBKW,Tawau Airport,MY,4.31338,118.12152
WBMU,Mulu Airport,MY,4.048329830169678,114.80500030517578
WBSB,Brunei International Airport,BN,4.9442,114.928001
WIBB,Sultan Syarif Kasim II International Airport / Roesmin Nurjadin AFB,ID,0.458647,101.444321
WIBD,Pinang Kampai Airport,ID,1.609026,101.433493
WIBJ,Japura Airport,ID,-0.352808,102.334999
WICA,Kertajati International Airport,ID,-6.647384,108.165561
WICC,Husein Sastranegara International Airport,ID,-6.90063,107.575996
WIDD,Hang Nadim International Airport,ID,1.12103,104.119003
WIDN,Raja Haji Fisabilillah International Airport,ID,0.92397,104.53341
WIHH,Halim Perdanakusuma International Airport,ID,-6.266989,106.890318
WIII,Soekarno-Hatta International Airport,ID,-6.12557,106.655998
WILL,Radin Inten II International Airport,ID,-5.246803,105.182531
WIMB,Binaka Airport,ID,1.166275,97.705196
WIME,Aek Godang Airport,ID,1.4001,99.430496
WIMK,Soewondo Air Force Base,ID,3.558425,98.672275
WIMM,Kualanamu International Airport,ID,3.637847,98.870566
WIMS,Dr. Ferdinand Lumban Tobing Airport,ID,1.557127,98.887145
WIMU,Alas Leuser Airport,ID,3.391456,97.863726
WIOG,Nanga Pinoh Airport,ID,-0.34864,111.746155
WIOK,Rahadi Osman Airport,ID,-1.817165,109.963469
WIDO,Ranai Airport,ID,3.90871,108.388
WIOO,Supadio International Airport,ID,-0.152258,109.404493
WIOP,Pangsuma Airport,ID,0.834579,112.940217
WIOS,Tebelian Airport,ID,-0.045214,111.458049
WIKK,Depati Amir Airport,ID,-2.1622,106.139
WIGG,Fatmawati Soekarno Airport,ID,-3.8637,102.338997
WIPP,Sultan Mahmud Badaruddin II Airport,ID,-2.897653,104.698147
WIPQ,Pendopo Airport,ID,-3.2860701084136963,103.87999725341797
WIEE,Minangkabau International Airport,ID,-0.785964,100.280384
WITC,Cut Nyak Dhien Airport,ID,4.040998,96.253312
WITK,Rembele Airport,ID,4.72113,96.851943
WITL,Lhok Sukon Airport,ID,5.06951,97.259201
WITT,Sultan Iskandar Muda International Airport,ID,5.525087,95.41997
WMAP,Kluang Airport,MY,2.04138994217,103.306999207
WMBT,Tioman Airport,MY,2.81818,104.160004
WMKA,Sultan Abdul Halim Airport,MY,6.189670085906982,100.39800262451172
WMKB,RMAF Butterworth Air Base,MY,5.46592,100.390999
WMKC,Sultan Ismail Petra Airport,MY,6.1668500900268555,102.29299926757812
WMKD,Kuantan Airport,MY,3.7753899097442627,103.20899963378906
WMKE,Kerteh Airport,MY,4.53722,103.427002
WMKI,Sultan Azlan Shah Airport,MY,4.56733,101.091643
WMKJ,Senai International Airport,MY,1.64131,103.669998
WMKK,Kuala Lumpur International Airport,MY,2.74558,101.709999
WMKL,Langkawi International Airport,MY,6.32973,99.728699
WMKM,Malacca International Airport,MY,2.265613,102.252778
WMKN,Sultan Mahmud Airport,MY,5.3826398849487305,103.10299682617188
WMKP,Penang International Airport,MY,5.296303,100.276185
WMSA,Sultan Abdul Aziz Shah International Airport,MY,3.13058,101.549004
WPDB,"Commander in Chief of FALINTIL, Kay Rala Xanana Gusmão, International Airport",TL,-9.301856,125.286302
WPDL,Presidente Nicolau Lobato International Airport,TL,-8.546562,125.524507
WPEC,Baucau Airport,TL,-8.486479,126.399981
WPOC,Oecusse Route of the Sandalwood International Airport,TL,-9.198419,124.337873
WSAC,Changi Air Base (East),SG,1.3441400528,104.009002686
WSAG,Sembawang Air Base,SG,1.42526,103.813004
WSAP,Paya Lebar Air Base,SG,1.36042,103.910004
WSAT,Tengah Air Base,SG,1.387561,103.708291
WSSL,Seletar Airport,SG,1.41555,103.86673
WSSS,Singapore Changi Airport,SG,1.35019,103.994003
XRMU,Khankala Air Base,RU,43.2981,45.7841
XRWL,Lebyazhye Air Base,RU,50.201698,45.208302
YABA,Albany Airport,AU,-34.943333,117.808889
YAMB,RAAF Base Amberley,AU,-27.635381,152.711223
YARA,Ararat Airport,AU,-37.309978,142.988688
YARM,Armidale Airport,AU,-30.528099060099997,151.617004395
YAYE,Ayers Rock Connellan Airport,AU,-25.185913,130.97703
YBAR,Barcaldine Airport,AU,-23.566268,145.302086
YBAS,Alice Springs Airport,AU,-23.806588,133.903427
YBBN,Brisbane International Airport,AU,-27.384199142456055,153.11700439453125
YBCG,Gold Coast Airport,AU,-28.165962,153.506641
YBCK,Blackall Airport,AU,-24.431678,145.429716
YBCS,Cairns International Airport,AU,-16.878921,145.74948
YBCV,Charleville Airport,AU,-26.4132995605,146.261993408
YBDV,Birdsville Airport,AU,-25.897499084472656,139.34800720214844
YBHI,Broken Hill Airport,AU,-32.0013999939,141.472000122
YBHM,Hamilton Island Airport,AU,-20.3581008911,148.95199585
YBIE,Bedourie Airport,AU,-24.3461,139.460007
YBKE,Bourke Airport,AU,-30.039199829101562,145.95199584960938
YBLA,Benalla Airport,AU,-36.551899,146.007004
YBMA,Mount Isa Airport,AU,-20.66638,139.488468
YBMK,Mackay Airport,AU,-21.170816,149.182588
YBNA,Ballina Byron Gateway Airport,AU,-28.833236,153.561471
YBNS,Bairnsdale Airport,AU,-37.887539,147.569379
YBOK,Oakey Army Aviation Centre,AU,-27.409262,151.736727
YBOU,Boulia Airport,AU,-22.913299560546875,139.89999389648438
YBPN,Proserpine Whitsunday Coast Airport,AU,-20.494416,148.553583
YBRK,Rockhampton Airport,AU,-23.380019,150.475359
YBRM,Broome International Airport,AU,-17.949194,122.2283
YBRN,Balranald Airport,AU,-34.624834,143.577114
YBRW,Brewarrina Airport,AU,-29.975792,146.81438
YBSU,Sunshine Coast Airport,AU,-26.593324,153.08319
YBTH,Bathurst Airport,AU,-33.406817,149.651161
YBTI,Bathurst Island Airport,AU,-11.764966,130.615774
YBTL,Townsville Airport / RAAF Base Townsville,AU,-19.252904,146.766512
YBTR,Blackwater Airport,AU,-23.6031,148.807007
YBUD,Bundaberg Airport,AU,-24.905039,152.322612
YBWP,Weipa Airport,AU,-12.677493,141.922618
YBWW,Toowoomba Wellcamp Airport,AU,-27.558332,151.793335
YCAR,Carnarvon Airport,AU,-24.884337,113.666393
YCBA,Cobar Airport,AU,-31.538299560546875,145.79400634765625
YCBB,Coonabarabran Airport,AU,-31.3325,149.266998
YCBP,Coober Pedy Airport,AU,-29.038312,134.722166
YCCA,Chinchilla Airport,AU,-26.771947,150.617571
YCCY,Cloncurry Airport,AU,-20.668600082399998,140.503997803
YCDU,Ceduna Airport,AU,-32.13059997558594,133.7100067138672
YCEE,Cleve Airport,AU,-33.709702,136.505005
YCFS,Coffs Harbour Airport,AU,-30.320601,153.115997
YCIN,RAAF Base Curtin,AU,-17.581389,123.828333
YCKN,Cooktown Airport,AU,-15.443649,145.183221
YCMT,Clermont Airport,AU,-22.7731,147.621002
YCMU,Cunnamulla Airport,AU,-28.030000686645508,145.6219940185547
YCNM,Coonamble Airport,AU,-30.980946,148.377833
YCOE,Coen Airport,AU,-13.761133,143.113311
YCOM,Cooma Snowy Mountains Airport,AU,-36.300445,148.972408
YCOR,Corowa Airport,AU,-35.994701,146.356995
YCRG,Corryong Airport,AU,-36.18280029296875,147.88800048828125
YCTM,Cootamundra Airport,AU,-34.624283,148.036641
YCWR,Cowra Airport,AU,-33.846894,148.648007
YDBI,Dirranbandi Airport,AU,-28.587912,148.217161
YDBY,Derby Airport,AU,-17.37193,123.66221
YDLQ,Deniliquin Airport,AU,-35.5593986511,144.945999146
YDPO,Devonport Airport,AU,-41.1697006226,146.429992676
YDYS,Dysart Airport,AU,-22.6222,148.363998
OYMK,Mokha International Airport,YE,13.296941,43.231858
YECH,Echuca Airport,AU,-36.15719985961914,144.76199340820312
YELD,Elcho Island Airport,AU,-12.019399642899998,135.570999146
YEML,Emerald Airport,AU,-23.5674991608,148.179000854
YESP,Esperance Airport,AU,-33.684399,121.822998
YEWA,Eliwana,AU,-22.428395,116.887879
YFBS,Forbes Airport,AU,-33.363602,147.934998
YFRT,Forrest Airport,AU,-30.83662,128.112811
YFTZ,Fitzroy Crossing Airport,AU,-18.183596,125.559783
YGDH,Gunnedah Airport,AU,-30.957511,150.248981
YGEL,Geraldton Airport,AU,-28.796101,114.707001
YGFN,Clarence Valley Regional Airport,AU,-29.754795,153.031234
YGLA,Gladstone Airport,AU,-23.869763,151.225439
YGLB,Goulburn Airport,AU,-34.810298919677734,149.7259979248047
YGLI,Glen Innes Airport,AU,-29.676029,151.691156
YGPT,Garden Point Airport,AU,-11.399686,130.425568
YGTE,Groote Eylandt Airport,AU,-13.972405,136.458553
YGTH,Griffith Airport,AU,-34.2508010864,146.067001343
YHAY,Hay Airport,AU,-34.531399,144.830002
YHBA,Hervey Bay Airport,AU,-25.320127,152.880662
YHID,Horn Island Airport,AU,-10.585636,142.29277
YHLC,Halls Creek Airport,AU,-18.2339,127.669998
YHML,Hamilton Airport,AU,-37.64889907836914,142.06500244140625
YHOT,Mount Hotham Airport,AU,-37.0475006104,147.333999634
YHPN,Hopetoun Airport,AU,-35.715302,142.360001
YHSM,Horsham Airport,AU,-36.669700622558594,142.17300415039062
YIVL,Inverell Airport,AU,-29.888299942,151.143997192
YKER,Kerang Airport,AU,-35.751399993896484,143.93899536132812
YKII,King Island Airport,AU,-39.877498626708984,143.8780059814453
YKMP,Kempsey Airport,AU,-31.07232,152.765313
YKOW,Kowanyama Airport,AU,-15.485369,141.752572
YKRY,Kingaroy Airport,AU,-26.581077,151.839927
YKSC,Kingscote Airport,AU,-35.71390151977539,137.52099609375
YLEC,Leigh Creek Airport,AU,-30.598301,138.425995
YLEO,Leonora Airport,AU,-28.87809944152832,121.31500244140625
YLHR,Lockhart River Airport,AU,-12.7869,143.304993
YLIS,Lismore Airport,AU,-28.830689,153.258419
YLRD,Lightning Ridge Airport,AU,-29.452857,147.977146
YLRE,Longreach Airport,AU,-23.43202,144.277492
YLST,Leinster Airport,AU,-27.843299865722656,120.7030029296875
YLTV,Latrobe Valley Airport,AU,-38.211004,146.470817
YMAV,Melbourne Avalon International Airport,AU,-38.040269,144.467196
YMAY,Albury Airport,AU,-36.066758,146.959148
YMBA,Mareeba Airport,AU,-17.070277,145.424228
YMDG,Mudgee Airport,AU,-32.564794,149.609452
YMEK,Meekatharra Airport,AU,-26.6117000579834,118.5479965209961
YMEN,Melbourne Essendon Airport,AU,-37.7281,144.901993
YMER,Merimbula Airport,AU,-36.9085998535,149.901000977
YMES,RAAF Base East Sale,AU,-38.0989,147.149002
YMGD,Maningrida Airport,AU,-12.0560998917,134.23399353
YMHB,Hobart International Airport,AU,-42.837032,147.513022
YMIA,Mildura Airport,AU,-34.229198455799995,142.085998535
YMLT,Launceston Airport,AU,-41.544935,147.210785
YMMB,Melbourne Moorabbin Airport,AU,-37.977765,145.099799
YMML,Melbourne Airport,AU,-37.670732,144.837898
YMNE,Mount Keith Airport,AU,-27.28733,120.554937
YMOG,Mount Magnet Airport,AU,-28.116100311279297,117.84200286865234
YMOR,Moree Airport,AU,-29.498899459799997,149.845001221
YMRB,Moranbah Airport,AU,-22.057800293,148.07699585
YMRE,Marree Airport,AU,-29.6633,138.065002
YMRY,Moruya Airport,AU,-35.8978004456,150.143997192
YMTG,Mount Gambier Airport,AU,-37.744382,140.780561
YNAR,Narrandera Airport,AU,-34.7022018433,146.511993408
YNBR,Narrabri Airport,AU,-30.3192005157,149.82699585
YNGU,Ngukurr Airport,AU,-14.7228,134.746994
YNRM,Narromine Airport,AU,-32.214699,148.225006
YNTN,Normanton Airport,AU,-17.68409,141.069664
YNWN,Newman Airport,AU,-23.417800903299998,119.803001404
YORG,Orange Airport,AU,-33.382014,149.131262
YPAD,Adelaide International Airport,AU,-34.947512,138.533393
YPAG,Port Augusta Airport,AU,-32.506900787353516,137.7169952392578
YPBO,Paraburdoo Airport,AU,-23.1711006165,117.745002747
YPCC,Cocos (Keeling) Islands Airport,CC,-12.192218,96.834103
YPDN,Darwin International Airport / RAAF Darwin,AU,-12.41497,130.88185
YPEA,RAAF Base Pearce,AU,-31.667800903320312,116.01499938964844
YPED,RAAF Base Edinburgh,AU,-34.705705,138.615564
YPGV,Gove Airport,AU,-12.269399642899998,136.817993164
YPIR,Port Pirie Airport,AU,-33.238899,137.994995
YPJT,Perth Jandakot Airport,AU,-32.09749984741211,115.88099670410156
YPKA,Karratha Airport,AU,-20.712200164799995,116.773002625
YPKG,Kalgoorlie Boulder Airport,AU,-30.791543,121.464586
YPKS,Parkes Airport,AU,-33.131401062,148.238998413
YPKT,Port Keats Airport,AU,-14.249701,129.529538
YPKU,East Kimberley Regional (Kununurra) Airport,AU,-15.7781,128.707993
YPLC,Port Lincoln Airport,AU,-34.6053009033,135.880004883
YPLM,Learmonth Airport,AU,-22.235201,114.090024
YPMQ,Port Macquarie Airport,AU,-31.4358005524,152.863006592
YPOD,Portland Airport,AU,-38.31809997558594,141.4709930419922
YPPD,Port Hedland International Airport,AU,-20.382787,118.629789
YPPH,Perth International Airport,AU,-31.94029998779297,115.96700286865234
YPTN,Tindal Airport,AU,-14.521100044250488,132.3780059814453
YPXM,Christmas Island International Airport,CX,-10.450387,105.6911
YQLP,Quilpie Airport,AU,-26.609176,144.253746
YREN,Renmark Airport,AU,-34.1964,140.673996
YROM,Roma Airport,AU,-26.545000076300003,148.774993896
YSBK,Sydney Bankstown Airport,AU,-33.923618,150.990792
YSCB,Canberra Airport,AU,-35.3069,149.195007
YSCN,Camden Airport,AU,-34.038338,150.686406
YSDU,Dubbo City Regional Airport,AU,-32.2167015076,148.574996948
YSHK,Shark Bay Airport,AU,-25.897294,113.575802
YSHL,Shellharbour Airport,AU,-34.5611,150.789001
YSHT,Shepparton Airport,AU,-36.428341,145.391473
YSMI,Smithton Airport,AU,-40.834999084472656,145.08399963378906
YSNK,Snake Bay Airport,AU,-11.417674,130.648481
YSNF,Norfolk Island International Airport,NF,-29.041759,167.939474
YSNW,Naval Air Station Nowra - HMAS Albatross,AU,-34.9466,150.542451
YSRI,RAAF Base Richmond,AU,-33.604652,150.783051
YSSY,Sydney Kingsford Smith International Airport,AU,-33.946098,151.177002
YSTW,Tamworth Airport,AU,-31.077898,150.845484
YSWG,Wagga Wagga Airport,AU,-35.163484,147.46832
YSWH,Swan Hill Airport,AU,-35.37580108642578,143.5330047607422
YSWL,Stawell Airport,AU,-37.07170104980469,142.74099731445312
YTEF,Telfer Airport,AU,-21.715,122.228996
YTEM,Temora Airport,AU,-34.421398,147.511993
YTGM,Thargomindah Airport,AU,-27.986368,143.812065
YTIB,Tibooburra Airport,AU,-29.451099,142.057999
YTMU,Tumut Aerodrome,AU,-35.26832,148.240526
YTNG,Thangool Airport,AU,-24.494863,150.577967
YTNK,Tennant Creek Airport,AU,-19.6343994140625,134.18299865722656
YTRE,Taree Airport,AU,-31.888599,152.514008
YWDH,Windorah Airport,AU,-25.410641,142.668428
YWGT,Wangaratta Airport,AU,-36.417914,146.306896
YWHA,Whyalla Airport,AU,-33.05889892578125,137.51400756835938
YWKB,Warracknabeal Airport,AU,-36.32109832763672,142.41900634765625
YWLG,Walgett Airport,AU,-30.032801,148.126007
YWLM,Newcastle Airport,AU,-32.796114,151.835025
YWLU,Wiluna Airport,AU,-26.632691,120.221906
YWRN,Warren Airport,AU,-31.733299,147.802994
YWSL,West Sale Airport,AU,-38.090827,146.965335
YWTN,Winton Airport,AU,-22.36359977722168,143.08599853515625
YWWL,West Wyalong Airport,AU,-33.9371986389,147.190994263
YWYY,Wynyard Airport,AU,-40.997039,145.726
YYNG,Young Airport,AU,-34.255576,148.247118
Z19O,Wujah Al Hajar Air Base,LB,34.281226,35.680096
ZBAA,Beijing Capital International Airport,CN,40.077349,116.596702
ZBAD,Beijing Daxing International Airport,CN,39.501289,116.413967
ZBBB,Beijing Xijiao Airport,CN,39.958592,116.256765
ZBCD,Chengde Puning Airport,CN,41.1225,118.073889
ZBCF,Chifeng Yulong Airport,CN,42.159723,118.840971
ZBDH,Qinhuangdao Beidaihe Airport,CN,39.666384,119.061384
ZBDS,Ordos Ejin Horo International Airport,CN,39.493514,109.8599
ZBDT,Datong Yungang International Airport,CN,40.06139,113.480509
ZBER,Erenhot Saiwusu International Airport,CN,43.424079,112.091081
ZBES,Arxan Yi'ershi Airport,CN,47.3106,119.9117
ZBHD,Handan Airport,CN,36.524824,114.424126
ZBHH,Hohhot Baita International Airport,CN,40.849658,111.824598
ZBHZ,Holingol Huolinhe Airport,CN,45.487222,119.407222
ZBLA,Hulunbuir Hailar Airport,CN,49.208616,119.822301
ZBLF,Linfen Yaodu Airport,CN,36.132629,111.641236
ZBLL,Lüliang Dawu Airport,CN,37.683333,111.142778
ZBMZ,Manzhouli Xijiao Airport,CN,49.566667,117.33
ZBOW,Baotou Donghe International Airport,CN,40.560001,109.997002
ZBSG,Shuozhou Zirun Airport,CN,39.273241,112.691552
ZBSJ,Shijiazhuang Zhengding International Airport,CN,38.280701,114.696999
ZBTJ,Tianjin Binhai International Airport,CN,39.124401092499994,117.346000671
ZBTL,Tongliao Airport,CN,43.556702,122.199997
ZBUC,Ulanqab Jining Airport,CN,41.130266,113.107274
ZBUH,Wuhai Airport,CN,39.7934,106.7993
ZBXH,Xilinhot Airport,CN,43.91559982299805,115.96399688720703
ZBYC,Yuncheng Yanhu International Airport,CN,35.117823,111.034023
ZBYN,Taiyuan Wusu International Airport,CN,37.746899,112.627998
ZBYZ,Bayannur Tianjitai Airport,CN,40.926358,107.74093
ZBZJ,Zhangjiakou Ningyuan Airport,CN,40.738664,114.933395
ZBZL,Zhalantun Genghis Khan Airport,CN,47.865942,122.768662
ZGBH,Beihai Fucheng Airport,CN,21.538659,109.293683
ZGBS,Baise (Bose) Bama Airport,CN,23.7206,106.959999
ZGCD,Changde Taohuayuan Airport,CN,28.9189,111.639999
ZGCJ,Huaihua Zhijiang Airport,CN,27.443087,109.704666
ZGCZ,Chenzhou Beihu Airport,CN,25.753419,112.845404
ZGDY,Zhangjiajie Hehua International Airport,CN,29.104749,110.442786
ZGFS,Foshan Shadi Airport,CN,23.0825,113.070833
ZGGG,Guangzhou Baiyun International Airport,CN,23.392401,113.299004
ZGHA,Changsha Huanghua International Airport,CN,28.189199,113.220001
ZGHC,Hechi Jinchengjiang Airport,CN,24.804344,107.710819
ZGHZ,Huizhou Pingtan Airport,CN,23.049999,114.599998
ZGKL,Guilin Liangjiang International Airport,CN,25.219828,110.039553
ZGLG,Yongzhou Lingling Airport,CN,26.338661,111.610043
ZGNN,Nanning Wuxu International Airport,CN,22.598071,108.181922
ZGOW,Jieyang Chaoshan International Airport,CN,23.552,116.5033
ZGSD,Zhuhai Jinwan Airport,CN,22.006399,113.375999
ZGSY,Shaoyang Wugang Airport,CN,26.806123,110.641042
ZGSZ,Shenzhen Bao'an International Airport,CN,22.639474,113.803262
ZGWZ,Wuzhou Xijiang Airport,CN,23.40316,111.09331
ZGYL,Yulin Fumian Airport,CN,22.433042,110.119996
ZGYY,Yueyang Sanhe Airport,CN,29.311699,113.281574
ZGZH,Liuzhou Bailian Airport / Bailian Air Base,CN,24.2075,109.390999
ZGZJ,Zhanjiang Wuchuan International Airport,CN,21.481667,110.590278
ZHCC,Zhengzhou Xinzheng International Airport,CN,34.526497,113.849165
ZHEC,Ezhou Huahu International Airport,CN,30.341178,115.03926
ZHES,Enshi Xujiaping Airport,CN,30.320299,109.485001
ZHGH,Guangzhou MR Air Base / Guanghua Airport,CN,32.38866,111.69425
ZHHH,Wuhan Tianhe International Airport,CN,30.774798,114.213723
ZHJZ,Jingzhou Shashi Airport,CN,30.29281,112.44854
ZHLY,Luoyang Beijiao Airport,CN,34.7411,112.388
ZHSN,Shennongjia Hongping Airport,CN,31.626,110.34
ZHSY,Shiyan Wudangshan Airport,CN,32.592889,110.906296
ZHXF,Xiangyang Liuji Airport,CN,32.152222,112.291666
ZHXY,Xinyang Minggang Airport,CN,32.540819,114.079141
ZHYC,Yichang Sanxia Airport,CN,30.554132,111.482563
ZJHK,Haikou Meilan International Airport,CN,19.9349,110.459
ZJQH,Qionghai Bo'ao Airport,CN,19.140951,110.452766
ZJSY,Sanya Phoenix International Airport,CN,18.3029,109.412003
ZKHM,Orang (Chongjin) Airport,KP,41.428538,129.647555
ZKPY,Pyongyang Sunan International Airport,KP,39.224098,125.669998
ZKSC,Sunchon Air Base,KP,39.412463,125.890273
ZKSD,Sondok Airport,KP,39.745201,127.473999
ZKWS,Wonsan Kalma Airport,KP,39.165219,127.487931
ZLDH,Dunhuang Mogao International Airport,CN,40.161953,94.812827
ZLDL,Haixi Delingha Airport,CN,37.125286,97.268658
ZLGL,Golog Maqên Airport,CN,34.418066,100.301144
ZLGM,Golmud Airport,CN,36.4006,94.786102
ZLGY,Guyuan Liupanshan Airport,CN,36.078889,106.216944
ZLHX,Huatugou Airport,CN,38.201645,90.837843
ZLHZ,Hanzhong Chenggu Airport,CN,33.133527,107.203817
ZLIC,Yinchuan Hedong International Airport,CN,38.322758,106.393214
ZLJC,Jinchang Jinchuan Airport,CN,38.542222,102.348333
ZLJQ,Jiayuguan International Airport,CN,39.859052,98.339344
ZLLL,Lanzhou Zhongchuan International Airport,CN,36.515202,103.620003
ZLLN,Longnan Chengzhou Airport,CN,33.789918,105.790014
ZLQY,Qingyang Xifeng Airport,CN,35.802638,107.598896
ZLSN,Xi'an Xiguan Airport,CN,34.376701,109.120003
ZLTS,Tianshui Maijishan Airport,CN,34.5601,105.860343
ZLXH,Gannan Xiahe Airport,CN,34.819014,102.622261
ZLXN,Xining Caojiabao International Airport,CN,36.52775,102.040215
ZLXY,Xi'an Xianyang International Airport,CN,34.442207,108.762385
ZLYA,Yan'an Nanniwan Airport,CN,36.479413,109.464083
ZLYL,Yulin Yuyang Airport,CN,38.35971,109.590927
ZLYS,Yushu Batang Airport,CN,32.836389,97.036389
ZLZW,Zhongwei Shapotou Airport,CN,37.573125,105.154454
ZLZY,Zhangye Ganzhou Airport,CN,38.801899,100.675003
ZM-0045,Kalumbila Airport,ZM,-12.25358,25.44432
ZMAH,Arvaikheer Airport,MN,46.250301361083984,102.802001953125
ZMAT,Altai Airport,MN,46.376399993896484,96.22109985351562
ZMBH,Bayankhongor Airport,MN,46.1633,100.704002
ZMBN,Bulgan Airport,MN,48.85499954223633,103.47599792480469
ZMBU,Baruun Urt Airport,MN,46.660301208496094,113.28500366210938
ZMCD,Choibalsan Airport,MN,48.135381,114.647231
ZMCK,Ulaanbaatar Chinggis Khaan International Airport,MN,47.646916,106.819833
ZMDZ,Dalanzadgad Airport,MN,43.608628,104.367734
ZMKD,Khovd Airport,MN,47.954102,91.628197
ZMMN,Mörön Airport,MN,49.663677,100.100028
ZMUB,Buyant-Ukhaa International Airport,MN,47.843102,106.766998
ZMUG,Ulaangom Airport,MN,50.066588,91.938273
ZMUL,Ölgii Mongolei International Airport,MN,48.993301,89.922501
ZPBS,Baoshan Yunrui Airport,CN,25.053301,99.168297
ZPCW,Cangyuan Washan Airport,CN,23.276331,99.373169
ZPDL,Dali Fengyi Airport,CN,25.649401,100.319
ZPDQ,Diqing Shangri-La Airport,CN,27.7936,99.6772
ZPJH,Xishuangbanna Gasa International Airport,CN,21.974648,100.762224
ZPJM,Lancang Jingmai Airport,CN,22.417733,99.784012
ZPLC,Lincang Boshang Airport,CN,23.7381,100.025002
ZPLJ,Lijiang Sanyi International Airport,CN,26.677483,100.244944
ZPMS,Dehong Mangshi International Airport,CN,24.4011,98.5317
ZPPP,Kunming Changshui International Airport,CN,25.110313,102.936743
ZPYM,Yuanmou Air Base,CN,25.737499,101.882004
ZSAM,Xiamen Gaoqi International Airport,CN,24.543889,118.127454
ZSAQ,Anqing Tianzhushan Airport / Anqing North Air Base,CN,30.582199,117.050003
ZSBB,Bengbu Renheji Airport,CN,32.847733,117.320244
ZSCG,Changzhou Benniu International Airport,CN,31.920485,119.77546
ZSCN,Nanchang Changbei International Airport,CN,28.864815,115.90271
ZSDY,Dongying Shengli Airport,CN,37.50137,118.789863
ZSFY,Fuyang Xiguan Airport,CN,32.882157,115.734364
ZSFZ,Fuzhou Changle International Airport,CN,25.929254,119.672524
ZSHC,Hangzhou Xiaoshan International Airport,CN,30.23609,120.428865
ZSHZ,Heze Mudan Airport,CN,35.212972,115.736748
ZSJD,Jingdezhen Luojia Airport,CN,29.3386,117.176003
ZSJG,Jining Da'an Airport,CN,35.647358,116.743269
ZSJN,Jinan Yaoqiang International Airport,CN,36.857201,117.216003
ZSJU,Quzhou Airport,CN,28.96613,118.898793
ZSLG,Lianyungang Huaguoshan International Airport,CN,34.41406,119.17899
ZSLO,Liancheng Guanzhishan Airport,CN,25.67592,116.745907
ZSLQ,Taizhou Luqiao Airport,CN,28.562201,121.429001
ZSLY,Linyi Qiyang Airport,CN,35.052918,118.411828
ZSNB,Ningbo Lishe International Airport,CN,29.82670021057129,121.46199798583984
ZSNJ,Nanjing Lukou International Airport,CN,31.735032,118.865949
ZSNT,Nantong Xingdong International Airport,CN,32.073566,120.980076
ZSOF,Hefei Xinqiao International Airport,CN,31.98779,116.9769
ZSPD,Shanghai Pudong International Airport,CN,31.1434,121.805
ZSQD,Qingdao Jiaodong International Airport,CN,36.361953,120.088171
ZSQZ,Quanzhou Jinjiang International Airport,CN,24.795855,118.588599
ZSRG,Rugao Air Base,CN,32.258341,120.501131
ZSRZ,Rizhao Shanzihe Airport,CN,35.405033,119.324403
ZSSH,Huai'an Lianshui Airport,CN,33.792712,119.126657
ZSSM,Sanming Shaxian Airport,CN,26.4263,117.8336
ZSSR,Shangrao Sanqingshan Airport,CN,28.3797,117.9643
ZSSS,Shanghai Hongqiao International Airport,CN,31.198104,121.33426
ZSSZ,Suzhou Guangfu Airport,CN,31.2631,120.401001
ZSTX,Huangshan Tunxi International Airport,CN,29.733299,118.255997
ZSWA,Wuhu Xuanzhou Airport,CN,31.1045,118.66687
ZSWF,Weifang Nanyuan Airport,CN,36.646702,119.119003
ZSWH,Weihai Dashuibo Airport,CN,37.187099,122.228996
ZSWX,Sunan Shuofang International Airport,CN,31.496952,120.43038
ZSWY,Nanping Wuyishan Airport,CN,27.7019,118.000999
ZSWZ,Wenzhou Longwan International Airport,CN,27.910572,120.853465
ZSXZ,Xuzhou Guanyin International Airport,CN,34.059056,117.555278
ZSYA,Yangzhou Taizhou Airport,CN,32.5634,119.7198
ZSYC,Yichun Mingyueshan Airport,CN,27.8025,114.3062
ZSYN,Yancheng Nanyang International Airport,CN,33.428317,120.20545
ZSYT,Yantai Penglai International Airport,CN,37.659724,120.978124
ZSYW,Yiwu Airport,CN,29.342095,120.03116
ZSZS,Zhoushan Putuoshan International Airport,CN,29.933874,122.362307
ZUAL,Ngari Gunsa Airport,CN,32.09794,80.053971
ZUAS,Anshun Huangguoshu Airport,CN,26.260556,105.873333
ZUBD,Qamdo Bangda Airport,CN,30.553600311279297,97.1082992553711
ZUBJ,Bijie Feixiong Airport,CN,27.267066,105.472097
ZUCK,Chongqing Jiangbei International Airport,CN,29.712254,106.651895
ZUDA,Dazhou Jinya Airport,CN,31.048815,107.435646
ZUDC,Daocheng Yading Airport,CN,29.31632,100.060317
ZUDJ,Tongren Dejiang Airport (Under Construction),CN,28.121,108.1631
ZUGH,Guanghan Airport,CN,30.9485,104.3296
ZUGU,Guangyuan Panlong Airport,CN,32.390254,105.694571
ZUGY,Guiyang Longdongbao International Airport,CN,26.541805,106.80402
ZUHY,Hongyuan Airport,CN,32.53154,102.35224
ZUJZ,Jiuzhai Huanglong Airport,CN,32.853333,103.682222
ZUKD,Kangding Airport,CN,30.142464,101.73872
ZUKJ,Kaili Huangping Airport,CN,26.972,107.988
ZULS,Lhasa Gonggar International Airport,CN,29.298001,90.911951
ZULZ,Luzhou Yunlong Airport,CN,29.030357,105.468407
ZUMT,Zunyi Maotai Airport,CN,27.961837,106.435416
ZUMY,Mianyang Nanjiao Airport,CN,31.428101,104.740997
ZUNP,Liping Airport,CN,26.32217,109.1499
ZUNZ,Nyingchi Mainling Airport,CN,29.303301,94.335297
ZUPS,Liupanshui Yuezhao Airport,CN,26.609417,104.979
ZUQJ,Qianjiang Wulingshan Airport,CN,29.5133333333,108.831111111
ZURK,Xigaze Peace Airport / Shigatse Air Base,CN,29.350876,89.299157
ZPTC,Tengchong Tuofeng Airport,CN,24.938056,98.485833
ZUTF,Chengdu Tianfu International Airport,CN,30.31252,104.441284
ZUTR,Tongren Fenghuang Airport,CN,27.883333,109.308889
ZUUU,Chengdu Shuangliu International Airport,CN,30.558257,103.945966
ZUWL,Chongqing Xiannüshan Airport,CN,29.465658,107.693664
ZUXC,Xichang Qingshan Airport,CN,27.9891,102.183998
ZUYB,Yibin Wuliangye Airport,CN,28.858431,104.526157
ZUYI,Xingyi Wanfenglin Airport,CN,25.083423,104.960804
ZUZH,Panzhihua Bao'anying Airport,CN,26.54,101.79852
ZUZY,Zunyi Xinzhou Airport,CN,27.810723,107.247189
ZWAK,Aksu Hongqipo Airport,CN,41.262501,80.291702
ZWAT,Altay Xuedu Airport,CN,47.749886,88.085808
ZWBL,Bole Alashankou Airport,CN,44.895461,82.30007
ZWCM,Qiemo Yudu Airport,CN,38.234516,85.465462
ZWFY,Fuyun Koktokay Airport,CN,46.804169,89.512006
ZWHM,Hami Airport,CN,42.8414,93.669197
ZWKL,Korla Licheng Airport,CN,41.614979,86.140817
ZWKN,Burqin Kanas Airport,CN,48.2223,86.9959
ZWLK,Barkol Dahe Airport,CN,43.756544,93.137164
ZWNL,Xinyuan Nalati Airport,CN,43.4318,83.3786
ZWRQ,Ruoqiang Loulan Airport,CN,38.974722,88.008333
ZWSC,Shache Airport,CN,38.24542,77.056149
ZWSH,Kashgar Laining International Airport,CN,39.542273,76.02023
ZWSS,Shanshan Airport,CN,42.911701,90.247498
ZWTL,Turpan Jiaohe Airport,CN,43.0308,89.0987
ZWTN,Hotan Airport,CN,37.03850173950195,79.86489868164062
ZWWW,Ürümqi Tianshan International Airport,CN,43.913584,87.479372
ZWYN,Ili Yining International Airport,CN,43.955799,81.330299
ZYAS,Anshan Teng'ao Airport / Anshan Air Base,CN,41.105301,122.853996
ZYBA,Baicheng Chang'an Airport,CN,45.505278,123.019722
ZYBS,Changbaishan Airport,CN,42.066944,127.602222
ZYCC,Changchun Longjia International Airport,CN,43.996201,125.684998
ZYCY,Chaoyang Airport,CN,41.538101,120.434998
ZYDD,Dandong Langtou International Airport,CN,40.025453,124.28669
ZYDU,Wudalianchi Dedu Airport,CN,48.441037,126.128374
ZYFY,Fuyuan Dongji Airport,CN,48.197219,134.36298
ZYHB,Harbin Taiping International Airport,CN,45.623402,126.25
ZYHE,Heihe Aihui Airport,CN,50.171621,127.308884
ZYJD,Daxing'anling Elunchun Airport,CN,50.371389,124.1175
ZYJM,Jiamusi Songjiang International Airport,CN,46.842793,130.46426
ZYJS,Jiansanjiang Shidi Airport,CN,47.108248,132.65792
ZYJX,Jixi Xingkaihu Airport,CN,45.293,131.193
ZYJZ,Jinzhou Bay Airport,CN,40.936032,121.277114
ZYLD,Yichun Lindu Airport,CN,47.752056,129.019125
ZYMD,Mudanjiang Hailang International Airport,CN,44.525172,129.568634
ZYMH,Mohe Gulian Airport,CN,52.916871,122.422759
ZYQQ,Qiqihar Sanjiazi Airport,CN,47.229969,123.914179
ZYSQ,Songyuan Chaganhu Airport,CN,44.931143,124.552121
ZYTL,Dalian Zhoushuizi International Airport,CN,38.965719,121.538477
ZYTN,Tonghua Sanyuanpu Airport,CN,42.048435,125.733963
ZYTX,Shenyang Taoxian International Airport,CN,41.6398,123.483668
ZYXC,Xingcheng Air Base,CN,40.580328,120.700374
ZYYJ,Yanji Chaoyangchuan Airport,CN,42.8828010559,129.451004028
ZYYK,Yingkou Lanqi Airport,CN,40.542524,122.3586
ZYYY,Shenyang Dongta Airport,CN,41.784354,123.496308
