port_id,name,country,latitude,longitude
wpi:7950,Maurer,United States,40.533332999999999,-74.250000000000000
wpi:47620,Iharana,Madagascar,-13.350000000000000,50.000000000000000
wpi:47020,Chake Chake,Tanzania,-5.250000000000000,39.766666999999998
wpi:47005,Mjimwema Terminal,Tanzania,-6.816667000000000,39.366667000000000
wpi:44804,Delta Terminal,Turkey,36.850000000000001,36.166666999999997
wpi:50350,Cinta Oil Terminal,Indonesia,-5.500000000000000,106.233333000000002
wpi:38330,Europa Point,Gibraltar,36.133333000000000,-5.350000000000000
wpi:7010,New Harbor,United States,43.866667000000000,-69.483333000000002
wpi:12900,Dtse / Gegua Oil Terminal,Brazil,-22.816666999999999,-43.149999999999999
wpi:48104,Sharmah,Saudi Arabia,27.933333000000001,35.250000000000000
wpi:9210,Norsworthy,United States,29.733332999999998,-95.200000000000003
wpi:6750,Minturn,United States,44.149999999999999,-68.450000000000003
wpi:6820,Criehaven,United States,43.833333000000003,-68.883332999999993
wpi:46691,North Point,"Saint Helena, Ascension, and Tristan da Cunha",-7.883333000000000,-14.366667000000000
wpi:57433,Bongkot Terminal,Thailand,8.050000000000001,102.333332999999996
wpi:52350,Donggala,Indonesia,-0.650000000000000,119.733333000000002
wpi:42415,Larimna,Greece,38.566667000000002,23.283332999999999
wpi:38420,Hornillo,Spain,37.399999999999999,-1.550000000000000
wpi:40245,Melilli Oil Terminal,Italy,37.116667000000000,15.250000000000000
wpi:47942,Al Khair Oil Terminal,Sudan,19.583333000000000,37.250000000000000
wpi:6670,Corea,United States,44.399999999999999,-67.966667000000001
wpi:59550,Margosatubig,Philippines,7.583333000000000,123.166667000000004
wpi:45635,Arzew El Djedid,Algeria,35.816667000000002,-0.250000000000000
wpi:45822,Karabane,Senegal,12.566667000000001,-16.666667000000000
wpi:14175,Caleta Mina Elena,Chile,-52.683332999999998,-71.900000000000006
wpi:6970,Monhegan,United States,43.766666999999998,-69.316666999999995
wpi:6710,Northeast Harbor,United States,44.299999999999997,-68.283332999999999
wpi:6800,Bucks Harbor,United States,44.333333000000003,-68.733333000000002
wpi:6830,Matinicus,United States,43.866667000000000,-68.883332999999993
wpi:49875,Malong Marine Terminal,Malaysia,4.633333000000000,104.816666999999995
wpi:63090,Admiralty Bay,Antarctica,-62.083333000000003,-58.416666999999997
wpi:63110,Melchior Harbor,Antarctica,-64.316666999999995,-63.000000000000000
wpi:7900,Grasselli,United States,40.616667000000000,-74.200000000000003
wpi:44807,Aksaz Limani,Turkey,36.833333000000003,28.383333000000000
wpi:46239,Egina Oil Terminal,Nigeria,3.066667000000000,6.700000000000000
wpi:47625,Antsohim Bondrona,Madagascar,-13.083333000000000,48.833333000000003
wpi:42180,Ayios Nikolaos,Greece,37.983333000000002,23.533332999999999
wpi:43384,Borusan Fertilizer Jetty,Turkey,40.416666999999997,29.100000000000001
wpi:63070,Ellefsen Harbor,Antarctica,-60.733333000000002,-45.033332999999999
wpi:63120,Andersen Harbor,Antarctica,-64.316666999999995,-62.933332999999998
wpi:11360,Baie Du Marigot,France,18.066666999999999,-63.083333000000003
wpi:11372,Coles Bay Oil Terminal,Sint Maarten,18.016667000000002,-63.083333000000003
wpi:48057,Zafarana Terminal,Egypt,29.166667000000000,32.683332999999998
wpi:60205,Suizhang Gang,China,40.066667000000002,121.049999999999997
wpi:49685,Yetagun Marine Terminal,Burma,13.050000000000001,96.849999999999994
wpi:47989,Zeit Bay Lpg Terminal,Egypt,27.800000000000001,33.566667000000002
wpi:51800,Tanjungredeb,Indonesia,2.150000000000000,117.483333000000002
wpi:59575,Santa Clara,Philippines,7.783333000000000,122.683333000000005
wpi:11048,Punta Nizao Oil Terminal,Dominican Republic,18.199999999999999,-70.200000000000003
wpi:57490,Phsar Ream,Cambodia,10.500000000000000,103.599999999999994
wpi:50932,Tanjung Gerem,Indonesia,-5.966667000000000,105.983333000000002
wpi:48341,Ras Al Ghar,Saudi Arabia,26.899999999999999,49.866667000000000
wpi:7890,Port Socony,United States,40.549999999999997,-74.250000000000000
wpi:11005,Puerto Botado,Dominican Republic,19.199999999999999,-69.450000000000003
wpi:63100,Port Lockroy,Antarctica,-64.816666999999995,-63.500000000000000
wpi:51500,Tarempah,Indonesia,3.216667000000000,106.216667000000001
wpi:52440,Tahuna,Indonesia,3.616667000000000,125.483333000000002
wpi:63080,Scotia Bay,Antarctica,-60.750000000000000,-44.716667000000001
wpi:47690,Port Est,Reunion,-20.933333000000001,55.316667000000002
wpi:42790,Vrakhonisis Kallonis,Greece,39.083333000000003,26.083333000000000
wpi:45515,Port Methanier,Algeria,36.883333000000000,6.950000000000000
wpi:9665,Puerto Este,Honduras,16.083333000000000,-86.900000000000006
wpi:35835,Port Du Havre-Antifer,France,49.649999999999999,0.150000000000000
wpi:7020,Pemaquid Beach,United States,43.866667000000000,-69.533332999999999
wpi:40750,Porto Di Malamocco,Italy,45.333333000000003,12.316667000000001
wpi:46544,Psvm Terminal,Angola,-6.250000000000000,10.733333000000000
wpi:47695,Port Ouest,Reunion,-20.933333000000001,55.283332999999999
wpi:9230,Sinco,United States,29.716667000000001,-95.233333000000002
wpi:14020,Prince Olav Harbor,South Georgia and South Sandwich Islands,-54.033332999999999,-37.149999999999999
wpi:7070,Robinhood,United States,43.850000000000001,-69.733333000000002
wpi:6980,Port Clyde,United States,43.916666999999997,-69.250000000000000
wpi:42440,Stilis,Greece,38.916666999999997,22.616667000000000
wpi:14040,Stromness Harbor,South Georgia and South Sandwich Islands,-54.149999999999999,-36.700000000000003
wpi:45845,Victoria,Guinea,10.816667000000001,-14.566667000000001
wpi:7000,Friendship,United States,43.966667000000001,-69.333332999999996
wpi:6880,Bucksport,United States,44.566667000000002,-68.783332999999999
wpi:9240,Houston,United States,29.750000000000000,-95.283332999999999
wpi:12772,Aratu,Brazil,-12.783333000000001,-38.500000000000000
wpi:10010,Matthew Town,The Bahamas,20.949999999999999,-73.683333000000005
wpi:7190,Newburyport,United States,42.816667000000002,-70.866667000000007
wpi:10430,Ceiba Hueca,Cuba,20.216667000000001,-77.316666999999995
wpi:60250,Dalian,China,38.916666999999997,121.666667000000004
wpi:48076,Elat,Israel,29.550000000000001,34.950000000000003
wpi:47990,El Ghardaqa,Egypt,27.216667000000001,33.850000000000001
wpi:47630,Antsiranana,Madagascar,-12.266667000000000,49.283332999999999
wpi:47130,Kismaayo,Somalia,-0.366667000000000,42.549999999999997
wpi:47100,Mombasa,Kenya,-4.066667000000000,39.666666999999997
wpi:45820,Dakar,Senegal,14.683332999999999,-17.433333000000001
wpi:48465,Kharg Island Oil Terminal,Iran,29.233332999999998,50.333333000000003
wpi:48450,Bandar-E Mahshahr,Iran,30.466667000000001,49.183332999999998
wpi:41820,Itea,Greece,38.433332999999998,22.416667000000000
wpi:41550,Dubrovnik,Croatia,42.666666999999997,18.083333000000000
wpi:39590,Livorno,Italy,43.542000000000002,10.289999999999999
wpi:39025,Monaco,Monaco,43.733333000000002,7.416667000000000
wpi:37770,La Coruna,Spain,43.366667000000000,-8.400000000000000
wpi:37120,Le Verdon,France,45.549999999999997,-1.050000000000000
wpi:42345,Astakos,Greece,38.483333000000002,21.100000000000001
wpi:41800,Mesolongion,Greece,38.366667000000000,21.416667000000000
wpi:45350,Abu Khammash,Libya,33.066667000000002,11.816667000000001
wpi:45819,M Bao Oil Terminal,Senegal,14.716666999999999,-17.399999999999999
wpi:46237,Agbami Oil Terminal,Nigeria,3.466667000000000,5.566667000000000
wpi:42890,Andros,Greece,37.833333000000003,24.949999999999999
wpi:37960,Oporto,Portugal,41.149999999999999,-8.666667000000000
wpi:60240,Lushun,China,38.783332999999999,121.250000000000000
wpi:51501,Belanak Field Terminal,Indonesia,4.150000000000000,106.250000000000000
wpi:39820,Fiumicino,Italy,41.771999999999998,12.214000000000000
wpi:46900,Chinde,Mozambique,-18.566666999999999,36.500000000000000
wpi:47420,Maintirano,Madagascar,-18.066666999999999,44.016666999999998
wpi:47590,Maroantsetra,Madagascar,-15.449999999999999,49.816667000000002
wpi:52240,Kendari,Indonesia,-3.966667000000000,122.583332999999996
wpi:61360,Choshi,Japan,35.733333000000002,140.849999999999994
wpi:61555,Amagasaki,Japan,34.700000000000003,135.383332999999993
wpi:44965,Dhekelia,Cyprus,34.966667000000001,33.716667000000001
wpi:45100,Ashdod,Israel,31.816666999999999,34.649999999999999
wpi:45620,Mostaganem,Algeria,35.933332999999998,0.083333000000000
wpi:46552,Greater Plutonio Terminal,Angola,-7.833333000000000,12.100000000000000
wpi:49780,Krabi,Thailand,8.066667000000001,98.916667000000004
wpi:44808,Antalya Offshore Terminal,Turkey,36.816667000000002,30.600000000000001
wpi:44820,Antalya,Turkey,36.833333000000003,30.616667000000000
wpi:45630,Arzew,Algeria,35.850000000000001,-0.300000000000000
wpi:46286,Moudi Marine Terminal,Cameroon,4.116667000000000,8.483333000000000
wpi:57410,Kuantan New Port,Malaysia,3.966667000000000,103.433333000000005
wpi:42434,Achladi,Greece,38.899999999999999,22.816666999999999
wpi:38083,Lajes,Portugal,38.399999999999999,-28.266667000000002
wpi:38440,Alicante,Spain,38.333333000000003,-0.483333000000000
wpi:43130,Iraklion,Greece,35.350000000000001,25.149999999999999
wpi:12117,Venterminals,Venezuela,10.483333000000000,-68.033332999999999
wpi:8280,Norfolk,United States,36.850000000000001,-76.299999999999997
wpi:62520,Ishigaki,Japan,24.333333000000000,124.166667000000004
wpi:7460,Greenport,United States,41.100000000000001,-72.366667000000007
wpi:39000,Villefranche,France,43.700000000000003,7.316667000000000
wpi:6910,Searsport,United States,44.450000000000003,-68.916667000000004
wpi:39261,Porto Di Oristano,Italy,39.866667000000000,8.550000000000001
wpi:38870,Toulon,France,43.100000000000001,5.916667000000000
wpi:15445,Pedregal,Panama,8.350000000000000,-82.433333000000005
wpi:38095,Praia De Vitoria,Portugal,38.716667000000001,-27.050000000000001
wpi:40620,Ortona,Italy,42.350000000000001,14.416667000000000
wpi:6950,Rockport,United States,44.183332999999998,-69.066666999999995
wpi:38050,Vila Real De S Antonio,Portugal,37.183332999999998,-7.400000000000000
wpi:39215,Sarroch Oil Terminal,Italy,39.083333000000003,9.033333000000001
wpi:15915,San Juan De La Costa,Mexico,24.399999999999999,-110.700000000000003
wpi:39220,Porto Ponte Romano,Italy,39.049999999999997,8.466666999999999
wpi:6680,Winter Harbor,United States,44.383333000000000,-68.083332999999996
wpi:38100,Ponta Delgada,Portugal,37.733333000000002,-25.666667000000000
wpi:40470,Taranto,Italy,40.466667000000001,17.199999999999999
wpi:8030,New Castle,United States,39.649999999999999,-75.566666999999995
wpi:45755,Tanger,Morocco,35.783332999999999,-5.816667000000000
wpi:46925,Pebane,Mozambique,-17.266667000000002,38.149999999999999
wpi:42570,Stratoni,Greece,40.516666999999998,23.833333000000000
wpi:42550,Yerakini,Greece,40.266666999999998,23.466667000000001
wpi:42780,Plomarion,Greece,38.983333000000002,26.366667000000000
wpi:41410,Ploce,Croatia,43.049999999999997,17.433333000000001
wpi:42460,Tsingeli,Greece,39.166666999999997,22.850000000000001
wpi:46375,Santo Antonio,Sao Tome and Principe,1.650000000000000,7.450000000000000
wpi:46063,Saltpond,Ghana,5.200000000000000,-1.050000000000000
wpi:62175,Saiki Ko,Japan,32.966667000000001,131.933333000000005
wpi:59580,Zamboanga,Philippines,6.900000000000000,122.066666999999995
wpi:48020,Ras Gharib,Egypt,28.350000000000001,33.100000000000001
wpi:59120,Pulupandan,Philippines,10.516667000000000,122.799999999999997
wpi:8290,Portsmouth,United States,36.816667000000002,-76.299999999999997
wpi:52320,Ujung Pandang,Indonesia,-5.133333000000000,119.400000000000006
wpi:8110,Philadelphia,United States,39.950000000000003,-75.133332999999993
wpi:50250,Tanjungpandan,Indonesia,-2.750000000000000,107.633332999999993
wpi:62010,Uwajima Ko,Japan,33.216667000000001,132.566666999999995
wpi:8025,Salem Nj,United States,39.666666999999997,-75.483333000000002
wpi:16040,Isthmus Cove,United States,33.450000000000003,-118.500000000000000
wpi:16310,Yerbabuena Island,United States,37.816667000000002,-122.366667000000007
wpi:16140,Ventura,United States,34.283332999999999,-119.283332999999999
wpi:16130,Prisoners,United States,34.016666999999998,-119.683333000000005
wpi:9950,Ireland Island,Bermuda,32.316667000000002,-64.833332999999996
wpi:9995,Clifton Pier,The Bahamas,25.000000000000000,-77.549999999999997
wpi:46549,Girassol Terminal,Angola,-7.650000000000000,11.683332999999999
wpi:46551,Dalia Terminal,Angola,-7.683333000000000,11.766667000000000
wpi:63095,Port Foster,Antarctica,-62.950000000000003,-60.633333000000000
wpi:57830,Guangzhou,China,23.116667000000000,113.233333000000002
wpi:45670,Ghazaouet,Algeria,35.100000000000001,-1.866667000000000
wpi:45570,Alger,Algeria,36.766666999999998,3.066667000000000
wpi:45490,Annaba,Algeria,36.916666999999997,7.766667000000000
wpi:44970,Famagusta,Cyprus,35.116667000000000,33.933332999999998
wpi:44960,Larnaca,Cyprus,34.916666999999997,33.649999999999999
wpi:15480,Golfito,Costa Rica,8.633333000000000,-83.166667000000004
wpi:10500,Jucaro,Cuba,21.616667000000000,-78.849999999999994
wpi:45520,Collo,Algeria,37.000000000000000,6.583333000000000
wpi:45525,Djen-Djen,Algeria,36.816667000000002,5.883333000000000
wpi:45530,Jijel,Algeria,36.833333000000003,5.783333000000000
wpi:11908,El Bosque,Colombia,10.400000000000000,-75.533332999999999
wpi:60170,Longkou Gang,China,37.633333000000000,120.283332999999999
wpi:60215,Jinzhou Wan,China,40.750000000000000,121.099999999999994
wpi:44900,Kyrenia,Cyprus,35.350000000000001,33.333333000000003
wpi:10420,Media Luna,Cuba,20.149999999999999,-77.433333000000005
wpi:11905,Mamonal,Colombia,10.316667000000001,-75.516666999999998
wpi:45560,Dellys,Algeria,36.916666999999997,3.916667000000000
wpi:57822,Huangpu,China,23.083333000000000,113.416667000000004
wpi:60210,Huludao Gang,China,40.700000000000003,120.983333000000002
wpi:60230,Bayuquan,China,40.299999999999997,122.083332999999996
wpi:45510,Skikda,Algeria,36.883333000000000,6.916667000000000
wpi:45610,Tenes,Algeria,36.533332999999999,1.316667000000000
wpi:11821,Sint Michelsbaai,Curacao,12.133333000000000,-69.016666999999998
wpi:45880,Porto Grande,Cabo Verde,16.883333000000000,-25.000000000000000
wpi:48015,Ras Shukhier,Egypt,28.133333000000000,33.283332999999999
wpi:48025,Ras Badran Oil Terminal,Egypt,28.949999999999999,33.166666999999997
wpi:60165,Penglai,China,37.816667000000002,120.833332999999996
wpi:48065,Wadi Feiran,Egypt,28.750000000000000,33.200000000000003
wpi:47988,Sharm El Sheikh,Egypt,27.850000000000001,34.283332999999999
wpi:60193,Tangshan (Jingtang),China,39.200000000000003,119.016666999999998
wpi:48053,Ras Sudr,Egypt,29.583333000000000,32.700000000000003
wpi:10520,Tunas De Zaza,Cuba,21.633333000000000,-79.549999999999997
wpi:60150,Weihai,China,37.500000000000000,122.099999999999994
wpi:11030,San Pedro De Macoris,Dominican Republic,18.449999999999999,-69.316666999999995
wpi:45730,Ceuta,Spain,35.899999999999999,-5.316667000000000
wpi:38990,Nice,France,43.700000000000003,7.283333000000000
wpi:38775,Fos,France,43.416666999999997,4.883333000000000
wpi:38290,Cadiz,Spain,36.533332999999999,-6.300000000000000
wpi:38220,Huelva,Spain,37.250000000000000,-6.950000000000000
wpi:37740,Ferrol,Spain,43.483333000000002,-8.233333000000000
wpi:37560,Gijon,Spain,43.549999999999997,-5.666667000000000
wpi:37230,Bayonne,France,43.500000000000000,-1.466667000000000
wpi:36900,Nantes,France,47.200000000000003,-1.566667000000000
wpi:36860,Donges,France,47.299999999999997,-2.066667000000000
wpi:35870,Deauville,France,49.366667000000000,0.083333000000000
wpi:38310,Algeciras,Spain,36.133333000000000,-5.433333000000000
wpi:37600,Aviles,Spain,43.600000000000001,-5.933333000000000
wpi:38375,Motril,Spain,36.750000000000000,-3.516667000000000
wpi:38390,Almeria,Spain,36.833333000000003,-2.466667000000000
wpi:38500,El Grao,Spain,39.966667000000001,0.016667000000000
wpi:38610,Ibiza,Spain,38.899999999999999,1.450000000000000
wpi:39080,Bonifacio,France,41.383333000000000,9.166667000000000
wpi:36620,Concarneau,France,47.866667000000000,-3.916667000000000
wpi:35830,Fecamp,France,49.766666999999998,0.366667000000000
wpi:36855,Montoir,France,47.299999999999997,-2.133333000000000
wpi:37350,Bermeo,Spain,43.416666999999997,-2.716667000000000
wpi:38380,Adra,Spain,36.733333000000002,-3.033333000000000
wpi:38410,Aguilas,Spain,37.399999999999999,-1.566667000000000
wpi:38460,Puerto De Gandia,Spain,39.000000000000000,-0.150000000000000
wpi:35880,Port De Caen,France,49.183332999999998,-0.350000000000000
wpi:37470,Santander,Spain,43.466667000000001,-3.783333000000000
wpi:38435,Torrevieja,Spain,37.966667000000001,-0.683333000000000
wpi:38940,Saint-Raphael,France,43.416666999999997,6.766667000000000
wpi:38398,Puerto De Garrucha,Spain,37.183332999999998,-1.816667000000000
wpi:38280,Rota,Spain,36.616667000000000,-6.333333000000000
wpi:35885,Ouistreham,France,49.283332999999999,-0.250000000000000
wpi:38150,Santa Cruz De La Palma,Spain,28.683333000000001,-17.750000000000000
wpi:38780,Port-de-Bouc,France,43.399999999999999,4.983333000000000
wpi:38730,Port-La-Nouvelle,France,43.016666999999998,3.066667000000000
wpi:61662,Iwakuni Ko,Japan,34.183332999999998,132.250000000000000
wpi:50140,Muntok,Indonesia,-2.066667000000000,105.166667000000004
wpi:40590,Manfredonia,Italy,41.616667000000000,15.916667000000000
wpi:39810,Civitavecchia,Italy,42.101999999999997,11.771000000000001
wpi:41420,Korcula,Croatia,42.933332999999998,17.133333000000000
wpi:41840,Aigio,Greece,38.250000000000000,22.083333000000000
wpi:39140,Maddalena,Italy,41.207999999999998,9.403000000000000
wpi:39370,Imperia,Italy,43.883333000000000,8.033333000000001
wpi:40170,Marsala,Italy,37.783332999999999,12.433332999999999
wpi:40180,Mazara Del Vallo,Italy,37.643999999999998,12.592000000000001
wpi:50925,Banten,Indonesia,-6.016667000000000,105.966667000000001
wpi:51855,North Pulau Laut Coal Terminal,Indonesia,-3.200000000000000,116.283332999999999
wpi:51400,Kupang,Indonesia,-10.166667000000000,123.583332999999996
wpi:48420,Khorramshahr,Iran,30.433333000000001,48.183332999999998
wpi:50930,Anyer Lor,Indonesia,-6.050000000000000,105.916667000000004
wpi:51280,Ampenan,Indonesia,-8.566667000000001,116.066666999999995
wpi:41350,Dugi Rat,Croatia,43.450000000000003,16.649999999999999
wpi:42980,Nisos Naxos,Greece,37.100000000000001,25.366667000000000
wpi:62400,Imari,Japan,33.283332999999999,129.883332999999993
wpi:62190,Hososhima Ko,Japan,32.433332999999998,131.666666999999990
wpi:62340,Aokata,Japan,32.983333000000002,129.066666999999995
wpi:62440,Izuhara,Japan,34.200000000000003,129.300000000000011
wpi:61960,Komatsushima,Japan,34.016666999999998,134.599999999999994
wpi:62333,Matsu-Shima,Japan,32.933332999999998,129.599999999999994
wpi:43120,Rethimnon,Greece,35.366667000000000,24.466667000000001
wpi:9680,Trujillo,Honduras,15.916667000000000,-85.950000000000003
wpi:43100,Soudha,Greece,35.483333000000002,24.183333000000001
wpi:42230,Piraievs,Greece,37.933332999999998,23.649999999999999
wpi:41010,Rijeka Luka,Croatia,45.333333000000003,14.433332999999999
wpi:40880,Umag,Croatia,45.433332999999998,13.516667000000000
wpi:51130,Surabaya,Indonesia,-7.200000000000000,112.733333000000002
wpi:61980,Susaki Ko,Japan,33.383333000000000,133.300000000000011
wpi:62170,Tsukumi Ko,Japan,33.083333000000003,131.866667000000007
wpi:61965,Tachibana,Japan,33.866667000000000,134.666666999999990
wpi:50210,Pangkalpinang,Indonesia,-2.116667000000000,106.133332999999993
wpi:51502,Udang Oilfield,Indonesia,4.033333000000000,106.483333000000002
wpi:48399,Umm Qasr,Iraq,30.016667000000002,47.950000000000003
wpi:61760,Sakaiminato,Japan,35.533332999999999,133.233332999999988
wpi:50935,Tanjung Sekong,Indonesia,-5.916667000000000,106.000000000000000
wpi:61540,Tanabe Ko,Japan,33.716667000000001,135.366667000000007
wpi:62121,Yahata,Japan,33.866667000000000,130.816666999999995
wpi:40440,Crotone,Italy,39.078000000000003,17.135999999999999
wpi:40580,Porto Di Barletta,Italy,41.334000000000003,16.292000000000002
wpi:40530,Bari,Italy,41.146000000000001,16.846000000000000
wpi:40660,Ancona,Italy,43.628999999999998,13.494000000000000
wpi:48460,Bandar Khomeyni,Iran,30.433333000000001,49.083333000000003
wpi:43165,Kali Limenes,Greece,34.933332999999998,24.833333000000000
wpi:41720,Kerkira,Greece,39.616667000000000,19.933333000000001
wpi:39960,Napoli,Italy,40.832999999999998,14.275000000000000
wpi:42905,Mikonos,Greece,37.450000000000003,25.333333000000000
wpi:42600,Kavala,Greece,40.933332999999998,24.399999999999999
wpi:39830,Anzio - Nettuno,Italy,41.445999999999998,12.637000000000000
wpi:39860,Gaeta,Italy,41.222999999999999,13.577000000000000
wpi:40550,Molfetta,Italy,41.216667000000001,16.600000000000001
wpi:42120,Lavrio,Greece,37.700000000000003,24.066666999999999
wpi:51120,Gresik,Indonesia,-7.150000000000000,112.650000000000006
wpi:50070,Lalang Marine Terminal,Indonesia,1.183333000000000,102.216667000000001
wpi:61425,Omaezaki Ko,Japan,34.600000000000001,138.233332999999988
wpi:61720,Hagi Ko,Japan,34.416666999999997,131.400000000000006
wpi:61730,Hamada Ko,Japan,34.899999999999999,132.083333000000010
wpi:42630,Alexandroupoli,Greece,40.833333000000003,25.883333000000000
wpi:42840,Neon Karlovas,Greece,37.799999999999997,26.683333000000001
wpi:42880,Gavrio,Greece,37.883333000000000,24.733332999999998
wpi:39190,Arbatax,Italy,39.933332999999998,9.699999999999999
wpi:39550,Marina Di Carrara,Italy,44.027000000000001,10.047000000000001
wpi:41790,Argostolion,Greece,38.183332999999998,20.516667000000002
wpi:41880,Katakolon,Greece,37.649999999999999,21.316666999999999
wpi:42050,Navplio,Greece,37.566667000000002,22.800000000000001
wpi:42160,Megara Oil Terminal,Greece,37.966667000000001,23.399999999999999
wpi:61790,Miyazu,Japan,35.533332999999999,135.199999999999989
wpi:61541,Yura,Japan,33.950000000000003,135.099999999999994
wpi:41290,Sibenik,Croatia,43.733333000000002,15.883333000000000
wpi:42340,Ormos Aliveriou,Greece,38.383333000000000,24.050000000000001
wpi:42070,Spetses,Greece,37.266666999999998,23.166667000000000
wpi:41850,Patrai,Greece,38.250000000000000,21.733332999999998
wpi:39610,Vada,Italy,43.350000000000001,10.449999999999999
wpi:40240,Siracusa,Italy,37.049999999999997,15.283333000000001
wpi:39990,Torre Annunziata,Italy,40.750000000000000,14.449999999999999
wpi:40760,Porto Di Lido-Venezia,Italy,45.416666999999997,12.433332999999999
wpi:40040,Salerno,Italy,40.666666999999997,14.750000000000000
wpi:50120,Toboali,Indonesia,-3.016667000000000,106.450000000000003
wpi:61750,Sakai Ko,Japan,35.549999999999997,133.250000000000000
wpi:50380,Panjang,Indonesia,-5.466667000000000,105.316666999999995
wpi:40130,Porto Di Palermo,Italy,38.119000000000000,13.380000000000001
wpi:39740,Portovecchio Di Piombino,Italy,42.933000000000000,10.557000000000000
wpi:59485,General Santos,Philippines,6.116667000000000,125.183333000000005
wpi:59345,Nasipit Port,Philippines,8.983333000000000,125.333332999999996
wpi:47105,Kilifi,Kenya,-3.633333000000000,39.866667000000000
wpi:46935,Nacala,Mozambique,-14.533333000000001,40.666666999999997
wpi:46930,Mocambique,Mozambique,-15.033333000000001,40.733333000000002
wpi:45812,Nouadhibou,Mauritania,20.916667000000000,-17.050000000000001
wpi:45793,Casablanca,Morocco,33.600000000000001,-7.616667000000000
wpi:37990,Lisboa,Portugal,38.700000000000003,-9.166667000000000
wpi:15990,Ensenada,Mexico,31.866667000000000,-116.633332999999993
wpi:11625,Grand Cul De Sac Bay,Saint Lucia,13.983333000000000,-61.016666999999998
wpi:58100,Jose Panganiban,Philippines,14.283333000000001,122.683333000000005
wpi:59400,Mati,Philippines,6.950000000000000,126.216667000000001
wpi:59720,Bugo,Philippines,8.516667000000000,124.750000000000000
wpi:48357,Mina Ash Shuaybah,Kuwait,29.033332999999999,48.166666999999997
wpi:48370,Al Kuwayt,Kuwait,29.350000000000001,47.933332999999998
wpi:47107,Malindi,Kenya,-3.216667000000000,40.133333000000000
wpi:57970,Basco,Philippines,20.449999999999999,121.966667000000001
wpi:59430,Davao,Philippines,7.066667000000000,125.616667000000007
wpi:59770,Basilian City (Isabela),Philippines,6.716667000000000,121.966667000000001
wpi:45240,Darnah,Libya,32.766666999999998,22.649999999999999
wpi:45335,Az Zawiya,Libya,32.799999999999997,12.716666999999999
wpi:45785,Kenitra,Morocco,34.299999999999997,-6.600000000000000
wpi:45802,Agadir,Morocco,30.433333000000001,-9.633333000000000
wpi:15427,Charco Azul,Panama,8.216666999999999,-82.866667000000007
wpi:48338,Al Jubayl,Saudi Arabia,27.083333000000000,49.666666999999997
wpi:48356,Mina Az Zawr,Kuwait,28.733332999999998,48.399999999999999
wpi:49980,Muar,Malaysia,2.050000000000000,102.566666999999995
wpi:45800,Essaouira,Morocco,31.500000000000000,-9.783333000000001
wpi:46241,Akpo Oil Terminal,Nigeria,3.133333000000000,6.816667000000000
wpi:57485,Kampong Saom,Cambodia,10.633333000000000,103.500000000000000
wpi:46880,Inhambane,Mozambique,-23.916667000000000,35.399999999999999
wpi:47110,Lamu,Kenya,-2.266667000000000,40.899999999999999
wpi:55330,Akaroa,New Zealand,-43.799999999999997,172.966667000000001
wpi:37980,Figueira Da Foz,Portugal,40.149999999999999,-8.850000000000000
wpi:38030,Faro,Portugal,37.033332999999999,-7.933333000000000
wpi:59100,Lazi,Philippines,9.133333000000000,123.633332999999993
wpi:37950,Porto De Leixoes,Portugal,41.183332999999998,-8.699999999999999
wpi:38110,Vila Do Porto,Portugal,36.933332999999998,-25.149999999999999
wpi:40330,Valletta Harbors,Malta,35.899999999999999,14.516667000000000
wpi:15423,Vacamonte,Panama,8.866667000000000,-79.666667000000004
wpi:38000,Setubal,Portugal,38.516666999999998,-8.900000000000000
wpi:38005,Sines,Portugal,37.950000000000003,-8.866667000000000
wpi:46920,Porto Belo,Mozambique,-17.699999999999999,37.183332999999998
wpi:15917,Pichilingue,Mexico,24.266667000000002,-110.333332999999996
wpi:15460,Puerto Armuelles,Panama,8.266667000000000,-82.849999999999994
wpi:37940,Viana Do Castelo,Portugal,41.700000000000003,-8.833333000000000
wpi:46910,Quelimane,Mozambique,-17.883333000000000,36.883333000000000
wpi:57425,Tapis Marine Terminal A,Malaysia,5.516667000000000,105.016666999999998
wpi:55180,Wanganui,New Zealand,-39.950000000000003,175.033332999999999
wpi:59725,Villanueva,Philippines,8.583333000000000,124.766666999999998
wpi:59780,Port Holland,Philippines,6.550000000000000,121.866667000000007
wpi:48349,Ras Al Khafji,Saudi Arabia,28.433333000000001,48.583333000000003
wpi:59530,Pagadian,Philippines,7.833333000000000,123.433333000000005
wpi:47750,Port Mathurin,Mauritius,-19.683333000000001,63.416666999999997
wpi:49825,Port Langkawi,Malaysia,6.433333000000000,99.766666999999998
wpi:58205,Sorsogon,Philippines,12.966666999999999,124.000000000000000
wpi:48340,Ras  Tannurah,Saudi Arabia,26.633333000000000,50.166666999999997
wpi:8225,Annapolis,United States,38.983333000000002,-76.483333000000002
wpi:8210,Baltimore,United States,39.266666999999998,-76.583332999999996
wpi:8130,Camden,United States,39.950000000000003,-75.133332999999993
wpi:8080,Chester,United States,39.850000000000001,-75.349999999999994
wpi:7810,Newark,United States,40.700000000000003,-74.150000000000006
wpi:7790,Bayonne,United States,40.683332999999998,-74.099999999999994
wpi:7770,Hoboken,United States,40.750000000000000,-74.016666999999998
wpi:7610,Greenwich,United States,41.016666999999998,-73.616667000000007
wpi:7570,Bridgeport,United States,41.166666999999997,-73.183333000000005
wpi:7400,Fall River,United States,41.700000000000003,-71.166667000000004
wpi:7720,Albany,United States,42.649999999999999,-73.750000000000000
wpi:45400,Mahdia,Tunisia,35.500000000000000,11.066667000000001
wpi:44870,Botas,Turkey,36.883333000000000,35.933332999999998
wpi:50000,Keppel - (East Singapore),Singapore,1.283333000000000,103.849999999999994
wpi:40860,Koper,Slovenia,45.549999999999997,13.733333000000000
wpi:45867,Bonthe,Sierra Leone,7.533333000000000,-12.500000000000000
wpi:6940,Camden,United States,44.216667000000001,-69.066666999999995
wpi:16050,Avalon,United States,33.350000000000001,-118.316666999999995
wpi:9340,Brownsville,United States,25.949999999999999,-97.400000000000006
wpi:9150,Galveston,United States,29.316666999999999,-94.783332999999999
wpi:9140,Beaumont,United States,30.083333000000000,-94.083332999999996
wpi:8970,Baton Rouge,United States,30.449999999999999,-91.183333000000005
wpi:8720,Carrabelle,United States,29.850000000000001,-84.666667000000004
wpi:8660,Key West,United States,24.550000000000001,-81.816666999999995
wpi:8600,Fort Pierce,United States,27.466667000000001,-80.316666999999995
wpi:8570,Mayport,United States,30.399999999999999,-81.433333000000005
wpi:8325,Elizabeth City,United States,36.299999999999997,-76.216667000000001
wpi:44790,Bodrum,Turkey,37.033332999999999,27.433333000000001
wpi:47000,Kilwa Kivinje,Tanzania,-8.733333000000000,39.416666999999997
wpi:16280,Davenport,United States,37.016666999999998,-122.200000000000003
wpi:16145,Carpinteria,United States,34.383333000000000,-119.516666999999998
wpi:16440,Crockett,United States,38.049999999999997,-122.216667000000001
wpi:57440,Erawan Terminal,Thailand,9.100000000000000,101.349999999999994
wpi:6700,Bar Harbor,United States,44.383333000000000,-68.200000000000003
wpi:44740,Dikili,Turkey,39.016666999999998,26.816666999999999
wpi:45368,Didon Terminal,Tunisia,33.783332999999999,11.900000000000000
wpi:45375,Gabes,Tunisia,33.899999999999999,10.116667000000000
wpi:45420,La Goulette,Tunisia,36.799999999999997,10.300000000000001
wpi:44660,Erdek,Turkey,40.383333000000000,27.800000000000001
wpi:44730,Ayvalik,Turkey,39.316667000000002,26.699999999999999
wpi:44752,Nemrut Limani Bay,Turkey,38.766666999999998,26.916667000000000
wpi:9235,Deer Park,United States,29.750000000000000,-95.333332999999996
wpi:44810,Fethiye,Turkey,36.633333000000000,29.100000000000001
wpi:43334,Aliaga,Turkey,38.833333000000003,26.933333000000001
wpi:45430,Tunis,Tunisia,36.799999999999997,10.250000000000000
wpi:40870,Piran,Slovenia,45.533332999999999,13.566667000000001
wpi:45365,Zarzis,Tunisia,33.500000000000000,11.116667000000000
wpi:44801,Toros Gubre,Turkey,36.916666999999997,35.966667000000001
wpi:45410,Sousse,Tunisia,35.833333000000003,10.650000000000000
wpi:45432,Rades,Tunisia,36.816667000000002,10.300000000000001
wpi:57435,Pattani,Thailand,6.950000000000000,101.299999999999997
wpi:7820,Elizabethport,United States,40.649999999999999,-74.183333000000005
wpi:7780,Jersey City,United States,40.716667000000001,-74.033332999999999
wpi:7550,New Haven,United States,41.233333000000002,-72.916667000000004
wpi:7500,New London,United States,41.350000000000001,-72.083332999999996
wpi:8070,Marcus Hook,United States,39.816667000000002,-75.416667000000004
wpi:8300,Newport News,United States,36.966667000000001,-76.433333000000005
wpi:57620,Nha Trang,Vietnam,12.250000000000000,109.233333000000002
wpi:7170,Kennebunkport,United States,43.366667000000000,-70.466667000000001
wpi:7040,Boothbay Harbor,United States,43.866667000000000,-69.583332999999996
wpi:11310,Charlotte Amalie,U.S. Virgin Islands,18.350000000000001,-64.933333000000005
wpi:16340,Oakland,United States,37.816667000000002,-122.333332999999996
wpi:16240,Monterey,United States,36.616667000000000,-121.883332999999993
wpi:16210,Morro Bay,United States,35.366667000000000,-120.849999999999994
wpi:8860,New Orleans,United States,29.949999999999999,-90.049999999999997
wpi:8820,Madisonville,United States,30.399999999999999,-90.150000000000006
wpi:8770,Mobile,United States,30.683333000000001,-88.116667000000007
wpi:8640,Miami,United States,25.783332999999999,-80.183333000000005
wpi:16330,Alameda,United States,37.783332999999999,-122.266666999999998
wpi:12280,Caripito,Venezuela,10.150000000000000,-63.033332999999999
wpi:8940,Destrehan,United States,29.949999999999999,-90.366667000000007
wpi:16360,Berkeley,United States,37.866667000000000,-122.299999999999997
wpi:11335,Limetree Bay,U.S. Virgin Islands,17.699999999999999,-64.750000000000000
wpi:7230,Marblehead,United States,42.500000000000000,-70.849999999999994
wpi:11336,Port Alucroix,U.S. Virgin Islands,17.699999999999999,-64.766666999999998
wpi:6810,Stonington,United States,44.149999999999999,-68.666667000000004
wpi:9330,Port Isabel,United States,26.083333000000000,-97.200000000000003
wpi:8700,Tarpon Springs,United States,28.149999999999999,-82.766666999999998
wpi:7180,Portsmouth,United States,43.083333000000003,-70.750000000000000
wpi:16300,San Francisco,United States,37.816667000000002,-122.416667000000004
wpi:9160,Texas City,United States,29.383333000000000,-94.916667000000004
wpi:7225,Salem,United States,42.516666999999998,-70.883332999999993
wpi:8760,Pensacola,United States,30.399999999999999,-87.216667000000001
wpi:16150,Santa Barbara,United States,34.416666999999997,-119.683333000000005
wpi:6960,Rockland,United States,44.100000000000001,-69.099999999999994
wpi:16010,San Diego,United States,32.716667000000001,-117.183333000000005
wpi:6890,Winterport,United States,44.633333000000000,-68.849999999999994
wpi:9100,Port Neches,United States,30.000000000000000,-93.950000000000003
wpi:9290,Rockport,United States,28.016667000000002,-97.049999999999997
wpi:46780,Simonstown,South Africa,-34.185000000000002,18.436666667000001
wpi:7150,Portland,United States,43.666666999999997,-70.250000000000000
wpi:16420,South Vallejo,United States,38.083333000000003,-122.250000000000000
wpi:8780,Pascagoula,United States,30.350000000000001,-88.566666999999995
wpi:8750,Panama City,United States,30.133333000000000,-85.650000000000006
wpi:6870,Sandypoint,United States,44.516666999999998,-68.816666999999995
wpi:7160,Saco,United States,43.500000000000000,-70.450000000000003
wpi:8260,West Point,United States,37.533332999999999,-76.799999999999997
wpi:7930,Port Reading,United States,40.566667000000002,-74.233333000000002
wpi:7620,Port Chester,United States,41.000000000000000,-73.666667000000004
wpi:7420,Providence,United States,41.799999999999997,-71.400000000000006
wpi:7970,Sayreville,United States,40.466667000000001,-74.366667000000007
wpi:7960,Perth Amboy,United States,40.500000000000000,-74.266666999999998
wpi:8250,Yorktown,United States,37.233333000000002,-76.500000000000000
wpi:7750,Edgewater,United States,40.816667000000002,-73.983333000000002
wpi:48325,Mina Salman,Bahrain,26.199999999999999,50.633333000000000
wpi:12775,Madre De Deus,Brazil,-12.750000000000000,-38.616667000000000
wpi:6780,Ellsworth,United States,44.549999999999997,-68.416667000000004
wpi:53710,Jervis Bay,Australia,-35.116667000000000,150.800000000000011
wpi:6740,Frenchboro,United States,44.116667000000000,-68.366667000000007
wpi:53750,Batemans Bay,Australia,-35.700000000000003,150.166666999999990
wpi:48392,Al-Basra Oil Terminal,Iraq,29.683333000000001,48.816667000000002
wpi:45660,Beni Saf,Algeria,35.299999999999997,-1.383333000000000
wpi:45910,Porto Da Praia,Cabo Verde,14.916667000000000,-23.516667000000002
wpi:12770,Port De Salvador,Brazil,-12.966666999999999,-38.516666999999998
wpi:12910,Porto Do Forno,Brazil,-22.966667000000001,-42.016666999999998
wpi:37290,Puerto De Pasajes,Spain,43.333333000000003,-1.933333000000000
wpi:7910,Carteret,United States,40.583333000000003,-74.216667000000001
wpi:7640,New York City,United States,40.700000000000003,-74.016666999999998
wpi:7630,Brooklyn,United States,40.666666999999997,-74.016666999999998
wpi:7625,City Island,United States,40.850000000000001,-73.783332999999999
wpi:62360,Nagasaki,Japan,32.716667000000001,129.849999999999994
wpi:62280,Misumi Ko,Japan,32.600000000000001,130.466667000000001
wpi:62220,Kagoshima Ko,Japan,31.583333000000000,130.566666999999995
wpi:62150,Beppu,Japan,33.316667000000002,131.516667000000012
wpi:62145,Kanda,Japan,33.783332999999999,131.016667000000012
wpi:62080,Niihama,Japan,33.983333000000002,133.283332999999999
wpi:62065,Muturezima Ko,Japan,33.966667000000001,130.866667000000007
wpi:61617,Habu Ko,Japan,34.283332999999999,133.183333000000005
wpi:61590,Hibi Ko,Japan,34.450000000000003,133.933333000000005
wpi:61570,Aioi,Japan,34.783332999999999,134.466667000000001
wpi:61567,Himeji,Japan,34.750000000000000,134.633332999999993
wpi:61560,Kobe,Japan,34.649999999999999,135.183333000000005
wpi:59190,Iloilo,Philippines,10.699999999999999,122.583332999999996
wpi:58960,Cebu,Philippines,10.300000000000001,123.900000000000006
wpi:61372,Kisarazu Ko,Japan,35.366667000000000,139.883332999999993
wpi:51845,Lawi Lawi Oil Terminal,Indonesia,-1.450000000000000,116.766666999999998
wpi:51600,Lutong,Malaysia,4.466667000000000,114.000000000000000
wpi:48300,Al Rayyan Terminal,Qatar,26.649999999999999,51.549999999999997
wpi:48040,As Suways,Egypt,29.966667000000001,32.549999999999997
wpi:47010,Dar Es Salaam,Tanzania,-6.816667000000000,39.299999999999997
wpi:46975,Mtwara,Tanzania,-10.266667000000000,40.200000000000003
wpi:46890,Beira,Mozambique,-19.833333000000000,34.833333000000003
wpi:46870,Maputo,Mozambique,-25.962777778000000,32.544722221999997
wpi:46850,Durban,South Africa,-29.866667000000000,31.066666999999999
wpi:46830,East London,South Africa,-33.033332999999999,27.916667000000000
wpi:45640,Oran,Algeria,35.700000000000003,-0.633333000000000
wpi:45550,Bejaia,Algeria,36.750000000000000,5.083333000000000
wpi:44750,Izmir,Turkey,38.433332999999998,27.133333000000000
wpi:50970,Jakarta,Indonesia,-6.100000000000000,106.883332999999993
wpi:50730,Belawan,Indonesia,3.783333000000000,98.683333000000005
wpi:41670,Durres,Albania,41.316667000000002,19.449999999999999
wpi:41640,Bar,Montenegro,42.083333000000003,19.083333000000000
wpi:41610,Kotor,Montenegro,42.416666999999997,18.766667000000002
wpi:41030,Bakar,Croatia,45.299999999999997,14.533333000000001
wpi:40500,Brindisi,Italy,40.649999999999999,17.983332999999998
wpi:40480,Gallipoli,Italy,40.060000000000002,17.984000000000002
wpi:40110,Milazzo,Italy,38.216667000000001,15.250000000000000
wpi:39950,Bagnoli,Italy,40.810000000000002,14.157999999999999
wpi:39520,La Spezia,Italy,44.100000000000001,9.833333000000000
wpi:39470,Genova,Italy,44.398000000000003,8.922000000000001
wpi:39120,L'ile Rousse,France,42.633333000000000,8.933332999999999
wpi:38810,Marseille,France,43.316667000000002,5.366667000000000
wpi:38550,Barcelona,Spain,41.350000000000001,2.166667000000000
wpi:38430,Cartagena,Spain,37.583333000000003,-0.983333000000000
wpi:38090,Angra Do Heroismo,Portugal,38.649999999999999,-27.216667000000001
wpi:38080,Horta,Portugal,38.533332999999999,-28.633333000000000
wpi:37970,Aveiro,Portugal,40.649999999999999,-8.650000000000000
wpi:37860,Marin,Spain,42.399999999999999,-8.699999999999999
wpi:7250,Boston,United States,42.350000000000001,-71.049999999999997
wpi:7210,Gloucester,United States,39.899999999999999,-75.133332999999993
wpi:7080,Bath,United States,43.916666999999997,-69.816666999999995
wpi:37010,La Rochelle,France,46.149999999999999,-1.150000000000000
wpi:37000,La Pallice,France,46.166666999999997,-1.216667000000000
wpi:9300,Corpus Christi,United States,27.816666999999999,-97.400000000000006
wpi:9070,Orange,United States,30.083333000000000,-93.733333000000002
wpi:9040,Lake Charles,United States,30.216667000000001,-93.250000000000000
wpi:9000,Morgan City,United States,29.699999999999999,-91.216667000000001
wpi:8980,Loop Terminal,United States,28.883333000000000,-90.016666999999998
wpi:8800,Gulfport,United States,30.350000000000001,-89.083332999999996
wpi:8730,Apalachicola,United States,29.716667000000001,-84.983333000000002
wpi:8665,Boca Grande,United States,26.699999999999999,-82.333332999999996
wpi:2800,Clayton,United States,44.233333000000002,-76.049999999999997
wpi:2770,Ogdensburg,United States,44.700000000000003,-75.500000000000000
wpi:2235,Montreal,Canada,45.516666999999998,-73.549999999999997
wpi:6730,Mount Desert,United States,44.366667000000000,-68.333332999999996
wpi:38433,Islas Hormigas,Spain,37.649999999999999,-0.650000000000000
wpi:38585,Las Hormigas,Spain,41.866667000000000,3.183333000000000
wpi:40000,Castellammare Di Stabia,Italy,40.700000000000003,14.476000000000001
wpi:40210,Licata,Italy,37.091999999999999,13.936000000000000
wpi:40340,Marsaxlokk,Malta,35.816667000000002,14.550000000000001
wpi:43340,Gemlik,Turkey,40.416666999999997,29.116667000000000
wpi:50650,Lhokseumawe,Indonesia,5.250000000000000,97.116667000000007
wpi:51484,Belida Marine Terminal,Indonesia,4.133333000000000,105.133332999999993
wpi:44690,Canakkale,Turkey,40.149999999999999,26.399999999999999
wpi:44880,Iskenderun,Turkey,36.600000000000001,36.166666999999997
wpi:45084,Hadera,Israel,32.466667000000001,34.899999999999999
wpi:48108,Duba Bulk Plant Tanker Terminal,Saudi Arabia,27.316666999999999,35.899999999999999
wpi:61357,Kashima Ko,Japan,35.933332999999998,140.699999999999989
wpi:62085,Mishima-Kawanoe Ko,Japan,34.000000000000000,133.550000000000011
wpi:7590,Norwalk,United States,41.100000000000001,-73.416667000000004
wpi:2670,Cardinal,Canada,44.783332999999999,-75.383332999999993
wpi:9030,Haymark Terminal,United States,30.133333000000000,-93.316666999999995
wpi:8990,Grand Isle,United States,29.233332999999998,-90.000000000000000
wpi:42420,Kymassi,Greece,38.833333000000003,23.466667000000001
wpi:38370,Malaga,Spain,36.716667000000001,-4.416667000000000
wpi:59475,Gingoog,Philippines,8.833333000000000,125.099999999999994
wpi:38980,Antibes,France,43.583333000000003,7.133333000000000
wpi:39060,Bastia,France,42.700000000000003,9.449999999999999
wpi:39110,Calvi,France,42.566667000000002,8.750000000000000
wpi:39250,Carloforte,Italy,39.146999999999998,8.317000000000000
wpi:40115,Gioia Tauro,Italy,38.444000000000003,15.890000000000001
wpi:40220,Gela,Italy,37.066667000000002,14.250000000000000
wpi:40270,Catania,Italy,37.500000000000000,15.100000000000000
wpi:40985,Brsica,Croatia,45.033332999999999,14.050000000000001
wpi:48327,Khalifa Bin Salman,Bahrain,26.250000000000000,50.750000000000000
wpi:49890,Lumut,Malaysia,4.233333000000000,100.633332999999993
wpi:51205,Celukan Bawang,Indonesia,-8.183332999999999,114.833332999999996
wpi:51260,Benoa,Indonesia,-8.750000000000000,115.216667000000001
wpi:57411,Kemaman Harbor,Malaysia,4.250000000000000,103.466667000000001
wpi:57420,Kuala Trengganu,Malaysia,5.350000000000000,103.133332999999993
wpi:46970,Mikindani,Tanzania,-10.266667000000000,40.133333000000000
wpi:47140,Baraawe,Somalia,1.100000000000000,44.049999999999997
wpi:47300,Moroni,Comoros,-11.699999999999999,43.250000000000000
wpi:51733,Bakapit,Malaysia,4.950000000000000,118.583332999999996
wpi:61375,Chiba Ko,Japan,35.583333000000003,140.066666999999995
wpi:61416,Atsumi,Japan,34.666666999999997,137.066666999999995
wpi:61470,Kinuura Ko,Japan,34.850000000000001,136.949999999999989
wpi:36360,Morlaix,France,48.583333000000003,-3.833333000000000
wpi:7100,Gardiner,United States,44.233333000000002,-69.766666999999998
wpi:7130,Cundy Harbor,United States,43.783332999999999,-69.900000000000006
wpi:61475,Gamagori Ko,Japan,34.816667000000002,137.216667000000001
wpi:61495,Matsusaka,Japan,34.600000000000001,136.566666999999995
wpi:55130,Napier,New Zealand,-39.483333000000002,176.916666999999990
wpi:59090,Dumaguete,Philippines,9.316667000000001,123.299999999999997
wpi:59180,Jordan,Philippines,10.666667000000000,122.583332999999996
wpi:59700,Iligan,Philippines,8.233333000000000,124.233333000000002
wpi:59760,Butuan City,Philippines,8.949999999999999,125.533332999999999
wpi:60180,Dagu Tanggu,China,38.966667000000001,117.666667000000004
wpi:44640,Mudanya,Turkey,40.383333000000000,28.883333000000000
wpi:44650,Bandirma,Turkey,40.350000000000001,27.966667000000001
wpi:44670,Karabiga,Turkey,40.399999999999999,27.316666999999999
wpi:44950,Limassol,Cyprus,34.666666999999997,33.049999999999997
wpi:45080,Haifa,Israel,32.816667000000002,35.000000000000000
wpi:45180,Mersa Matruh,Egypt,31.350000000000001,27.233332999999998
wpi:45340,Marsa Sabratah,Libya,32.816667000000002,12.500000000000000
wpi:46541,Kizomba A Terminal,Angola,-6.316667000000000,11.050000000000001
wpi:48400,Al Basrah,Iraq,30.516667000000002,47.833333000000003
wpi:48404,Khawr Al Zubair,Iraq,30.183333000000001,47.899999999999999
wpi:48430,Abadan,Iran,30.333333000000000,48.283332999999999
wpi:48440,Khosrowabad,Iran,30.166667000000000,48.416666999999997
wpi:49690,Mergui,Burma,12.433332999999999,98.599999999999994
wpi:49790,Kantang Harbor,Thailand,7.400000000000000,99.516666999999998
wpi:50652,Blanglancang,Indonesia,5.233333000000000,97.099999999999994
wpi:50790,Bengkalis,Indonesia,1.466667000000000,102.099999999999994
wpi:44751,Gulluk,Turkey,37.250000000000000,27.616667000000000
wpi:44770,Kusadasi,Turkey,37.866667000000000,27.250000000000000
wpi:44805,Marmaris,Turkey,36.850000000000001,28.283332999999999
wpi:7990,Leonardo,United States,40.433332999999998,-74.066666999999995
wpi:2560,Coteau Landing,Canada,45.250000000000000,-74.200000000000003
wpi:2620,Cornwall,Canada,45.016666999999998,-74.733333000000002
wpi:2680,Lower Lakes Terminal,Canada,44.733333000000002,-75.466667000000001
wpi:11170,Ensenada Honda,Puerto Rico,18.233332999999998,-65.633332999999993
wpi:45377,Ashtart Oil Terminal,Tunisia,34.283332999999999,11.383333000000000
wpi:45444,Menzel Bourguiba,Tunisia,37.149999999999999,9.800000000000001
wpi:45650,Mers El Kebir,Algeria,35.733333000000002,-0.700000000000000
wpi:45796,El Jorf Lasfar,Morocco,33.116667000000000,-8.616667000000000
wpi:46542,Kizomba B Terminal,Angola,-6.350000000000000,11.150000000000000
wpi:46553,Estrela Oil Field,Angola,-6.450000000000000,12.400000000000000
wpi:46950,Ibo,Mozambique,-12.333333000000000,40.616667000000000
wpi:47400,Mahajanga,Madagascar,-15.716666999999999,46.299999999999997
wpi:47944,Beshayer Oil Terminal,Sudan,19.399999999999999,37.316667000000002
wpi:48050,El Ismailiya,Egypt,30.583333000000000,32.283332999999999
wpi:51630,Bandar Seri Begawan,Brunei,4.883333000000000,114.883332999999993
wpi:61378,Katsunan Ko,Japan,35.666666999999997,139.983332999999988
wpi:61379,Funabashi,Japan,35.666666999999997,139.949999999999989
wpi:61465,Mikawa,Japan,34.716667000000001,137.300000000000011
wpi:55110,Gisborne,New Zealand,-38.666666999999997,178.033332999999999
wpi:57818,Chiwan,China,19.966667000000001,110.033332999999999
wpi:58070,Hondagua,Philippines,13.949999999999999,122.233333000000002
wpi:61571,O0kihama,Japan,34.750000000000000,134.566666999999995
wpi:61595,Mizushima Ko,Japan,34.500000000000000,133.750000000000000
wpi:61650,Hiroshima,Japan,34.350000000000001,132.466667000000001
wpi:61675,Kudamatsu,Japan,34.000000000000000,131.866667000000007
wpi:61695,Hikari,Japan,33.950000000000003,131.933333000000005
wpi:61805,Fukui,Japan,36.066667000000002,136.199999999999989
wpi:61932,Mega,Japan,34.783332999999999,134.699999999999989
wpi:61935,Hannan Ko,Japan,34.466667000000001,135.349999999999994
wpi:61970,Kochi Ko,Japan,33.500000000000000,133.566666999999995
wpi:62100,Marugame Ko,Japan,34.299999999999997,133.783332999999999
wpi:62430,Hakata,Japan,33.600000000000001,130.400000000000006
wpi:62500,Naha Ko,Japan,26.216667000000001,127.683333000000005
wpi:35860,Honfleur,France,49.416666999999997,0.216667000000000
wpi:36110,Granville,France,48.833333000000003,-1.600000000000000
wpi:36960,Les Sables D' Olonne,France,46.500000000000000,-1.800000000000000
wpi:42490,Miliana,Greece,39.166666999999997,23.216667000000001
wpi:38690,Mahon,Spain,39.883333000000000,4.266667000000000
wpi:38960,Cannes,France,43.549999999999997,7.016667000000000
wpi:39180,Olbia,Italy,40.924999999999997,9.528000000000000
wpi:41415,Neum,Bosnia and Herzegovina,42.916666999999997,17.600000000000001
wpi:43260,Kalimnos,Greece,36.950000000000003,26.983332999999998
wpi:43380,Gelibolu,Turkey,40.399999999999999,26.666667000000000
wpi:59080,Bais,Philippines,9.600000000000000,123.116667000000007
wpi:59343,Masao,Philippines,9.000000000000000,125.416667000000004
wpi:59710,Cagayan De Oro,Philippines,8.500000000000000,124.666667000000004
wpi:61564,Hirohata,Japan,34.766666999999998,134.633332999999993
wpi:61568,Higashi-Harima,Japan,34.700000000000003,134.833333000000010
wpi:61573,Kakogawa,Japan,34.700000000000003,134.833333000000010
wpi:61605,Fukuyama,Japan,34.433332999999998,133.433333000000005
wpi:61630,Onomichi-Itozaki,Japan,34.383333000000000,133.166666999999990
wpi:61655,Kanokawa Ko,Japan,34.183332999999998,132.433333000000005
wpi:62079,Onoda,Japan,34.000000000000000,131.183333000000005
wpi:62160,Oita Ko,Japan,33.250000000000000,131.666666999999990
wpi:62250,Minamata Ko,Japan,32.200000000000003,130.383332999999993
wpi:62290,Miike Ko,Japan,33.000000000000000,130.416666999999990
wpi:62420,Karatsu,Japan,33.483333000000002,129.966667000000001
wpi:62510,Hirara Ko,Japan,24.800000000000001,125.283332999999999
wpi:16400,Oleum,United States,38.049999999999997,-122.266666999999998
wpi:46800,Mossel Bay,South Africa,-34.174722222000000,22.146111111000000
wpi:16385,Sausalito,United States,37.850000000000001,-122.483333000000002
wpi:3250,Port Colborne,Canada,42.883333000000000,-79.250000000000000
wpi:15995,Rosarito,Mexico,32.366667000000000,-117.099999999999994
wpi:9220,Pasadena,United States,29.716667000000001,-95.216667000000001
wpi:8667,Port Manatee,United States,27.633333000000000,-82.566666999999995
wpi:16590,Sacramento,United States,38.583333000000003,-121.500000000000000
wpi:8670,Tampa,United States,27.916667000000000,-82.450000000000003
wpi:9280,Port Oconnor,United States,28.449999999999999,-96.400000000000006
wpi:16560,Walnut Grove,United States,38.233333000000002,-121.516666999999998
wpi:8630,Port Everglades,United States,26.100000000000001,-80.116667000000007
wpi:3070,Port Weller,Canada,43.233333000000002,-79.216667000000001
wpi:16120,Port Hueneme,United States,34.149999999999999,-119.200000000000003
wpi:3090,Welland,Canada,43.000000000000000,-79.250000000000000
wpi:8530,Savannah,United States,32.083333000000003,-81.083332999999996
wpi:2220,Sorel,Canada,46.049999999999997,-73.116667000000007
wpi:14130,Port San Juan De La Juan,Chile,-53.633333000000000,-70.916667000000004
wpi:46855,Richards Bay,South Africa,-28.809999999999999,32.098333332999999
wpi:62130,Kokura Ko,Japan,33.883333000000000,130.883332999999993
wpi:41045,Omisalj,Croatia,45.216667000000001,14.550000000000001
wpi:40100,Messina,Italy,38.200000000000003,15.566667000000001
wpi:2975,Contrecour,Canada,45.883333000000000,-73.200000000000003
wpi:36220,Le Legue,France,48.533332999999999,-2.750000000000000
wpi:45165,Al Iskandariyh (Alexandria),Egypt,31.166667000000000,29.833333000000000
wpi:2740,Kingston,Canada,44.233333000000002,-76.500000000000000
wpi:42820,Khios,Greece,38.366667000000000,26.133333000000000
wpi:43155,Ayios Nikolaos,Greece,35.200000000000003,25.716667000000001
wpi:43250,Limin Kos,Greece,36.899999999999999,27.283332999999999
wpi:47310,Fomboni,Comoros,-12.266667000000000,43.750000000000000
wpi:57825,Huangpuxingang,China,23.050000000000001,113.500000000000000
wpi:15645,Acajutla Offshore Terminal,El Salvador,13.583333000000000,-89.866667000000007
wpi:2550,Beauharnois,Canada,45.316667000000002,-73.883332999999993
wpi:45151,Damietta,Egypt,31.483332999999998,31.750000000000000
wpi:47320,Moutsamoudu,Comoros,-12.150000000000000,44.399999999999999
wpi:47340,Dzaoudzi,Comoros,-12.783333000000001,45.250000000000000
wpi:41910,Pilos,Greece,36.899999999999999,21.666667000000000
wpi:44910,Xeros,Cyprus,35.133333000000000,32.833333000000003
wpi:36850,St Nazaire,France,47.283332999999999,-2.200000000000000
wpi:40980,Zaliv Rasa,Croatia,45.049999999999997,14.066667000000001
wpi:38770,Port Saint Louis Du Rhone,France,43.383333000000000,4.816667000000000
wpi:42860,Pithagorion,Greece,37.683332999999998,26.949999999999999
wpi:14800,Rada De Arica,Chile,-18.466667000000001,-70.333332999999996
wpi:39100,Port D' Ajaccio,France,41.916666999999997,8.750000000000000
wpi:2590,St Anicet,Canada,45.133333000000000,-74.366667000000007
wpi:35840,Port Of Le Havre,France,49.483333000000002,0.116667000000000
wpi:39090,Port De Propriano,France,41.683332999999998,8.900000000000000
wpi:2570,St Zotique,Canada,45.250000000000000,-74.250000000000000
wpi:2730,Wolfe Island,Canada,44.200000000000003,-76.433333000000005
wpi:2600,South Lancaster,Canada,45.133333000000000,-74.500000000000000
wpi:47985,Zeit Bay Terminal,Egypt,27.833333000000000,33.600000000000001
wpi:48060,Ras Abu Zanimah,Egypt,29.033332999999999,33.116667000000000
wpi:62118,Hibikinada,Japan,33.933332999999998,130.833333000000010
wpi:61480,Nagoya Ko,Japan,35.066667000000002,136.866667000000007
wpi:45280,Banghazi,Libya,32.116667000000000,20.050000000000001
wpi:48390,Khawr Al Amaya,Iraq,29.783332999999999,48.799999999999997
wpi:48360,Mina Abd Allah,Kuwait,29.016667000000002,48.166666999999997
wpi:40250,Augusta,Italy,37.216667000000001,15.233333000000000
wpi:45337,Bouri Oil Field,Libya,33.899999999999999,12.650000000000000
wpi:45850,Kamsar,Guinea,10.633333000000000,-14.616667000000000
wpi:45857,Benti,Guinea,9.166667000000000,-13.199999999999999
wpi:48361,Mina Al Ahmadi,Kuwait,29.066666999999999,48.166666999999997
wpi:48540,Jask,Iran,25.633333000000000,57.766666999999998
wpi:51330,Larantuka,Indonesia,-8.350000000000000,122.983333000000002
wpi:45110,Ashqelon,Israel,31.666667000000000,34.500000000000000
wpi:45220,Mersa Tobruq,Libya,32.083333000000003,23.983332999999998
wpi:45330,Mina Tarabulus (Tripoli),Libya,32.899999999999999,13.183332999999999
wpi:48406,Khawr Al Zubair Lng Terminal,Iraq,30.133333000000000,47.916666999999997
wpi:48530,Jazireh-Ye Hormoz,Iran,27.100000000000001,56.450000000000003
wpi:48535,Jazireh-Ye Sirri,Iran,25.899999999999999,54.549999999999997
wpi:50518,Kuala Tanjung,Indonesia,3.366667000000000,99.483333000000002
wpi:52260,Baubau,Indonesia,-5.466667000000000,122.616667000000007
wpi:61642,Mitsukojima,Japan,34.183332999999998,132.516667000000012
wpi:50805,Sungaipakning,Indonesia,1.350000000000000,102.166667000000004
wpi:51584,Tg. Mani,Malaysia,2.150000000000000,111.349999999999994
wpi:51803,Tanjung Sangata,Indonesia,0.366667000000000,117.566666999999995
wpi:51504,Widuri Marine Terminal,Indonesia,-4.666667000000000,106.650000000000006
wpi:47160,Muqdisho,Somalia,2.033333000000000,45.350000000000001
wpi:47150,Marka,Somalia,1.716667000000000,44.783332999999999
wpi:46161,Forcados Oil Terminal,Nigeria,5.166667000000000,5.183333000000000
wpi:59670,Jimenez,Philippines,8.333333000000000,123.866667000000007
wpi:57437,Map Ta Phut,Thailand,12.666667000000000,101.166667000000004
wpi:55230,Manukau Harbor,New Zealand,-36.933332999999998,174.783332999999999
wpi:47700,Saint-Pierre,Reunion,-21.350000000000001,55.466667000000001
wpi:47680,Saint-Denis,Reunion,-20.866667000000000,55.450000000000003
wpi:45821,Rufisque,Senegal,14.699999999999999,-17.283332999999999
wpi:45720,Port D Al Hoceima,Morocco,35.250000000000000,-3.916667000000000
wpi:58800,Palompon,Philippines,11.050000000000001,124.383332999999993
wpi:57443,Rayong Tpi Terminal,Thailand,12.633333000000000,101.299999999999997
wpi:45440,Banzart,Tunisia,37.283332999999999,9.883333000000000
wpi:45808,Ad Dakhla,Western Sahara,23.699999999999999,-15.916667000000000
wpi:12210,Bahia De Pertigalete,Venezuela,10.233333000000000,-64.566666999999995
wpi:43370,Eceabat,Turkey,40.183332999999998,26.366667000000000
wpi:44802,Botas Dortyol Oil Terminal,Turkey,36.866667000000000,36.133333000000000
wpi:45370,Houmt Souk,Tunisia,33.883333000000000,10.850000000000000
wpi:45390,Mersa Sfax,Tunisia,34.733333000000002,10.766667000000000
wpi:57520,Duong Dong,Vietnam,10.216666999999999,103.966667000000001
wpi:45460,Tabarka,Tunisia,36.966667000000001,8.766667000000000
wpi:48650,Bedi,India,22.573055556000000,70.045555555999996
wpi:48617,Mundra,India,22.728333332999998,69.706666666999993
wpi:48670,Okha,India,22.468055555999999,69.079722222000001
wpi:7920,Chrome,United States,40.566667000000002,-74.216667000000001
wpi:7895,Bayway,United States,40.633333000000000,-74.200000000000003
wpi:7690,Catskill,United States,42.216667000000001,-73.849999999999994
wpi:7680,Kingston,United States,41.933332999999998,-73.966667000000001
wpi:7660,Newburgh,United States,41.500000000000000,-74.000000000000000
wpi:6770,Bass Harbor,United States,44.233333000000002,-68.349999999999994
wpi:16410,Mare Island,United States,38.100000000000001,-122.266666999999998
wpi:9250,Freeport,United States,28.949999999999999,-95.333332999999996
wpi:8790,Biloxi,United States,30.383333000000000,-88.883332999999993
wpi:7410,Bristol,United States,41.666666999999997,-71.266666999999998
wpi:8850,Gretna,United States,29.916667000000000,-90.066666999999995
wpi:6790,Brooklin,United States,44.266666999999998,-68.583332999999996
wpi:6850,North Haven,United States,44.133333000000000,-68.866667000000007
wpi:8040,Deepwater Point,United States,39.700000000000003,-75.516666999999998
wpi:8200,Havre De Grace,United States,39.533332999999999,-76.083332999999996
wpi:8895,Convent,United States,30.016667000000002,-90.833332999999996
wpi:16550,Isleton,United States,38.166666999999997,-121.599999999999994
wpi:7120,Augusta,United States,44.316667000000002,-69.766666999999998
wpi:7220,Beverly,United States,42.533332999999999,-70.883332999999993
wpi:16570,Courtland,United States,38.333333000000003,-121.566666999999995
wpi:8740,Port St Joe,United States,29.816666999999999,-85.316666999999995
wpi:8920,St Rose,United States,29.949999999999999,-90.316666999999995
wpi:9310,Port Aransas,United States,27.833333000000000,-97.049999999999997
wpi:9320,Port Ingleside,United States,27.816666999999999,-97.183333000000005
wpi:6760,Swans Island,United States,44.133333000000000,-68.450000000000003
wpi:16270,Santa Cruz,United States,36.966667000000001,-122.016666999999998
wpi:8930,Reserve,United States,30.050000000000001,-90.549999999999997
wpi:16370,Point Richmond,United States,37.916666999999997,-122.366667000000007
wpi:6690,Sorrento,United States,44.466667000000001,-68.183333000000005
wpi:8893,St. James,United States,29.979199999999999,-90.827500000000001
wpi:16520,Stockton,United States,37.950000000000003,-121.299999999999997
wpi:7030,South Bristol,United States,43.866667000000000,-69.549999999999997
wpi:16540,Rio Vista,United States,38.149999999999999,-121.700000000000003
wpi:6990,Thomaston,United States,44.066667000000002,-69.183333000000005
wpi:7140,South Harpswell,United States,43.733333000000002,-70.016666999999998
wpi:16190,Pismo Beach,United States,35.133333000000000,-120.650000000000006
wpi:16380,Point San Pablo,United States,37.966667000000001,-122.433333000000005
wpi:6720,Southwest Harbor,United States,44.283332999999999,-68.316666999999995
wpi:7940,Sewaren,United States,40.549999999999997,-74.250000000000000
wpi:16390,Pinole Point,United States,38.016666999999998,-122.366667000000007
wpi:7580,Southport,United States,41.133333000000000,-73.283332999999999
wpi:7760,Weehawken,United States,40.766666999999998,-74.016666999999998
wpi:7730,Rensselaer,United States,42.649999999999999,-73.750000000000000
wpi:7670,Poughkeepsie,United States,41.700000000000003,-73.950000000000003
wpi:7650,Yonkers,United States,40.933332999999998,-73.900000000000006
wpi:62225,Kiire,Japan,31.383333000000000,130.550000000000011
wpi:46130,Lagos,Nigeria,6.400000000000000,3.400000000000000
wpi:48263,Khawr Fakkan,United Arab Emirates,25.362777778000002,56.368888888999997
wpi:15880,Isla San Marcos,Mexico,27.183333000000001,-112.099999999999994
wpi:36460,Rade De Brest,France,48.383333000000000,-4.500000000000000
wpi:38010,Lagos,Portugal,37.100000000000001,-8.616667000000000
wpi:15790,Puerto Vallarta,Mexico,20.616667000000000,-105.266666999999998
wpi:15870,Santa Rosalia,Mexico,27.333333000000000,-112.283332999999999
wpi:6920,Belfast,United States,44.416666999999997,-69.000000000000000
wpi:15770,Manzanillo,Mexico,19.050000000000001,-104.316666999999995
wpi:50922,Merak Mas Terminal,Indonesia,-5.919166667000000,105.997222222000005
wpi:15920,La Paz,Mexico,24.166667000000000,-110.316666999999995
wpi:15975,Puerto Morro Redondo,Mexico,28.050000000000001,-115.183333000000005
wpi:48250,Mina Qabus,Oman,23.633333000000000,58.583333000000003
wpi:7870,Gulfport SI,United States,40.633333000000000,-74.200000000000003
wpi:10006,Cockburn Town,The Bahamas,24.050000000000001,-74.533332999999999
wpi:62495,Kin Wan,Japan,26.416667000000000,127.900000000000006
wpi:48255,Mina Al Fahl,Oman,23.633333000000000,58.516666999999998
wpi:62505,Nakagusuku,Japan,26.266667000000002,127.916667000000004
wpi:7850,Port Richmond SI,United States,40.649999999999999,-74.133332999999993
wpi:15810,Mazatlan,Mexico,23.199999999999999,-106.416667000000004
wpi:15760,Acapulco,Mexico,16.850000000000001,-99.933333000000005
wpi:36680,Lorient,France,47.750000000000000,-3.350000000000000
wpi:42620,Lagos,Greece,41.000000000000000,25.133333000000000
wpi:7860,Mariners Harbor SI,United States,40.633333000000000,-74.166667000000004
wpi:61545,Wakayama-Shimotsu Ko,Japan,34.200000000000003,135.133332999999993
wpi:9940,St George,Bermuda,32.383333000000000,-64.683333000000005
wpi:48335,Dammam,Saudi Arabia,26.500000000000000,50.200000000000003
wpi:16650,Fort Bragg,United States,39.450000000000003,-123.816666999999995
wpi:11340,Christiansted,U.S. Virgin Islands,17.750000000000000,-64.700000000000003
wpi:16060,Newport Beach,United States,33.616667000000000,-117.900000000000006
wpi:44860,Mersin,Turkey,36.799999999999997,34.633333000000000
wpi:16110,El Segundo,United States,33.916666999999997,-118.433333000000005
wpi:11320,Cruz Bay,U.S. Virgin Islands,18.333333000000000,-64.799999999999997
wpi:60233,Dandong,China,39.816667000000002,124.150000000000006
wpi:48343,Ju Aymah Oil Terminal,Saudi Arabia,26.933333000000001,50.033332999999999
wpi:47830,Boosaaso,Somalia,11.283333000000001,49.183332999999998
wpi:48310,Al Manamah,Bahrain,26.233332999999998,50.583333000000003
wpi:58350,Nasugbu,Philippines,14.083333000000000,120.616667000000007
wpi:60280,Nampo,North Korea,38.716667000000001,125.400000000000006
wpi:48342,Ju Aymah Lpg Terminal,Saudi Arabia,26.866667000000000,50.049999999999997
wpi:48374,Doha Harbor,Kuwait,29.383333000000000,47.799999999999997
wpi:11330,Frederiksted,U.S. Virgin Islands,17.716667000000001,-64.883332999999993
wpi:11901,Covenas Offshore Term.,Colombia,9.500000000000000,-75.733333000000002
wpi:48175,Al Mukha,Yemen,13.316667000000001,43.250000000000000
wpi:60310,Haeju Hang,North Korea,38.000000000000000,125.700000000000003
wpi:16515,Antioch,United States,38.016666999999998,-121.799999999999997
wpi:36260,Paimpol,France,48.783332999999999,-3.050000000000000
wpi:42400,Porthmos Evripou,Greece,38.466667000000001,23.583333000000000
wpi:41590,Risan,Montenegro,42.516666999999998,18.699999999999999
wpi:39360,San Remo,Italy,43.817000000000000,7.786000000000000
wpi:41220,Zadar,Croatia,44.116667000000000,15.216666999999999
wpi:45865,Pepel,Sierra Leone,8.583333000000000,-13.050000000000001
wpi:38720,Port-Vendres,France,42.516666999999998,3.116667000000000
wpi:38580,Palamos,Spain,41.833333000000003,3.116667000000000
wpi:37400,Puerto De Bilbao,Spain,43.350000000000001,-3.050000000000000
wpi:42470,Volos,Greece,39.366667000000000,22.949999999999999
wpi:36300,Treguier,France,48.783332999999999,-3.233333000000000
wpi:6840,Vinalhaven,United States,44.049999999999997,-68.833332999999996
wpi:45762,Port Nador,Morocco,35.283332999999999,-2.933333000000000
wpi:46820,Port Elizabeth,South Africa,-33.951944443999999,25.642499999999998
wpi:40940,Rovinj,Croatia,45.083333000000003,13.633333000000000
wpi:41320,Split,Croatia,43.500000000000000,16.433333000000001
wpi:38920,Saint-Tropez,France,43.266666999999998,6.633333000000000
wpi:42530,Thessaloniki,Greece,40.633333000000000,22.933333000000001
wpi:43210,Rodhos,Greece,36.450000000000003,28.233332999999998
wpi:45380,Skhira,Tunisia,34.283332999999999,10.100000000000000
wpi:38630,Palma De Mallorca,Spain,39.566667000000002,2.633333000000000
wpi:41730,Preveza,Greece,38.950000000000003,20.750000000000000
wpi:40615,Vasto,Italy,42.116667000000000,14.716666999999999
wpi:45753,Tangier-Mediterranean,Morocco,35.899999999999999,-5.516667000000000
wpi:45797,Safi,Morocco,32.299999999999997,-9.250000000000000
wpi:46045,Sekondi,Ghana,4.950000000000000,-1.700000000000000
wpi:39070,Porto Vecchio,France,41.583333000000003,9.283333000000001
wpi:16200,Port San Luis,United States,35.166666999999997,-120.750000000000000
wpi:37690,San Ciprian,Spain,43.700000000000003,-7.433333000000000
wpi:38540,Tarragona,Spain,41.100000000000001,1.233333000000000
wpi:38670,Puerto De Alcudia,Spain,39.833333000000003,3.133333000000000
wpi:36130,Saint-Malo,France,48.649999999999999,-2.016667000000000
wpi:37900,Vigo,Spain,42.233333000000002,-8.716666999999999
wpi:43390,Tekirdag,Turkey,40.983333000000002,27.516667000000002
wpi:41620,Tivat,Montenegro,42.433332999999998,18.699999999999999
wpi:42850,Samos,Greece,37.750000000000000,26.966667000000001
wpi:38543,Villanueva Y Geltru,Spain,41.233333000000002,1.733333000000000
wpi:40960,Pula,Croatia,44.883333000000000,13.800000000000001
wpi:38180,Puerto Del Rosario,Spain,28.500000000000000,-13.850000000000000
wpi:41660,Shengjin,Albania,41.816667000000002,19.600000000000001
wpi:38570,San Feliu De Guixols,Spain,41.783332999999999,3.033333000000000
wpi:39440,Savona,Italy,44.316667000000002,8.500000000000000
wpi:38750,Sete,France,43.399999999999999,3.700000000000000
wpi:8810,Slidell,United States,30.266667000000002,-89.783332999999999
wpi:47030,Tanga,Tanzania,-5.083333000000000,39.116667000000000
wpi:36040,Saint Helier Harbour,Jersey,49.183332999999998,-2.116667000000000
wpi:43150,Sitia,Greece,35.216667000000001,26.133333000000000
wpi:45818,St Louis,Senegal,16.016667000000002,-16.516667000000002
wpi:38480,Valencia,Spain,39.450000000000003,-0.316667000000000
wpi:37830,Villagarcia De Arosa,Spain,42.600000000000001,-8.766667000000000
wpi:38590,Rosas,Spain,42.266666999999998,3.183333000000000
wpi:38490,Sagunto,Spain,39.649999999999999,-0.216667000000000
wpi:11934,Puerto Prodeco,Colombia,11.150000000000000,-74.216667000000001
wpi:40505,Torre Del Greco,Italy,40.783332999999999,14.366667000000000
wpi:16030,Wilson Cove,United States,33.000000000000000,-118.549999999999997
wpi:44803,Yakacik,Turkey,36.716667000000001,36.183332999999998
wpi:38395,Puerto De Carboneras,Spain,37.000000000000000,-1.883333000000000
wpi:46940,Pemba,Mozambique,-12.966666999999999,40.500000000000000
wpi:37670,Ribadeo,Spain,43.533332999999999,-7.033333000000000
wpi:41090,Senj,Croatia,44.983333000000002,14.900000000000000
wpi:45435,Tazerka Oil Terminal,Tunisia,36.600000000000001,11.683332999999999
wpi:60435,Sokch'o Hang,South Korea,38.200000000000003,128.599999999999994
wpi:62078,Tonda,Japan,34.033332999999999,131.750000000000000
wpi:16510,Pittsburg,United States,38.033332999999999,-121.883332999999993
wpi:61380,Tokyo Ko,Japan,35.666666999999997,139.750000000000000
wpi:59680,Port Ozamis,Philippines,8.133333000000000,123.849999999999994
wpi:62255,Yatsushiro Ko,Japan,32.500000000000000,130.533332999999999
wpi:8050,Wilmington,United States,39.733333000000002,-75.549999999999997
wpi:62115,Tobata,Japan,33.916666999999997,130.816666999999995
wpi:49850,Pulau Pinang,Malaysia,5.416667000000000,100.349999999999994
wpi:49930,Port Klang,Malaysia,3.000000000000000,101.400000000000006
wpi:48240,Qalhat Lng Terminal,Oman,22.683333000000001,59.399999999999999
wpi:61420,Shimoda Ko,Japan,34.666666999999997,138.949999999999989
wpi:51870,Stagen,Indonesia,-3.300000000000000,116.150000000000006
wpi:59340,Surigao City,Philippines,9.783333000000001,125.500000000000000
wpi:62165,Saganoseki Ko,Japan,33.250000000000000,131.866667000000007
wpi:57950,Peng-Hu Kang,Taiwan,23.583333000000000,119.533332999999999
wpi:61690,Ube Ko,Japan,33.933332999999998,131.233332999999988
wpi:60190,Tianjin Xin Gang,China,38.966667000000001,117.833332999999996
wpi:48155,Ras Isa Marine Terminal,Yemen,15.133333000000000,42.600000000000001
wpi:7405,Tiverton,United States,41.633333000000000,-71.216667000000001
wpi:62077,Takuma,Japan,34.216667000000001,133.683333000000005
wpi:7980,South Amboy,United States,40.483333000000002,-74.266666999999998
wpi:11470,Port Louis,Guadeloupe,16.416667000000000,-61.533332999999999
wpi:8115,Paulsboro,United States,39.850000000000001,-75.250000000000000
wpi:61415,Tagonoura Ko,Japan,35.133333000000000,138.699999999999989
wpi:50600,Uleelheue,Indonesia,5.566667000000000,95.283332999999999
wpi:10960,Pepillo Salcedo,Dominican Republic,19.699999999999999,-71.750000000000000
wpi:59150,Port Capiz,Philippines,11.600000000000000,122.716667000000001
wpi:61802,Uchiura,Japan,35.516666999999998,135.500000000000000
wpi:60200,Qinhuangdao,China,39.933332999999998,119.616667000000007
wpi:61566,Shikama,Japan,34.766666999999998,134.650000000000006
wpi:7560,Port Jefferson,United States,40.950000000000003,-73.083332999999996
wpi:60220,Yingkou,China,40.683332999999998,122.233333000000002
wpi:48267,Zirkuh Oil Field,United Arab Emirates,24.866667000000000,53.049999999999997
wpi:49995,Serangoon Harbor,Singapore,1.400000000000000,103.950000000000003
wpi:49910,Teluk Anson,Malaysia,4.016667000000000,101.016666999999998
wpi:62120,Wakamatsu Ko,Japan,33.899999999999999,130.816666999999995
wpi:48320,Sitrah,Bahrain,26.166667000000000,50.666666999999997
wpi:62380,Sasebo,Japan,33.166666999999997,129.716667000000001
wpi:57995,Port San Vicente,Philippines,18.516667000000002,122.133332999999993
wpi:49770,Phuket,Thailand,7.833333000000000,98.400000000000006
wpi:62110,Sakaide Ko,Japan,34.333333000000003,133.849999999999994
wpi:61500,Toba,Japan,34.483333000000002,136.849999999999994
wpi:54575,Point Murat,Australia,-21.816666999999999,114.183333000000005
wpi:60160,Yantai,China,37.549999999999997,121.450000000000003
wpi:61547,Sakai-Senboku,Japan,34.549999999999997,135.433333000000005
wpi:50610,Sabang,Indonesia,5.883333000000000,95.316666999999995
wpi:49962,Pelabuhan Sungai Udang,Malaysia,2.250000000000000,102.133332999999993
wpi:54120,Warrnambool,Australia,-38.399999999999999,142.483332999999988
wpi:61940,Takamatsu,Japan,34.350000000000001,134.050000000000011
wpi:7600,Stamford,United States,41.033332999999999,-73.549999999999997
wpi:61680,Tokuyama,Japan,34.033332999999999,131.816666999999995
wpi:7740,Troy,United States,42.733333000000002,-73.700000000000003
wpi:61490,Yokkaichi,Japan,34.966667000000001,136.633332999999993
wpi:62224,Shibushi Wan,Japan,31.466667000000001,131.099999999999994
wpi:61410,Uraga Ko,Japan,35.233333000000002,139.716667000000001
wpi:49830,Pelabuhan Bass,Malaysia,6.316667000000000,99.833332999999996
wpi:59950,Zhen Hai,China,29.949999999999999,121.700000000000003
wpi:58315,Santa Cruz (Marinduque Isl),Philippines,13.500000000000000,122.066666999999995
wpi:48035,Sokhna Port Gas Tanker Terminal,Egypt,29.683333000000001,32.366667000000000
wpi:61370,Tateyama Ko,Japan,35.000000000000000,139.800000000000011
wpi:61580,Uno Ko,Japan,34.483333000000002,133.949999999999989
wpi:62113,Yanai,Japan,33.950000000000003,132.133332999999993
wpi:55050,Whangarei,New Zealand,-35.799999999999997,174.433333000000005
wpi:61550,Osaka,Japan,34.649999999999999,135.433333000000005
wpi:61460,Shimizu Ko,Japan,35.016666999999998,138.500000000000000
wpi:61700,Shimonoseki,Japan,33.933332999999998,130.933333000000005
wpi:51815,Tanjung Santan,Indonesia,-0.100000000000000,117.533332999999999
wpi:39935,Miseno,Italy,40.788158156000001,14.091097255999999
wpi:40352,Scalo Vecchio,Italy,35.854999999999997,12.863000000000000
wpi:40745,Porto Di Chioggia,Italy,45.233333000000002,12.300000000000001
wpi:40650,Civitanova Marche,Italy,43.316000000000003,13.734000000000000
wpi:40155,Levanzo,Italy,37.987000000000002,12.340999999999999
wpi:40720,Porto Di Corsini,Italy,44.494999999999997,12.291000000000000
wpi:40785,Grado,Italy,45.697000000000003,13.298000000000000
wpi:39910,Ischia,Italy,40.747999999999998,13.944000000000001
wpi:40090,Villa San Giovanni,Italy,38.222000000000001,15.630000000000001
wpi:40560,Bisceglie,Italy,41.246000000000002,16.509000000000000
wpi:40570,Trani,Italy,41.283420642999999,16.423705752000000
wpi:40700,Rimini,Italy,44.081000000000003,12.574000000000000
wpi:39840,Ponza,Italy,40.895000000000003,12.964000000000000
wpi:40060,Vibo Valentia Marina,Italy,38.722999999999999,16.129999999999999
wpi:40145,San Vito Lo Capo,Italy,38.180999999999997,12.736000000000001
wpi:39795,Porto Ercole,Italy,42.404000000000003,11.212999999999999
wpi:40282,Giardini Naxos,Italy,37.828000000000003,15.273000000000000
wpi:40120,Termini Imerese,Italy,37.984999999999999,13.723000000000001
wpi:40680,Fano,Italy,43.856999999999999,13.016999999999999
wpi:39855,Terracina,Italy,41.283000000000001,13.257999999999999
wpi:40640,San Benedetto Del Tronto,Italy,42.960000000000001,13.891999999999999
wpi:39500,Chiavari - Lavagna,Italy,44.305000000000000,9.326000000000001
wpi:39570,Viareggio,Italy,43.862000000000002,10.234000000000000
wpi:39850,San Felice Circeo,Italy,41.225999999999999,13.097000000000000
wpi:40460,Corigliano Calabro,Italy,39.671999999999997,16.529000000000000
wpi:40450,Ciro Marina,Italy,39.372000000000000,17.135999999999999
wpi:40510,Monopoli,Italy,40.954999999999998,17.308000000000000
wpi:40280,Riposta,Italy,37.734999999999999,15.209000000000000
wpi:40140,Castellammare Del Golfo,Italy,38.031999999999996,12.885000000000000
wpi:40520,Mola Di Bari,Italy,41.061999999999998,17.100000000000001
wpi:39940,Pozzuoli,Italy,40.823999999999998,14.109999999999999
wpi:40355,Cala Pozzolana,Italy,35.863999999999997,12.852000000000000
wpi:39900,Forio,Italy,40.741999999999997,13.859000000000000
wpi:39310,Porto Torres,Italy,40.851999999999997,8.396000000000001
wpi:40200,Porto Empedocle,Italy,37.277999999999999,13.528000000000000
wpi:40630,Pescara,Italy,42.463999999999999,14.236000000000001
wpi:40490,Otranto,Italy,40.152000000000001,18.492999999999999
wpi:40165,Favignana,Italy,37.933000000000000,12.324000000000000
wpi:39920,Procida,Italy,40.770000000000003,14.031000000000001
wpi:39865,Formia,Italy,41.253999999999998,13.614000000000001
wpi:40670,Senigallia,Italy,43.723999999999997,13.221000000000000
wpi:40635,Giulianova,Italy,42.756000000000000,13.978999999999999
wpi:40150,Trapani,Italy,38.012000000000000,12.506000000000000
wpi:39420,Rada Di Vado,Italy,44.265000000000001,8.452999999999999
wpi:40160,Marettimo,Italy,37.966000000000001,12.074999999999999
wpi:39260,Porto Vesme,Italy,39.194000000000003,8.384000000000000
wpi:40080,Reggio Di Calabria,Italy,38.128999999999998,15.650000000000000
wpi:39905,Casamicciola,Italy,40.752000000000002,13.912000000000001
wpi:40710,Cesenatico,Italy,44.207999999999998,12.407999999999999
wpi:39790,Porto Santo Stefano,Italy,42.439999999999998,11.122000000000000
wpi:7840,Tompkinsville SI,United States,40.633333000000000,-74.066666999999995
wpi:40350,Lampedusa,Italy,35.494000000000000,12.601000000000001
wpi:61810,Tsuruga Ko,Japan,35.649999999999999,136.066666999999995
wpi:7830,Stapleton SI,United States,40.633333000000000,-74.066666999999995
wpi:48257,Port Of Sohar,Oman,24.516667000000002,56.633333000000000
wpi:40243,Santa Panagia,Italy,37.069000000000003,15.297000000000001
wpi:61400,Yokosuka Ko,Japan,35.283332999999999,139.666666999999990
wpi:39780,Giglio Porto,Italy,42.362000000000002,10.920999999999999
wpi:40230,Pozzallo,Italy,36.716667000000001,14.850000000000000
wpi:40190,Sciacca,Italy,37.502000000000002,13.074999999999999
wpi:39930,Baia,Italy,40.817000000000000,14.074000000000000
wpi:40780,Nogaro,Italy,45.759000000000000,13.167000000000000
wpi:40730,Porto Garibaldi,Italy,44.677000000000000,12.252000000000001
wpi:40690,Pesaro,Italy,43.927999999999997,12.903000000000000
wpi:45140,Bur Sa'id,Egypt,31.266667000000002,32.299999999999997
wpi:47960,Nuwaybi',Egypt,28.966667000000001,34.649999999999999
wpi:47982,At Tur,Egypt,28.233332999999998,33.616667000000000
wpi:47987,Marsa az Zaytiyah,Egypt,27.850000000000001,33.600000000000001
wpi:48615,Vadinar Terminal,India,22.466666666999998,69.666666667000001
wpi:48613,Sikka,India,22.433333000000001,69.833332999999996
wpi:48680,Porbandar,India,21.633333000000000,69.599999999999994
wpi:49030,New Mangalore,India,12.916667000000000,74.816666999999995
wpi:49130,Kochi (Cochin),India,9.966666999999999,76.233333000000002
wpi:49320,Tuticorin,India,8.800000000000001,78.166667000000004
wpi:49010,Honavar,India,14.283333333000000,74.450000000000003
wpi:49287,Batticaloa Roads,Sri Lanka,7.766666667000000,81.683333332999993
wpi:48890,Port Dabhol,India,17.583333332999999,73.166666667000001
wpi:48895,Jaigarh Bay,India,17.300000000000001,73.216666666999998
wpi:48720,Jafarabad,India,20.866666667000001,71.383333332999996
wpi:49540,Dhamra,India,20.816666667000000,86.966666666999998
wpi:49479,Gangavaram,India,17.633333332999999,83.250000000000000
wpi:49470,Kakinada Bay,India,17.000000000000000,82.316666999999995
wpi:49370,Karaikal Port,India,10.833333000000000,79.866667000000007
wpi:49410,Cuddalore,India,11.716666999999999,79.766666999999998
wpi:48770,Magdalla,India,21.149999999999999,72.750000000000000
wpi:49290,Trincomalee Harbor,Sri Lanka,8.550000000000001,81.216667000000001
wpi:39155,Porto Cervo,Italy,41.137000000000000,9.539999999999999
wpi:39280,Alghero,Italy,40.567999999999998,8.307000000000000
wpi:39170,Golfo Aranci,Italy,40.993000000000002,9.624000000000001
wpi:39230,Sant'Antioco,Italy,39.066000000000003,8.460000000000001
wpi:39150,Liscia Di Vacca,Italy,41.140999999999998,9.510999999999999
wpi:39160,Cala Volpe,Italy,41.088000000000001,9.542000000000000
wpi:49560,Calcutta,India,22.550000000000001,88.333332999999996
wpi:48845,Jawaharlal Nehru Port (Nhava Shiva),India,18.949999999999999,72.950000000000003
wpi:48990,Karwar,India,14.816667000000001,74.116667000000007
wpi:49555,Haldia Port,India,22.016667000000002,88.083332999999996
wpi:48730,Pipavav Bandar,India,20.916667000000000,71.516666999999998
wpi:49430,Pondicherry,India,11.933332999999999,79.833332999999996
wpi:48760,Bhavnagar,India,21.766667000000002,72.233333000000002
wpi:49535,Paradip,India,20.266667000000002,86.683333000000005
wpi:49454,Kamarajar Port,India,13.261388888999999,80.342500000000001
wpi:49250,Galle Harbor,Sri Lanka,6.033055556000000,80.228333332999995
wpi:49500,Gopalpur,India,19.301944444000000,84.966666666999998
wpi:48840,Mumbai (Bombay),India,18.966667000000001,72.866667000000007
wpi:49110,Beypore,India,11.166667000000000,75.799999999999997
wpi:48900,Ratnagiri,India,16.983332999999998,73.283332999999999
wpi:49000,Belekeri,India,14.699999999999999,74.266666999999998
wpi:49350,Nagappattinam,India,10.766667000000000,79.849999999999994
wpi:48674,Dahej,India,21.699999999999999,72.533332999999999
wpi:48960,Panaji,India,15.500000000000000,73.816666999999995
wpi:49300,Kankesanturai,Sri Lanka,9.816667000000001,80.049999999999997
wpi:49550,Baleshwar,India,21.483333333000001,86.950000000000003
wpi:49160,Quilon (Kollam),India,8.871944444000000,76.583888888999994
wpi:49040,Azhikal (Azhikkal),India,11.945555556000000,75.309444443999993
wpi:49170,Trivandrum,India,8.483333000000000,76.950000000000003
wpi:49180,Kolachel,India,8.166667000000000,77.250000000000000
wpi:49100,Calicut (Kozhikode),India,11.250000000000000,75.766666999999998
wpi:9550,San Miguel De Cozumel,Mexico,20.500000000000000,-86.966667000000001
wpi:9425,Dos Bocas Terminal,Mexico,18.433333000000001,-93.216667000000001
wpi:11980,San Lorenzo,Venezuela,9.783333000000001,-71.066666999999995
wpi:11840,Paarden Baai - (Oranjestad),Aruba,12.516667000000000,-70.033332999999999
wpi:12230,El Guamache,Venezuela,10.900000000000000,-64.099999999999994
wpi:12185,Puerto La Cruz,Venezuela,10.250000000000000,-64.633332999999993
wpi:12200,Guanta,Venezuela,10.250000000000000,-64.583332999999996
wpi:12090,Puerto Cumarebo,Venezuela,11.483333000000000,-69.349999999999994
wpi:12220,Cumana (Puerto Sucre),Venezuela,10.466666999999999,-64.183333000000005
wpi:11940,Santa Marta,Colombia,11.250000000000000,-74.216667000000001
wpi:11910,Cartagena,Colombia,10.416667000000000,-75.533332999999999
wpi:11935,Pozos Colorados,Colombia,11.150000000000000,-74.250000000000000
wpi:11946,Puerto Bolivar,Colombia,12.250000000000000,-71.966667000000001
wpi:12180,Jose Terminal,Venezuela,10.100000000000000,-64.849999999999994
wpi:45025,Tarabulus,Lebanon,34.450000000000003,35.833333000000003
wpi:45003,Tartus,Syria,34.899999999999999,35.866667000000000
wpi:45030,Bayrut,Lebanon,33.899999999999999,35.500000000000000
wpi:45005,Baniyas,Syria,35.188333333000003,35.943333332999998
wpi:10978,Amber Cove,Dominican Republic,19.833333332999999,-70.766666666999996
wpi:10962,Manzanillo,Dominican Republic,19.716666666999998,-71.750000000000000
wpi:9930,Freeport,Bermuda,32.316666667000000,-64.833333332999999
wpi:10030,Providenciales,Turks and Caicos Islands,21.733333333000001,-72.283333333000002
wpi:10370,Santiago De Cuba,Cuba,20.016667000000002,-75.833332999999996
wpi:10320,Puerto Guantanamo,Cuba,19.983332999999998,-75.133332999999993
wpi:11010,Sanchez,Dominican Republic,19.233332999999998,-69.616667000000007
wpi:9960,Hamilton,Bermuda,32.299999999999997,-64.783332999999999
wpi:11000,Santa Barbara De Samana,Dominican Republic,19.199999999999999,-69.333332999999996
wpi:10280,Cayo Moa Grande,Cuba,20.666667000000000,-74.900000000000006
wpi:10585,Cayman Brac,Cayman Islands,19.750000000000000,-79.750000000000000
wpi:10120,Cardenas,Cuba,23.050000000000001,-81.200000000000003
wpi:10550,Nueva Gerona,Cuba,21.916667000000000,-82.799999999999997
wpi:11075,Cabo Rojo,Dominican Republic,17.916667000000000,-71.650000000000006
wpi:10130,Isabela De Sagua,Cuba,22.949999999999999,-80.000000000000000
wpi:10710,Port Antonio,Jamaica,18.183333000000001,-76.450000000000003
wpi:11380,Gustavia,Guadeloupe,17.899999999999999,-62.850000000000001
wpi:10110,Matanzas,Cuba,23.050000000000001,-81.549999999999997
wpi:10980,Puerto Plata,Dominican Republic,19.800000000000001,-70.700000000000003
wpi:10250,Felton,Cuba,20.733332999999998,-75.599999999999994
wpi:10930,Cap Haitien,Haiti,19.766667000000002,-72.200000000000003
wpi:9985,Freeport,The Bahamas,26.516667000000002,-78.783332999999999
wpi:11370,Philipsburg,Sint Maarten,18.016667000000002,-63.049999999999997
wpi:10580,Georgetown,Cayman Islands,19.300000000000001,-81.383332999999993
wpi:11350,Road Harbor,British Virgin Islands,18.416667000000000,-64.616667000000007
wpi:10460,Manzanillo,Cuba,20.350000000000001,-77.116667000000007
wpi:9987,South Riding Point,The Bahamas,26.616667000000000,-78.216667000000001
wpi:11630,Castries,Saint Lucia,14.016667000000000,-61.000000000000000
wpi:10540,Cienfuegos,Cuba,22.149999999999999,-80.450000000000003
wpi:10530,Casilda,Cuba,21.750000000000000,-79.983333000000002
wpi:11020,La Romana,Dominican Republic,18.416667000000000,-68.966667000000001
wpi:9990,Nassau,The Bahamas,25.083333000000000,-77.349999999999994
wpi:10470,Guayabal,Cuba,20.699999999999999,-77.616667000000007
wpi:48030,North Ain Sukhna Port,Egypt,29.649999999999999,32.366667000000000
wpi:10210,Banes,Cuba,20.916666667000001,-75.716666666999998
wpi:10140,Caibarien,Cuba,22.533333333000002,-79.466666666999998
wpi:10290,Baracoa,Cuba,20.350000000000001,-74.500000000000000
wpi:10240,Preston,Cuba,20.766666666999999,-75.650000000000006
wpi:10480,Santa Cruz del Sur,Cuba,20.699999999999999,-77.983333333000004
wpi:47946,Sawakin Harbor,Sudan,19.133333000000000,37.350000000000001
wpi:10505,Palo Alto,Cuba,21.583333332999999,-78.966666666999998
wpi:47900,Mitsiwa Harbor,Eritrea,15.616667000000000,39.466667000000001
wpi:47880,Assab,Eritrea,13.000000000000000,42.750000000000000
wpi:16260,Moss,United States,36.799999999999997,-121.783332999999999
wpi:48090,Al Aqabah,Jordan,29.516667000000002,35.000000000000000
wpi:48045,El-Adabiya,Egypt,29.866667000000000,32.466667000000001
wpi:48055,Ain Sukhna Terminal,Egypt,29.583333000000000,32.366667000000000
wpi:47940,Port Sudan,Sudan,19.600000000000001,37.233333000000002
wpi:54830,Dover,Australia,-43.316667000000002,147.033332999999999
wpi:48140,Jiddah,Saudi Arabia,21.483332999999998,39.183332999999998
wpi:48142,Jizan,Saudi Arabia,16.899999999999999,42.483333000000002
wpi:8680,St Petersburg,United States,27.766667000000002,-82.616667000000007
wpi:46180,Sea Eagle Terminal,Nigeria,4.800000000000000,5.316667000000000
wpi:46008,Espoir Marine Terminal,Cote D'Ivoire,5.050000000000000,-4.450000000000000
wpi:45970,Baobab Marine Terminal,Cote D'Ivoire,4.966667000000000,-4.550000000000000
wpi:45963,San Pedro,Cote D'Ivoire,4.737777778000000,-6.611111111000000
wpi:46070,Tema,Ghana,5.631944444000000,0.015555556000000
wpi:48165,Al Ahmadi,Yemen,14.833333000000000,42.966667000000001
wpi:48190,Aden,Yemen,12.783333000000001,44.950000000000003
wpi:45990,Port Bouet,Cote D'Ivoire,5.233333000000000,-3.966667000000000
wpi:46131,Tin Can Island,Nigeria,6.350000000000000,3.350000000000000
wpi:46000,Abidjan,Cote D'Ivoire,5.250000000000000,-4.016667000000000
wpi:46090,Lome,Togo,6.133333000000000,1.283333000000000
wpi:46095,Kpeme,Togo,6.200000000000000,1.516667000000000
wpi:46171,Ukpokiti Marine Terminal,Nigeria,5.733333333000000,4.833333333000000
wpi:46040,Takoradi,Ghana,4.883333000000000,-1.733333000000000
wpi:46200,Pennington Oil Terminal,Nigeria,4.250000000000000,5.616667000000000
wpi:46110,Cotonou,Benin,6.350000000000000,2.433333000000000
wpi:46190,Brass Oil Terminal,Nigeria,4.066667000000000,6.283333000000000
wpi:48214,Rudum Terminal,Yemen,13.983333000000000,47.916666999999997
wpi:48235,Duqm,Oman,19.673252583000000,57.716908916000001
wpi:47850,Djibouti,Djibouti,11.600000000000000,43.133333000000000
wpi:48210,Al Mukalla,Yemen,14.516667000000000,49.116667000000000
wpi:48230,Mina Raysut,Oman,16.951111110999999,54.029166666999998
wpi:48216,Balhaf,Yemen,13.966666999999999,48.183332999999998
wpi:48202,Ash Shihr Oil Terminal,Yemen,14.699999999999999,49.483333332999997
wpi:48198,Nishtun,Yemen,15.816667000000001,52.200000000000003
wpi:49640,Bassein,Burma,16.783333333000002,94.733333333000004
wpi:48259,Khawr Khasab,Oman,26.216667000000001,56.233333000000002
wpi:48520,Bandar Abbas,Iran,27.149999999999999,56.200000000000003
wpi:49650,Rangoon,Burma,16.766667000000002,96.166667000000004
wpi:49660,Moulmein Harbor,Burma,16.483332999999998,97.616667000000007
wpi:48590,Gwadar,Pakistan,25.133333000000000,62.299999999999997
wpi:2555,Port de Valleyfield,Canada,45.216666666999998,-74.099999999999994
wpi:9548,Punta Venado,Mexico,20.566666667000000,-87.133333332999996
wpi:9570,Puerto Costa Maya,Mexico,18.733333333000001,-87.683333332999993
wpi:9440,Frontera,Mexico,18.533332999999999,-92.650000000000006
wpi:9590,Belize City,Belize,17.500000000000000,-88.183333000000005
wpi:9395,Cayo Arcas Terminal,Mexico,20.166667000000000,-91.983333000000002
wpi:9490,Ciudad Del Carmen,Mexico,18.633333000000000,-91.866667000000007
wpi:9380,Veracruz,Mexico,19.199999999999999,-96.133332999999993
wpi:9690,Puerto Castilla,Honduras,16.000000000000000,-85.983333000000002
wpi:9410,Nanchital,Mexico,18.066666999999999,-94.416667000000004
wpi:9670,La Ceiba,Honduras,15.783333000000001,-86.799999999999997
wpi:9660,Tela,Honduras,15.783333000000001,-87.450000000000003
wpi:9405,Coatzacoalcos,Mexico,18.149999999999999,-94.416667000000004
wpi:49730,Victoria Point Harbor,Burma,9.983333332999999,98.549999999999997
wpi:9855,Punta Rincon,Panama,9.016666667000001,-80.700000000000003
wpi:9768,San Andres Island,Colombia,12.566666667000000,-81.700000000000003
wpi:9760,Puerto Cabezas,Nicaragua,14.016667000000000,-83.383332999999993
wpi:9769,El Bluff,Nicaragua,12.000000000000000,-83.700000000000003
wpi:9805,Puerto Moin,Costa Rica,10.000000000000000,-83.083332999999996
wpi:9598,Big Creek,Belize,16.516666666999999,-88.400000000000006
wpi:9810,Puerto Limon,Costa Rica,9.983333000000000,-83.016666999999998
wpi:9675,Coxen Hole,Honduras,16.316666999999999,-86.549999999999997
wpi:9770,Bluefields,Nicaragua,12.016667000000000,-83.750000000000000
wpi:48280,Hulaylah Oil Terminal,United Arab Emirates,25.983332999999998,55.933332999999998
wpi:51200,Panarukan,Indonesia,-7.700000000000000,113.933333000000005
wpi:51810,Benoa,Indonesia,0.983333000000000,117.966667000000001
wpi:52297,Parepare,Indonesia,-4.000000000000000,119.616667000000007
wpi:48264,Mina Saqr,United Arab Emirates,25.983332999999998,56.049999999999997
wpi:48480,Jazireh-Ye Lavan Oil Terminal,Iran,26.783332999999999,53.333333000000003
wpi:48272,Sharjah Offshore Terminal,United Arab Emirates,25.583333000000000,55.399999999999999
wpi:46230,Calabar,Nigeria,4.966667000000000,8.316667000000001
wpi:46178,Yoho Terminal,Nigeria,4.016667000000000,7.466667000000000
wpi:48273,Umm Al Qaywayn,United Arab Emirates,25.583333000000000,55.583333000000003
wpi:48269,Al Jazeera Port,United Arab Emirates,25.716667000000001,55.783332999999999
wpi:46292,Kome Kribi 1 Marine Terminal,Cameroon,2.916667000000000,9.800000000000001
wpi:48276,Mina Jabal Ali,United Arab Emirates,25.016667000000002,55.049999999999997
wpi:48271,Ash Shariqah,United Arab Emirates,25.366666667000001,55.383333333000003
wpi:48275,Dubayy,United Arab Emirates,25.266666666999999,55.299999999999997
wpi:46287,Ebome Marine Terminal,Cameroon,2.800000000000000,9.816667000000001
wpi:46295,Kribi Deep Sea Port,Cameroon,2.718531540000000,9.860530084000001
wpi:48270,Ajman,United Arab Emirates,25.416667000000000,55.433332999999998
wpi:46262,Limboh Terminal,Cameroon,3.983333000000000,9.150000000000000
wpi:48274,Al Hamriyah Lpg Terminal,United Arab Emirates,25.466667000000001,55.483333000000002
wpi:47855,Doraleh,Djibouti,11.602777778000000,43.088611110999999
wpi:46285,Kole Oil Terminal,Cameroon,4.250000000000000,8.550000000000001
wpi:46280,Douala,Cameroon,4.050000000000000,9.683332999999999
wpi:46225,Antan Oil Terminal,Nigeria,4.216667000000000,8.333333000000000
wpi:62140,Moji Ko,Japan,33.950000000000003,130.966667000000001
wpi:61640,Kure,Japan,34.233333000000002,132.550000000000011
wpi:62030,Matsuyama,Japan,33.850000000000001,132.699999999999989
wpi:62020,Yawatahama,Japan,33.450000000000003,132.416666999999990
wpi:45950,Buchanan,Liberia,5.866667000000000,-10.066667000000001
wpi:45952,Greenville,Liberia,4.983333000000000,-9.050000000000001
wpi:38160,Santa Cruz De Tenerife,Spain,28.466667000000001,-16.233332999999998
wpi:48630,Kandla,India,23.033332999999999,70.216667000000001
wpi:45862,Freetown,Sierra Leone,8.500000000000000,-13.233333000000000
wpi:45855,Conakry,Guinea,9.516667000000000,-13.716666999999999
wpi:45838,Bissau,Guinea-Bissau,11.866667000000000,-15.633333000000000
wpi:38130,Funchal,Portugal,32.633333000000000,-16.916667000000000
wpi:38170,Las Palmas,Spain,28.149999999999999,-15.416667000000000
wpi:45809,Laayoune,Western Sahara,27.083333000000000,-13.433332999999999
wpi:38190,Arrecife,Spain,28.949999999999999,-13.533333000000001
wpi:49620,Sittwe,Burma,20.133333000000000,92.900000000000006
wpi:48690,Veraval,India,20.899999999999999,70.366667000000007
wpi:48620,Mandvi,India,22.833333000000000,69.349999999999994
wpi:48790,Hazira,India,21.083333000000000,72.633332999999993
wpi:8240,Alexandria,United States,38.799999999999997,-77.033332999999999
wpi:7520,Essex,United States,41.350000000000001,-72.383332999999993
wpi:45297,As Sidr,Libya,30.633333000000000,18.366667000000000
wpi:45295,Al Burayqah,Libya,30.416667000000000,19.600000000000001
wpi:45290,Ez Zueitina,Libya,30.850000000000001,20.050000000000001
wpi:45010,Al Ladhiqiyah,Syria,35.533332999999999,35.766666999999998
wpi:42920,Limin Sirou,Greece,37.433332999999998,24.949999999999999
wpi:41940,Kalamata,Greece,37.016666999999998,22.116667000000000
wpi:46165,Burutu,Nigeria,5.350000000000000,5.500000000000000
wpi:46160,Forcados,Nigeria,5.366667000000000,5.433333000000000
wpi:7370,New Bedford,United States,41.633333000000000,-70.916667000000004
wpi:16630,Bodega Bay,United States,38.333333000000003,-123.049999999999997
wpi:5060,Gladstone,United States,45.850000000000001,-87.016666999999998
wpi:5050,Escanaba,United States,45.766666999999998,-87.049999999999997
wpi:5030,Menominee,United States,45.095277778000003,-87.589444443999994
wpi:5020,Marinette,United States,45.083333000000003,-87.599999999999994
wpi:5010,Oconto,United States,44.894444444000001,-87.829444444000004
wpi:4940,Green Bay,United States,44.516666999999998,-88.016666999999998
wpi:4920,Algoma,United States,44.600000000000001,-87.433333000000005
wpi:4910,Kewaunee,United States,44.466667000000001,-87.500000000000000
wpi:4640,Frankfort,United States,44.633333000000000,-86.250000000000000
wpi:4630,Leland,United States,45.016666999999998,-85.766666999999998
wpi:4590,Harbor Springs,United States,45.433332999999998,-84.983333000000002
wpi:4520,Mackinaw City,United States,45.783332999999999,-84.716667000000001
wpi:10150,Nuevitas Bay,Cuba,21.550000000000001,-77.266666999999998
wpi:10020,Grand Turk,Turks and Caicos Islands,21.433333000000001,-71.150000000000006
wpi:16470,Benicia,United States,38.049999999999997,-122.150000000000006
wpi:16170,Gaviota,United States,34.466667000000001,-120.200000000000003
wpi:16080,Los Angeles,United States,33.750000000000000,-118.250000000000000
wpi:16070,Long Beach,United States,33.766666999999998,-118.183333000000005
wpi:9170,Baytown,United States,29.733332999999998,-95.016666999999998
wpi:8580,Jacksonville,United States,30.316666999999999,-81.650000000000006
wpi:8560,Fernandina Beach,United States,30.683333000000001,-81.466667000000001
wpi:8550,Brunswick,United States,31.149999999999999,-81.500000000000000
wpi:8540,Darien,United States,31.366667000000000,-81.433333000000005
wpi:8430,Morehead City,United States,34.716667000000001,-76.700000000000003
wpi:2720,Gananoque,Canada,44.333333000000003,-76.166667000000004
wpi:2790,Alexandria Bay,United States,44.333333000000003,-75.916667000000004
wpi:16160,Ellwood,United States,34.433332999999998,-119.916667000000004
wpi:8420,Beaufort,United States,34.716667000000001,-76.666667000000004
wpi:10158,Manati,Cuba,21.366667000000000,-76.816666999999995
wpi:10025,Cockburn Harbor,Turks and Caicos Islands,21.500000000000000,-71.533332999999999
wpi:4610,Charlevoix,United States,45.316667000000002,-85.266666999999998
wpi:40300,Lipari,Italy,38.483333000000002,14.966666999999999
wpi:43030,Milos,Greece,36.716667000000001,24.449999999999999
wpi:43280,Lakki,Greece,37.133333000000000,26.850000000000001
wpi:58750,Baybay,Philippines,10.683332999999999,124.799999999999997
wpi:58795,Isabel,Philippines,10.916667000000000,124.433333000000005
wpi:4530,Mackinac Island,United States,45.850000000000001,-84.616667000000007
wpi:5070,Nahma,United States,45.833333000000003,-86.666667000000004
wpi:5100,Manistique,United States,45.950000000000003,-86.250000000000000
wpi:45175,El Hamra Oil Terminal,Egypt,30.983332999999998,28.866667000000000
wpi:2700,Brockville,Canada,44.583333000000003,-75.666667000000004
wpi:16480,Martinez,United States,38.033332999999999,-122.133332999999993
wpi:44825,Alanya,Turkey,36.533332999999999,32.000000000000000
wpi:45790,Mohammedia,Morocco,33.716667000000001,-7.400000000000000
wpi:48121,King Fahd Port,Saudi Arabia,23.949999999999999,38.216667000000001
wpi:51780,Lingkas,Indonesia,3.283333000000000,117.599999999999994
wpi:61664,Namikata,Japan,34.116667000000000,132.900000000000006
wpi:45955,Cape Palmas,Liberia,4.366667000000000,-7.716667000000000
wpi:58740,Maasin,Philippines,10.133333000000000,124.833332999999996
wpi:62060,Kikuma Ko,Japan,34.033332999999999,132.833333000000010
wpi:62070,Imabari Ko,Japan,34.066667000000002,133.016667000000012
wpi:8180,Cape Charles,United States,37.266666999999998,-76.016666999999998
wpi:8480,Southport,United States,33.916666999999997,-78.016666999999998
wpi:46150,Sapele,Nigeria,5.900000000000000,5.683333000000000
wpi:4540,St Ignace,United States,45.850000000000001,-84.716667000000001
wpi:45040,Sayda,Lebanon,33.500000000000000,35.350000000000001
wpi:4580,St. James Harbor,United States,45.733333000000002,-85.516666999999998
wpi:41950,Yithion,Greece,36.750000000000000,22.566666999999999
wpi:9080,Port Arthur,United States,29.833333000000000,-93.966667000000001
wpi:39720,Portoferraio,Italy,42.816667000000002,10.333333000000000
wpi:16450,Port Costa,United States,38.049999999999997,-122.183333000000005
wpi:4620,Traverse City,United States,44.766666999999998,-85.616667000000007
wpi:45036,Sidon/zahrani Terminal,Lebanon,33.533332999999999,35.316667000000002
wpi:5110,Port Inland,United States,45.966667000000001,-85.866667000000007
wpi:3170,Oswego,United States,43.466667000000001,-76.516666999999998
wpi:47050,Zanzibar,Tanzania,-6.166667000000000,39.183332999999998
wpi:46170,Warri,Nigeria,5.516667000000000,5.733333000000000
wpi:9060,Sabine Pass,United States,29.733332999999998,-93.900000000000006
wpi:16290,Princetown,United States,37.500000000000000,-122.483333000000002
wpi:8610,Palm Beach,United States,26.766667000000002,-80.049999999999997
wpi:4600,Petoskey,United States,45.366667000000000,-84.966667000000001
wpi:16320,Redwood City,United States,37.533332999999999,-122.200000000000003
wpi:8470,Wilmington,United States,34.233333000000002,-77.950000000000003
wpi:2710,Rockport,Canada,44.383333000000000,-75.933333000000005
wpi:8590,St Augustine,United States,29.899999999999999,-81.316666999999995
wpi:9050,Sabine,United States,29.716667000000001,-93.866667000000007
wpi:45296,Ras   Lanuf,Libya,30.516667000000002,18.566666999999999
wpi:8830,Port Sulphur,United States,29.483332999999998,-89.683333000000005
wpi:44850,Tasucu,Turkey,36.316667000000002,33.883333000000000
wpi:8460,Wrightsville,United States,34.216667000000001,-77.816666999999995
wpi:4930,Sturgeon Bay,United States,44.833333000000003,-87.383332999999993
wpi:8440,Swansboro,United States,34.683332999999998,-77.133332999999993
wpi:61967,Shingu,Japan,33.666666999999997,135.983332999999988
wpi:61515,Owase Ko,Japan,34.066667000000002,136.216667000000001
wpi:8245,Piney Point,United States,38.133333000000000,-76.533332999999999
wpi:8227,Solomons Island,United States,38.316667000000002,-76.450000000000003
wpi:58590,Port Romblon,Philippines,12.583333000000000,122.266666999999998
wpi:52270,Raha Roadstead,Indonesia,-4.850000000000000,122.733333000000002
wpi:48120,Yanbu,Saudi Arabia,24.083333000000000,38.049999999999997
wpi:48348,Ras Al Mishab,Saudi Arabia,28.116667000000000,48.633333000000000
wpi:8230,Washington D.C.,United States,38.866667000000000,-77.033332999999999
wpi:48152,Salif,Yemen,15.300000000000001,42.666666999999997
wpi:8190,Salisbury,United States,38.366667000000000,-75.599999999999994
wpi:40360,Pantelleria,Italy,36.838000000000001,11.942000000000000
wpi:62497,Nishihara,Japan,26.216667000000001,127.799999999999997
wpi:45027,Selaata,Lebanon,34.283333333000002,35.655000000000001
wpi:48268,Mubarraz Oil Terminal,United Arab Emirates,24.433333000000001,53.516666999999998
wpi:48290,Doha,Qatar,25.283332999999999,51.533332999999999
wpi:48266,Zirkuh,United Arab Emirates,25.016667000000002,53.000000000000000
wpi:48265,Fateh Oil Terminal,United Arab Emirates,25.583333000000000,54.416666999999997
wpi:48298,Al Shaheen Terminal,Qatar,26.583333000000000,52.000000000000000
wpi:48282,Jabal Az Zannah/ruways,United Arab Emirates,24.199999999999999,52.700000000000003
wpi:48295,Jazirat Halul,Qatar,25.683333000000001,52.416666999999997
wpi:48279,Umm An Nar,United Arab Emirates,24.449999999999999,54.483333000000002
wpi:48287,Umm Said,Qatar,24.916667000000000,51.566667000000002
wpi:48297,Ras Laffan,Qatar,25.916667000000000,51.583333000000003
wpi:48278,Abu Zaby,United Arab Emirates,24.500000000000000,54.333333000000003
wpi:48277,Jazirat Das,United Arab Emirates,25.149999999999999,52.866667000000000
wpi:51680,Victoria,Malaysia,5.283333000000000,115.233333000000002
wpi:59270,Puerto Princesa,Philippines,9.733333000000000,118.733333000000002
wpi:59500,Polloc (Cotabato),Philippines,7.350000000000000,124.216667000000001
wpi:49960,Port Dickson,Malaysia,2.533333000000000,101.783332999999999
wpi:46454,M'bya Oil Terminal,Gabon,-3.883333000000000,10.933332999999999
wpi:46451,Etame Terminal,Gabon,-3.750000000000000,10.516667000000000
wpi:46330,Luba,Equatorial Guinea,3.500000000000000,8.566667000000001
wpi:55300,Picton,New Zealand,-41.283332999999999,174.016667000000012
wpi:50450,Teluk Bayur,Indonesia,-1.000000000000000,100.366667000000007
wpi:55150,Wellington,New Zealand,-41.283332999999999,174.783332999999999
wpi:55270,Collingwood,New Zealand,-40.683332999999998,172.666666999999990
wpi:46335,Ceiba Terminal,Equatorial Guinea,1.416667000000000,9.233333000000000
wpi:46690,Jamestown,"Saint Helena, Ascension, and Tristan da Cunha",-15.916667000000000,-5.716667000000000
wpi:46580,Sumbe,Angola,-11.199999999999999,13.833333000000000
wpi:46440,Port Gentil,Gabon,-0.700000000000000,8.800000000000001
wpi:46485,Takula Terminal,Angola,-5.216667000000000,11.783333000000001
wpi:46670,Georgetown,"Saint Helena, Ascension, and Tristan da Cunha",-7.933333000000000,-14.416667000000000
wpi:46560,Luanda,Angola,-8.800000000000001,13.250000000000000
wpi:46487,Malongo Oil Terminal,Angola,-5.433333000000000,12.083333000000000
wpi:46650,Luderitz Bay,Namibia,-26.649999999999999,15.150000000000000
wpi:12740,Porto De Suape,Brazil,-8.400000000000000,-34.966667000000001
wpi:55275,Tarakohe,New Zealand,-40.850000000000001,172.900000000000006
wpi:12380,Linden,Guyana,6.000000000000000,-58.299999999999997
wpi:46340,Cogo,Equatorial Guinea,1.083333000000000,9.699999999999999
wpi:46610,Namibe,Angola,-15.199999999999999,12.150000000000000
wpi:46545,Soyo Angola Lng Terminal,Angola,-6.116667000000000,12.333333000000000
wpi:46770,Cape Town,South Africa,-33.916666999999997,18.416667000000000
wpi:12650,Porto De Mucuripe,Brazil,-3.716667000000000,-38.483333000000002
wpi:46446,Oguendjo Terminal,Gabon,-1.466667000000000,8.916667000000000
wpi:46435,Port Owendo,Gabon,0.283333000000000,9.500000000000000
wpi:46510,Banana,Congo (Kinshasa),-5.983333000000000,12.383333000000000
wpi:12410,Paramaribo,Suriname,5.833333000000000,-55.166666999999997
wpi:46430,Libreville,Gabon,0.383333000000000,9.449999999999999
wpi:12630,Camocim,Brazil,-2.900000000000000,-40.833333000000003
wpi:39210,Cagliari,Italy,39.189999999999998,9.102000000000000
wpi:55290,Nelson,New Zealand,-41.266666999999998,173.266667000000012
wpi:46550,Porto Do Ambriz,Angola,-7.833333000000000,13.100000000000000
wpi:12405,Nieuw Nickerie,Suriname,5.950000000000000,-57.000000000000000
wpi:46590,Lobito,Angola,-12.333333000000000,13.566667000000001
wpi:46452,Olowi Marine Terminal,Gabon,-3.133333000000000,10.216666999999999
wpi:12390,New Amsterdam,Guyana,6.250000000000000,-57.516666999999998
wpi:46488,Kuito Oil Field,Angola,-5.466667000000000,11.500000000000000
wpi:46305,Bata,Equatorial Guinea,1.866667000000000,9.766667000000000
wpi:46490,Cabinda,Angola,-5.533333000000000,12.199999999999999
wpi:46453,Gamba Oil Terminal,Gabon,-2.833333000000000,10.000000000000000
wpi:46472,Djeno Terminal,Congo (Brazzaville),-4.933333000000000,11.900000000000000
wpi:46460,Yombo Terminal,Congo (Brazzaville),-4.450000000000000,11.100000000000000
wpi:46750,Saldanha Bay,South Africa,-33.033332999999999,17.966667000000001
wpi:46445,Cap Lopez,Gabon,-0.633333000000000,8.716666999999999
wpi:46306,Punta Europa Terminal,Equatorial Guinea,3.783333000000000,8.716666999999999
wpi:46640,Walvis Bay,Namibia,-22.949999999999999,14.500000000000000
wpi:46473,N'kossa Terminal,Congo (Brazzaville),-5.266667000000000,11.566667000000001
wpi:46380,Sao Tome,Sao Tome and Principe,0.350000000000000,6.733333000000000
wpi:46320,Malabo,Equatorial Guinea,3.750000000000000,8.783333000000001
wpi:46543,Kizomba C Terminal,Angola,-6.316667000000000,11.283333000000001
wpi:12415,Paranam,Suriname,5.616667000000000,-55.100000000000001
wpi:46495,Futila Terminal,Angola,-5.450000000000000,12.183332999999999
wpi:12661,Guamare Oil Terminal,Brazil,-4.866667000000000,-36.283332999999999
wpi:46547,Palanca Terminal,Angola,-6.950000000000000,12.400000000000000
wpi:12730,Recife,Brazil,-8.050000000000001,-34.866667000000000
wpi:46470,Pointe Noire,Congo (Brazzaville),-4.783333000000000,11.833333000000000
wpi:46570,Porto Amboim,Angola,-10.733333000000000,13.750000000000000
wpi:57700,Hon Gai,Vietnam,20.949999999999999,107.066666999999995
wpi:59930,Haimen,China,28.683333000000001,121.450000000000003
wpi:59960,Zhoushan,China,30.000000000000000,122.099999999999994
wpi:14470,Puerto San Antonio,Chile,-33.583333000000003,-71.616667000000007
wpi:60810,De Kastri,Russia,51.466667000000001,140.783332999999999
wpi:36280,Lezardrieux,France,48.790299726999997,-3.098863445000000
wpi:60500,Ch'ongjin,North Korea,41.766666999999998,129.816666999999995
wpi:59385,Mangagoy,Philippines,8.233333000000000,126.316666999999995
wpi:56280,Honolulu,United States,21.300000000000001,-157.866667000000007
wpi:56272,Barber's Point,United States,21.316666999999999,-158.116667000000007
wpi:56260,Kaunakakai,United States,21.083333000000000,-157.033332999999999
wpi:56200,Lahaina,United States,20.866667000000000,-156.666666999999990
wpi:56180,Kahului,United States,20.899999999999999,-156.466667000000001
wpi:56150,Kiholo,United States,19.866667000000000,-155.949999999999989
wpi:56120,Kauhako Bay,United States,19.383333000000000,-155.900000000000006
wpi:56110,Milolii,United States,19.183333000000001,-155.900000000000006
wpi:56100,Honuapo,United States,19.083333000000000,-155.550000000000011
wpi:30680,Husum,Germany,54.483333000000002,9.050000000000001
wpi:56090,Hilo,United States,19.733332999999998,-155.066666999999995
wpi:56070,Honokaa,United States,20.100000000000001,-155.466667000000001
wpi:55440,Greymouth,New Zealand,-42.433332999999998,171.216667000000001
wpi:55210,New Plymouth,New Zealand,-39.066667000000002,174.033332999999999
wpi:52235,Mangkasa Oil Terminal,Indonesia,-2.733333000000000,121.066666999999995
wpi:52065,Bitung,Indonesia,1.433333000000000,125.183333000000005
wpi:47980,Safaja,Egypt,26.733332999999998,33.950000000000003
wpi:47970,Al Qusayr,Egypt,26.100000000000001,34.283332999999999
wpi:17080,Hoquiam,United States,46.966667000000001,-123.900000000000006
wpi:57245,Forari Bay,Vanuatu,-17.683333000000001,168.550000000000011
wpi:57120,Honiara,Solomon Islands,-9.416667000000000,159.949999999999989
wpi:56970,Gizo Harbor,Solomon Islands,-8.100000000000000,156.849999999999994
wpi:56820,Kokopo,Papua New Guinea,-4.333333000000000,152.266667000000012
wpi:56710,Longan Island,Papua New Guinea,-1.216667000000000,144.300000000000011
wpi:56660,Malakal Harbor,Palau,7.333333000000000,134.449999999999989
wpi:56630,Colonia,Federated States of Micronesia,9.516667000000000,138.133332999999993
wpi:56600,Moen,Federated States of Micronesia,7.433333000000000,151.833333000000010
wpi:56570,Lele Harbor,Federated States of Micronesia,5.333333000000000,163.033332999999999
wpi:56325,Johnston Atoll,Johnson Atoll,16.750000000000000,-169.516667000000012
wpi:46530,Matadi,Congo (Kinshasa),-5.816667000000000,13.449999999999999
wpi:46520,Boma,Congo (Kinshasa),-5.850000000000000,13.050000000000001
wpi:45320,Misratah,Libya,32.366667000000000,15.216666999999999
wpi:44610,Derince Burnu,Turkey,40.750000000000000,29.816666999999999
wpi:44540,Haydarpasa,Turkey,41.000000000000000,29.016667000000002
wpi:44410,Giresun,Turkey,40.933332999999998,38.399999999999999
wpi:50910,Flying Fish Cove,Christmas Island,-10.416667000000000,105.700000000000003
wpi:44200,Novorossiysk,Russia,44.716667000000001,37.783332999999999
wpi:44080,Azov,Russia,47.100000000000001,39.433332999999998
wpi:44010,Mariupol,Ukraine,47.083333000000003,37.566667000000002
wpi:44000,Berdyansk,Ukraine,46.750000000000000,36.783332999999999
wpi:43900,Kerch,Ukraine,45.350000000000001,36.483333000000002
wpi:43850,Feodosiya,Ukraine,45.016666999999998,35.433332999999998
wpi:43680,Kherson,Ukraine,46.616667000000000,32.600000000000001
wpi:43650,Odesa,Ukraine,46.483333000000002,30.733332999999998
wpi:43645,Illichivsk,Ukraine,46.299999999999997,30.649999999999999
wpi:43560,Constanta,Romania,44.166666999999997,28.649999999999999
wpi:43550,Mangalia,Romania,43.816667000000002,28.583333000000000
wpi:43420,Istanbul,Turkey,41.016666999999998,28.966667000000001
wpi:43600,Galati,Romania,45.416666999999997,28.083333000000000
wpi:43590,Braila,Romania,45.250000000000000,27.983332999999998
wpi:33090,Mallaig,United Kingdom,57.000000000000000,-5.816667000000000
wpi:32955,Lochmaddy,United Kingdom,57.600000000000001,-7.166667000000000
wpi:32750,Klaksvik,Faroe Islands,62.233333000000002,-6.583333000000000
wpi:32600,Lerwick,United Kingdom,60.167000000000002,-1.150000000000000
wpi:32320,Burghead,United Kingdom,57.700000000000003,-3.500000000000000
wpi:32290,Buckie Harbor,United Kingdom,57.683332999999998,-2.966667000000000
wpi:32240,Fraserburgh Harbor,United Kingdom,57.683332999999998,-2.000000000000000
wpi:32220,Aberdeen,United Kingdom,57.149999999999999,-2.083333000000000
wpi:32200,Montrose,United Kingdom,56.700000000000003,-2.466667000000000
wpi:32170,Dundee,United Kingdom,56.466667000000001,-2.950000000000000
wpi:32010,Grangemouth,United Kingdom,56.016666999999998,-3.716667000000000
wpi:31930,Leith,United Kingdom,55.983333000000002,-3.183333000000000
wpi:31860,Berwick-Upon-Tweed,United Kingdom,55.766666999999998,-2.000000000000000
wpi:31820,Blyth,United Kingdom,55.116667000000000,-1.500000000000000
wpi:31680,Bridlington,United Kingdom,54.083333000000003,-0.183333000000000
wpi:31670,Goole,United Kingdom,53.700000000000003,-0.833333000000000
wpi:31660,Kingston Upon Hull,United Kingdom,53.750000000000000,-0.283333000000000
wpi:31650,Immingham,United Kingdom,53.633333000000000,-0.200000000000000
wpi:31640,Grimsby,United Kingdom,53.583333000000003,-0.066666999999900
wpi:31610,King's Lynn,United Kingdom,52.750000000000000,0.400000000000000
wpi:31580,Great Yarmouth,United Kingdom,52.616667000000000,1.733333000000000
wpi:31570,Lowestoft,United Kingdom,52.483333000000002,1.750000000000000
wpi:31560,Felixstowe,United Kingdom,51.950000000000003,1.316667000000000
wpi:31550,Ipswich,United Kingdom,52.049999999999997,1.166667000000000
wpi:31530,Harwich,United Kingdom,51.950000000000003,1.283333000000000
wpi:31420,Gravesend,United Kingdom,51.450000000000003,0.366667000000000
wpi:31310,Oostende,Belgium,51.233333000000002,2.916667000000000
wpi:31290,Bruges,Belgium,51.233333000000002,3.216667000000000
wpi:31270,Ghent,Belgium,51.066667000000002,3.733333000000000
wpi:31260,Bruxelles,Belgium,50.866667000000000,4.350000000000000
wpi:31250,Antwerpen,Belgium,51.216667000000001,4.400000000000000
wpi:31150,Dordrecht,Netherlands,51.816667000000002,4.650000000000000
wpi:31060,Amsterdam,Netherlands,52.366667000000000,4.900000000000000
wpi:31040,Ijmuiden,Netherlands,52.466667000000001,4.583333000000000
wpi:31010,Harlingen,Netherlands,53.183332999999998,5.416667000000000
wpi:30990,Delfzijl,Netherlands,53.333333000000003,6.933333000000000
wpi:30950,Emden,Germany,53.333333000000003,7.183333000000000
wpi:30900,Bremen,Germany,53.133333000000000,8.766667000000000
wpi:30840,Nordenham,Germany,53.483333000000002,8.483333000000000
wpi:30810,Bremerhaven,Germany,53.533332999999999,8.583333000000000
wpi:30800,Cuxhaven,Germany,53.866667000000000,8.716666999999999
wpi:30780,Hamburg,Germany,53.549999999999997,9.933332999999999
wpi:30725,Itzehoe,Germany,53.916666999999997,9.516667000000000
wpi:30260,Arhus,Denmark,56.149999999999999,10.216666999999999
wpi:29880,Odense,Denmark,55.416666999999997,10.383333000000000
wpi:29670,Bandholm,Denmark,54.833333000000003,11.500000000000000
wpi:29350,Helsingor,Denmark,56.033332999999999,12.616667000000000
wpi:29005,Flensburg,Germany,54.799999999999997,9.433332999999999
wpi:27220,Lulea,Sweden,65.583332999999996,22.166667000000000
wpi:25590,Gavle,Sweden,60.683332999999998,17.166667000000000
wpi:25330,Nynashamn,Sweden,58.899999999999999,17.966667000000001
wpi:25290,Nykoping,Sweden,58.750000000000000,17.016667000000002
wpi:24570,Kalmar,Sweden,56.666666999999997,16.366667000000000
wpi:24460,Karlskrona,Sweden,56.166666999999997,15.600000000000000
wpi:24220,Limhamn,Sweden,55.591111110999996,12.918333333000000
wpi:24210,Malmo,Sweden,55.623333332999998,12.984722222000000
wpi:24180,Landskrona,Sweden,55.859722222000002,12.826666667000000
wpi:24040,Falkenberg,Sweden,56.881666666999998,12.466111111000000
wpi:24020,Goteborg,Sweden,57.709722222000003,11.954722221999999
wpi:23840,Fredrikstad,Norway,59.179166666999997,10.952777778000000
wpi:23830,Moss,Norway,59.440555556000000,10.655277778000000
wpi:7380,Newport,United States,41.500000000000000,-71.333332999999996
wpi:7340,Edgartown,United States,41.383333000000000,-70.500000000000000
wpi:7320,Falmouth,United States,41.549999999999997,-70.616667000000007
wpi:37190,Bordeaux,France,44.866667000000000,-0.566667000000000
wpi:35810,Dieppe,France,49.933332999999998,1.083333000000000
wpi:35750,Calais,France,50.966667000000001,1.850000000000000
wpi:35740,Gravelines,France,51.000000000000000,2.116667000000000
wpi:35732,Dunkerque Port Ouest,France,51.066667000000002,2.350000000000000
wpi:35730,Dunkerque Port Est,France,51.049999999999997,2.383333000000000
wpi:35710,Dover Harbor,United Kingdom,51.116667000000000,1.333333000000000
wpi:35650,Newhaven Harbour,United Kingdom,50.783332999999999,0.050000000000100
wpi:35610,Littlehampton Harbour,United Kingdom,50.783332999999999,-0.533333000000000
wpi:35550,Cowes Harbour,United Kingdom,50.766666999999998,-1.300000000000000
wpi:35400,Brixham Harbour,United Kingdom,50.399999999999999,-3.516667000000000
wpi:35390,Dartmouth Harbour,United Kingdom,50.350000000000001,-3.616667000000000
wpi:35340,Fowey Harbour,United Kingdom,50.333333000000003,-4.633333000000000
wpi:35290,Falmouth Harbour,United Kingdom,50.149999999999999,-5.066667000000000
wpi:35200,Hayle,United Kingdom,50.183332999999998,-5.416667000000000
wpi:35150,Bideford,United Kingdom,51.033332999999999,-4.200000000000000
wpi:35070,Bristol,United Kingdom,51.466667000000001,-2.633333000000000
wpi:35060,Avonmouth,United Kingdom,51.500000000000000,-2.716667000000000
wpi:35010,Cardiff,United Kingdom,51.450000000000003,-3.166667000000000
wpi:34990,Barry,United Kingdom,51.399999999999999,-3.266667000000000
wpi:34880,Milford Haven,United Kingdom,51.716667000000001,-5.033333000000000
wpi:34700,Manchester,United Kingdom,53.483333000000002,-2.266667000000000
wpi:34690,Liverpool,United Kingdom,53.416666999999997,-3.000000000000000
wpi:34660,Fleetwood,United Kingdom,53.916666999999997,-3.016667000000000
wpi:34630,Barrow In Furness,United Kingdom,54.116667000000000,-3.233333000000000
wpi:34160,Fenit,Ireland,52.266666999999998,-9.866667000000000
wpi:34060,Galway,Ireland,53.266666999999998,-9.050000000000001
wpi:33930,Killybegs,Ireland,54.633333000000000,-8.449999999999999
wpi:33830,Londonderry,United Kingdom,55.000000000000000,-7.316667000000000
wpi:33690,Ardglass,United Kingdom,54.266666999999998,-5.616667000000000
wpi:33610,Douglas,Isle of Man,54.149999999999999,-4.466667000000000
wpi:33560,Ayr,United Kingdom,55.466667000000001,-4.633333000000000
wpi:33520,Millport,United Kingdom,55.750000000000000,-4.916667000000000
wpi:33490,Glasgow,United Kingdom,55.866667000000000,-4.283333000000000
wpi:33340,Ardrishaig,United Kingdom,56.016666999999998,-5.450000000000000
wpi:33300,Campbeltown,United Kingdom,55.433332999999998,-5.600000000000000
wpi:6900,Bangor,United States,44.799999999999997,-68.766666999999998
wpi:6640,Jonesport,United States,44.533332999999999,-67.616667000000007
wpi:6610,Lubec,United States,44.866667000000000,-66.983333000000002
wpi:6410,Liverpool (Brooklyn),Canada,44.033332999999999,-64.650000000000006
wpi:6340,Halifax,Canada,44.649999999999999,-63.583333000000003
wpi:5980,Little Bras D Or,Canada,46.250000000000000,-60.299999999999997
wpi:23750,Horten,Norway,59.416666999999997,10.500000000000000
wpi:23660,Brevik,Norway,59.066667000000002,9.699999999999999
wpi:19820,Kodiak,United States,57.783332999999999,-152.400000000000006
wpi:19800,Anchorage,United States,61.216667000000001,-149.900000000000006
wpi:19795,Nikiski,United States,60.683332999999998,-151.400000000000006
wpi:19781,Homer,United States,59.600000000000001,-151.416666999999990
wpi:19640,Cordova,United States,60.549999999999997,-145.766667000000012
wpi:19160,Knudson Cove,United States,55.466667000000001,-131.800000000000011
wpi:18923,Kemano Bay,Canada,53.483333000000002,-128.133332999999993
wpi:18835,Coal Harbor,Canada,50.600000000000001,-127.583332999999996
wpi:18460,Comox Harbor,Canada,49.666666999999997,-124.916667000000004
wpi:18110,Fraser Mills,Canada,49.224147221999999,-122.855966667000004
wpi:18100,New Westminster,Canada,49.200000000000003,-122.916667000000004
wpi:17920,Friday Harbor,United States,48.533332999999999,-123.016666999999998
wpi:17790,Everett,United States,48.000000000000000,-122.216667000000001
wpi:17780,Mukilteo,United States,47.950000000000003,-122.299999999999997
wpi:17760,Edwards Point,United States,47.799999999999997,-122.400000000000006
wpi:28930,Kiel,Germany,54.316667000000002,10.133333000000000
wpi:28880,Lubeck-Travemunde,Germany,53.966667000000001,10.883333000000000
wpi:28720,Nowy Port,Poland,54.416666999999997,18.666667000000000
wpi:28710,Gdansk,Poland,54.350000000000001,18.666667000000000
wpi:28690,Kaliningrad,Russia,54.700000000000003,20.483332999999998
wpi:28240,Hamina,Finland,60.566667000000002,27.199999999999999
wpi:27750,Mantyluoto,Finland,61.600000000000001,21.483333333000001
wpi:27580,Nykarleby,Finland,63.516666999999998,22.533332999999999
wpi:17660,Olympia,United States,47.049999999999997,-122.900000000000006
wpi:17430,Bremerton,United States,47.566667000000002,-122.650000000000006
wpi:17100,Neah Bay,United States,48.366667000000000,-124.616667000000007
wpi:17090,La Push,United States,47.899999999999999,-124.633332999999993
wpi:17060,Aberdeen,United States,46.983333000000002,-123.816666999999995
wpi:17000,Nahcotta,United States,46.500000000000000,-124.033332999999999
wpi:16900,Longview,United States,46.133333000000000,-122.933333000000005
wpi:16850,Astoria,United States,46.200000000000003,-123.833332999999996
wpi:16820,Newport,United States,44.633333000000000,-124.049999999999997
wpi:16720,Bandon,United States,43.116667000000000,-124.416667000000004
wpi:16700,Crescent City,United States,41.750000000000000,-124.200000000000003
wpi:16670,Eureka,United States,40.799999999999997,-124.183333000000005
wpi:16660,Fields Landing,United States,40.716667000000001,-124.216667000000001
wpi:14660,Antofagasta,Chile,-23.649999999999999,-70.416667000000004
wpi:14570,Coquimbo,Chile,-29.949999999999999,-71.333332999999996
wpi:13780,Mar Del Plata,Argentina,-38.033332999999999,-57.533332999999999
wpi:13770,La Plata,Argentina,-34.833333000000003,-57.883333000000000
wpi:13760,Buenos Aires,Argentina,-34.600000000000001,-58.366667000000000
wpi:13150,Nueva Palmira,Uruguay,-33.883333000000000,-58.416666999999997
wpi:13040,Imbituba,Brazil,-28.233332999999998,-48.666666999999997
wpi:21610,Harstad,Norway,68.799999999999997,16.550000000000001
wpi:5750,Charlottetown,Canada,46.233333000000002,-63.133333000000000
wpi:5740,Georgetown,Canada,46.183332999999998,-62.533332999999999
wpi:5480,Grand Marais,United States,47.750000000000000,-90.333332999999996
wpi:5460,Duluth,United States,46.766666999999998,-92.099999999999994
wpi:5410,Bayfield,United States,46.799999999999997,-90.816666999999995
wpi:5390,Ashland,United States,46.600000000000001,-90.866667000000007
wpi:5280,Marquette,United States,46.533332999999999,-87.383332999999993
wpi:5260,Grand Marais,United States,46.683332999999998,-85.966667000000001
wpi:5160,Michipicoten,Canada,47.966667000000001,-84.900000000000006
wpi:4960,Kaukauna,United States,44.283332999999999,-88.266666999999998
wpi:4950,Depere,United States,44.450000000000003,-88.066666999999995
wpi:4890,Manitowoc,United States,44.092222221999997,-87.648333332999997
wpi:4860,Milwaukee,United States,43.033332999999999,-87.883332999999993
wpi:4840,Kenosha,United States,42.583333000000003,-87.816666999999995
wpi:4800,Chicago,United States,41.883333000000000,-87.599999999999994
wpi:4790,Calumet Harbor,United States,41.733333000000002,-87.516666999999998
wpi:4780,Indiana Harbor,United States,41.666666999999997,-87.433333000000005
wpi:4760,Gary,United States,41.616667000000000,-87.333332999999996
wpi:4750,Michigan City,United States,41.733333000000002,-86.900000000000006
wpi:4710,Holland,United States,42.783332999999999,-86.133332999999993
wpi:4700,Grand Haven,United States,43.066667000000002,-86.233333000000002
wpi:4690,Muskegon,United States,43.233333000000002,-86.266666999999998
wpi:4670,Ludington,United States,43.950000000000003,-86.450000000000003
wpi:4650,Manistee,United States,44.250000000000000,-86.316666999999995
wpi:4510,Cheboygan,United States,45.649999999999999,-84.466667000000001
wpi:20940,Bredvik,Norway,70.583332999999996,22.133333000000000
wpi:20650,Kirkenes,Norway,69.729722222000007,30.068888889000000
wpi:20480,Barrow,United States,71.283332999999999,-156.783332999999999
wpi:20430,Deering,United States,66.083332999999996,-162.733332999999988
wpi:20400,Nome,United States,64.500000000000000,-165.416666999999990
wpi:20290,Clarks Point,United States,58.850000000000001,-158.550000000000011
wpi:20150,Constantine Harbor,United States,51.399999999999999,179.300000000000011
wpi:20140,Adak Naval Air Station,United States,51.866667000000000,-176.633332999999993
wpi:20120,Dutch Harbor,United States,53.899999999999999,-166.533332999999999
wpi:20080,King Cove,United States,55.049999999999997,-162.316666999999995
wpi:20050,Baralof Bay,United States,55.233333000000002,-160.533332999999999
wpi:19910,Larsen Bay,United States,57.533332999999999,-153.983332999999988
wpi:19880,Lazy Bay,United States,56.899999999999999,-154.250000000000000
wpi:12690,Natal,Brazil,-5.783333000000000,-35.200000000000003
wpi:12500,Cameta,Brazil,-2.250000000000000,-49.500000000000000
wpi:12490,Belem,Brazil,-1.450000000000000,-48.500000000000000
wpi:23550,Kristiansand,Norway,58.138888889000000,8.012777778000000
wpi:23530,Mandal,Norway,58.016666999999998,7.466667000000000
wpi:23490,Egersund,Norway,58.438611111000000,5.986388889000000
wpi:23440,Haugesund,Norway,59.412222221999997,5.253611111000000
wpi:23355,Husnes,Norway,59.877499999999998,5.762222222000000
wpi:23160,Bergen,Norway,60.402777778000001,5.298611111000000
wpi:23130,Floro,Norway,61.603888888999997,5.030833333000000
wpi:23110,Molde,Norway,62.733333000000002,7.166667000000000
wpi:23075,Muruvik,Norway,63.441388889000002,10.841388888999999
wpi:23058,Djupviken,Norway,63.787777777999999,11.427222221999999
wpi:23053,Malm,Norway,64.067222221999998,11.227499999999999
wpi:23020,Berg,Norway,65.365277778000006,12.196666667000001
wpi:22990,Bronnoysund,Norway,65.468055555999996,12.196111111000000
wpi:22920,Mosjoen,Norway,65.858888888999999,13.170833332999999
wpi:22760,Mo I Rana,Norway,66.324444443999994,14.122222222000000
wpi:22295,Lakselv,Norway,67.357777777999999,15.592222222000000
wpi:22290,Bodo,Norway,67.285555556000006,14.364166666999999
wpi:22030,Narvik,Norway,68.421111111000002,17.402222221999999
wpi:8595,Canaveral Harbor,United States,28.699999999999999,-80.616667000000007
wpi:8520,Beaufort,United States,32.433332999999998,-80.666667000000004
wpi:8500,Charleston,United States,32.783332999999999,-79.916667000000004
wpi:8490,Georgetown,United States,33.366667000000000,-79.283332999999999
wpi:8410,New Bern,United States,35.100000000000001,-77.049999999999997
wpi:8400,Bayboro,United States,35.149999999999999,-76.766666999999998
wpi:8380,Belhaven,United States,35.616667000000000,-76.616667000000007
wpi:8370,Columbia,United States,35.916666999999997,-76.250000000000000
wpi:8340,Edenton,United States,36.049999999999997,-76.616667000000007
wpi:4470,Alpena,United States,45.066667000000002,-83.416667000000004
wpi:4450,Au Sable,United States,44.399999999999999,-83.316666999999995
wpi:4420,Alabaster,United States,44.183332999999998,-83.549999999999997
wpi:4400,Bay City,United States,43.600000000000001,-83.866667000000007
wpi:4330,Marine City,United States,42.716667000000001,-82.500000000000000
wpi:4320,Algonac,United States,42.616667000000000,-82.516666999999998
wpi:4250,Desbarats,Canada,46.333333000000003,-83.916667000000004
wpi:4240,Hilton,Canada,46.250000000000000,-83.883332999999993
wpi:4230,Bruce Mines,Canada,46.283332999999999,-83.783332999999999
wpi:4200,Blind River,Canada,46.183332999999998,-82.950000000000003
wpi:4180,Meldrum Bay,Canada,45.933332999999998,-83.116667000000007
wpi:4170,Gore Bay,Canada,45.916666999999997,-82.466667000000001
wpi:4160,Kagawong,Canada,45.916666999999997,-82.250000000000000
wpi:4140,Little Current,Canada,45.983333000000002,-81.933333000000005
wpi:4080,Killarney,Canada,45.966667000000001,-81.516666999999998
wpi:4060,Key Harbour,Canada,45.883333000000000,-80.750000000000000
wpi:4050,Byng Inlet,Canada,45.766666999999998,-80.566666999999995
wpi:3940,Midland,Canada,44.750000000000000,-79.916667000000004
wpi:3900,Collingwood,Canada,44.500000000000000,-80.233333000000002
wpi:3880,Meaford,Canada,44.616667000000000,-80.599999999999994
wpi:3730,Goderich,Canada,43.750000000000000,-81.733333000000002
wpi:3670,Courtright,Canada,42.816667000000002,-82.466667000000001
wpi:3620,Detroit,United States,42.333333000000003,-83.033332999999999
wpi:3520,Huron,United States,41.399999999999999,-82.549999999999997
wpi:3500,Lorain,United States,41.466667000000001,-82.183333000000005
wpi:3470,Ashtabula,United States,41.899999999999999,-80.799999999999997
wpi:3460,Conneaut,United States,41.966667000000001,-80.549999999999997
wpi:3450,Erie,United States,42.149999999999999,-80.099999999999994
wpi:3440,Dunkirk,United States,42.483333000000002,-79.333332999999996
wpi:3430,Buffalo,United States,42.883333000000000,-78.883332999999993
wpi:3130,Chaumont,United States,44.066667000000002,-76.133332999999993
wpi:3050,Hamilton,Canada,43.250000000000000,-79.849999999999994
wpi:3030,Bronte,Canada,43.399999999999999,-79.716667000000001
wpi:2930,Belleville,Canada,44.149999999999999,-77.400000000000006
wpi:2130,Chicoutimi (Port Saguenay),Canada,48.433332999999998,-71.066666999999995
wpi:2015,Baie Comeau,Canada,49.233333000000002,-68.133332999999993
wpi:1990,Matane,Canada,48.850000000000001,-67.533332999999999
wpi:1830,Corner Brook,Canada,48.950000000000003,-57.950000000000003
wpi:640,Nuuk,Greenland,64.183333000000005,-51.750000000000000
wpi:20000,Kanatak,United States,57.566667000000002,-156.033332999999999
wpi:5270,Munising,United States,46.416666999999997,-86.650000000000006
wpi:5320,Baraga,United States,46.783332999999999,-88.483333000000002
wpi:5520,Douglastown,Canada,48.766666999999998,-64.383332999999993
wpi:21490,Finnsnes,Norway,69.233333000000002,17.966667000000001
wpi:21660,Andenes,Norway,69.328333333000003,16.127777777999999
wpi:13740,Concepcion Del Uruguay,Argentina,-32.483333000000002,-58.233333000000002
wpi:14670,Mejillones,Chile,-23.100000000000001,-70.466667000000001
wpi:18780,Clayoquot,Canada,49.149999999999999,-125.916667000000004
wpi:17050,Bay City,United States,46.866667000000000,-124.066666999999995
wpi:28615,Lielupe,Latvia,57.000000000000000,23.433333000000001
wpi:28900,Neustadt,Germany,54.100000000000001,10.816667000000001
wpi:18140,Mission City,Canada,49.146388889000001,-122.258611110999993
wpi:18630,Lyall Harbor,Canada,48.799999999999997,-123.200000000000003
wpi:18860,Alert Bay,Canada,50.583333000000003,-126.933333000000005
wpi:18890,Bella Coola,Canada,52.366667000000000,-126.799999999999997
wpi:18925,Kitimat,Canada,54.000000000000000,-128.683333000000005
wpi:19630,Katalla,United States,60.200000000000003,-144.533332999999999
wpi:6630,Machias,United States,44.716667000000001,-67.466667000000001
wpi:33310,Lamlash Harbor,United Kingdom,55.533332999999999,-5.116667000000000
wpi:33450,Bowling,United Kingdom,55.933332999999998,-4.483333000000000
wpi:33530,Ardrossan,United Kingdom,55.649999999999999,-4.816667000000000
wpi:34260,Bantry,Ireland,51.683332999999998,-9.449999999999999
wpi:34648,Garlston,United Kingdom,53.350000000000001,-2.900000000000000
wpi:34780,Caernarvon,United Kingdom,53.149999999999999,-4.266667000000000
wpi:35760,Boulogne-Sur-Mer,France,50.733333000000002,1.600000000000000
wpi:37170,Ambes,France,45.016666999999998,-0.533333000000000
wpi:3100,Niagara,Canada,43.250000000000000,-79.066666999999995
wpi:7330,Nantucket,United States,41.283332999999999,-70.099999999999994
wpi:23850,Halden,Norway,59.116667000000000,11.383333000000000
wpi:23950,Brofjorden,Sweden,58.360277777999997,11.421111111000000
wpi:29180,Fakse Ladeplads Havn,Denmark,55.216667000000001,12.166667000000000
wpi:29790,Marstal,Denmark,54.916666999999997,10.333333000000000
wpi:29800,Aeroskobing,Denmark,54.883333000000000,10.416667000000000
wpi:30095,Augustenborg,Denmark,54.950000000000003,9.866667000000000
wpi:30100,Abenra,Denmark,55.049999999999997,9.433332999999999
wpi:30455,Hanstholm,Denmark,57.133333000000000,8.600000000000000
wpi:30870,Oldenburg,Germany,53.116667000000000,8.216666999999999
wpi:31080,Hoek Van Holland,Netherlands,51.950000000000003,4.133333000000000
wpi:31668,New Holland,United Kingdom,53.700000000000003,-0.366667000000000
wpi:31972,Hound Point Terminal,United Kingdom,56.000000000000000,-3.366667000000000
wpi:32990,Lochboisdale,United Kingdom,57.149999999999999,-7.300000000000000
wpi:43670,Mykolayiv,Ukraine,46.950000000000003,31.983332999999998
wpi:43950,Kyrylivka,Ukraine,46.350000000000001,35.366667000000000
wpi:48470,Bushehr,Iran,28.983332999999998,50.833333000000003
wpi:48533,Bandar Taheri Offshore Terminal,Iran,27.649999999999999,52.350000000000001
wpi:48550,Chah Bahar,Iran,25.266667000000002,60.616667000000000
wpi:50340,Ardjuna Oil Field,Indonesia,-5.883333000000000,107.716667000000001
wpi:44350,Batumi,Georgia,41.649999999999999,41.649999999999999
wpi:44620,Izmit,Turkey,40.766666999999998,29.916667000000000
wpi:45323,Khoms,Libya,32.666666999999997,14.250000000000000
wpi:56300,Nawiliwili Bay,United States,21.949999999999999,-159.349999999999994
wpi:56730,Lorengau,Papua New Guinea,-2.016667000000000,147.266667000000012
wpi:56855,Kieta,Papua New Guinea,-6.216667000000000,155.633332999999993
wpi:57200,Luganville,Vanuatu,-15.516667000000000,167.166666999999990
wpi:52523,Labuha,Indonesia,-0.633333000000000,127.466667000000001
wpi:53520,Ballina,Australia,-28.866667000000000,153.566666999999995
wpi:56130,Napoopoo,United States,19.483332999999998,-155.933333000000005
wpi:56170,Mahukona,United States,20.183333000000001,-155.900000000000006
wpi:56270,Barbers Point Terminal,United States,21.266667000000002,-158.099999999999994
wpi:310,Akureyri,Iceland,65.683333000000005,-18.083333000000000
wpi:320,Husavik,Iceland,66.033332999999999,-17.333333000000000
wpi:430,Eskifjordhur,Iceland,65.066666999999995,-14.016667000000000
wpi:450,Budir,Iceland,64.933333000000005,-14.016667000000000
wpi:480,Hornafjordur,Iceland,64.250000000000000,-15.233333000000000
wpi:560,Nanortalik Havn,Greenland,60.116667000000000,-45.200000000000003
wpi:590,Narsarssuaq,Greenland,61.149999999999999,-45.433332999999998
wpi:670,Maniitsoq,Greenland,65.416667000000004,-52.916666999999997
wpi:2310,Oka Sur Le Lac,Canada,45.466667000000001,-74.083332999999996
wpi:2420,Montebello,Canada,45.649999999999999,-74.933333000000005
wpi:2510,Gatineau,Canada,45.483333000000002,-75.650000000000006
wpi:2530,Hull,Canada,45.433332999999998,-75.700000000000003
wpi:2960,Cobourg,Canada,43.950000000000003,-78.166667000000004
wpi:3015,Clarkson,Canada,43.500000000000000,-79.599999999999994
wpi:3790,Lions Head,Canada,44.983333000000002,-81.250000000000000
wpi:4150,Honora,Canada,45.866667000000000,-82.166667000000004
wpi:4210,Cockburn,Canada,45.950000000000003,-83.316666999999995
wpi:280,Dalvik,Iceland,65.983333000000002,-18.516667000000002
wpi:420,Neskaupstadur,Iceland,65.150000000000006,-13.683332999999999
wpi:1600,Catalina Harbor,Canada,48.516111111000001,-53.070555556000002
wpi:1715,Come By Chance Harbor,Canada,47.799999999999997,-54.016666999999998
wpi:1890,Havre St Pierre,Canada,50.233333000000002,-63.600000000000001
wpi:2380,Grenville,Canada,45.633333000000000,-74.599999999999994
wpi:2320,Hudson,Canada,45.466667000000001,-74.133332999999993
wpi:4490,Calcite,United States,45.416666999999997,-83.783332999999999
wpi:21880,Henningsvaer,Norway,68.153611111000004,14.212777778000000
wpi:23080,Hommelvik,Norway,63.416666999999997,10.800000000000001
wpi:23180,Brattholmen,Norway,60.348611110999997,5.177500000000000
wpi:23240,Odda,Norway,60.096944444000002,6.541111111000000
wpi:23300,Meling,Norway,59.783332999999999,5.116667000000000
wpi:23465,Akrahamn,Norway,59.266666999999998,5.183333000000000
wpi:21920,Brettesnes,Norway,68.233333000000002,14.850000000000000
wpi:22120,Drag,Norway,68.049999999999997,16.083333000000000
wpi:22320,Fauske,Norway,67.250000000000000,15.398888889000000
wpi:22790,Hemnesberget,Norway,66.233333000000002,13.616667000000000
wpi:23050,Namsos,Norway,64.458333332999999,11.509444444000000
wpi:23100,Kristiansund,Norway,63.113888889000002,7.738611111000000
wpi:23107,Bud,Norway,62.899999999999999,6.916667000000000
wpi:23108,Haroysund,Norway,62.891111111000001,6.958055556000000
wpi:23111,Andalsnes,Norway,62.568055555999997,7.677222222000000
wpi:23112,Hareid,Norway,62.372222221999998,6.035555556000000
wpi:23115,Moldtustranda,Norway,62.299999999999997,5.650000000000000
wpi:23120,Alesund,Norway,62.466667000000001,6.166667000000000
wpi:23125,Maloy,Norway,61.933332999999998,5.116667000000000
wpi:23136,Ardalstangen,Norway,61.232777777999999,7.698611111000000
wpi:23138,Mongstad,Norway,60.830833333000001,5.036666667000000
wpi:23451,Karsto,Norway,59.266666999999998,5.516667000000000
wpi:23455,Espevaer,Norway,59.583333000000003,5.150000000000000
wpi:23505,Kirkehamn,Norway,58.231388889000002,6.527222222000000
wpi:23510,Flekkefjorden,Norway,58.264166666999998,6.655277778000000
wpi:12455,Degrad Des Cannes,French Guiana,4.850000000000000,-52.266666999999998
wpi:19970,Bear Island,United States,58.450000000000003,-152.683333000000005
wpi:20010,Chignik,United States,56.299999999999997,-158.400000000000006
wpi:20020,Ivanof Bay,United States,55.799999999999997,-159.466667000000001
wpi:20085,Cold Bay,United States,55.200000000000003,-162.699999999999989
wpi:20097,Akutan Harbor,United States,54.133333000000000,-165.800000000000011
wpi:20100,Cannery Bay,United States,53.700000000000003,-166.750000000000000
wpi:20110,Makushin,United States,53.766666999999998,-166.983332999999988
wpi:20160,Kiska,United States,51.966667000000001,177.550000000000011
wpi:20250,Naknek,United States,58.716667000000001,-157.016667000000012
wpi:20270,Koggiung,United States,58.966667000000001,-156.916666999999990
wpi:20280,Ekuk,United States,58.816667000000002,-158.566666999999995
wpi:20300,Dillingham,United States,59.033332999999999,-158.483332999999988
wpi:20340,Kotlik,United States,63.033332999999999,-163.550000000000011
wpi:20350,Hamilton,United States,62.899999999999999,-163.916666999999990
wpi:20450,Kotzebue,United States,66.916667000000004,-162.583333000000010
wpi:20486,Bernard Harbor,United States,70.133332999999993,-143.633332999999993
wpi:20560,Barentsburg,Svalbard,78.059444443999993,14.202222222000000
wpi:20710,Berlevag,Norway,70.861666666999994,29.111944443999999
wpi:20740,Kjollefjorden,Norway,70.950000000000003,27.333333000000000
wpi:21120,Oksfjord,Norway,70.233333000000002,22.350000000000001
wpi:21380,Gibostad,Norway,69.356111111000004,18.081944444000001
wpi:4820,Great Lakes,United States,42.299999999999997,-87.833332999999996
wpi:5130,Goulais Bay,Canada,46.733333000000002,-84.500000000000000
wpi:5150,Gargantua,Canada,47.566667000000002,-84.966667000000001
wpi:29720,Nysted,Denmark,54.666666999999997,11.733333000000000
wpi:29860,Nyborg,Denmark,55.316667000000002,10.800000000000001
wpi:29910,Middelfart,Denmark,55.500000000000000,9.733333000000000
wpi:29930,Assens,Denmark,55.266666999999998,9.883333000000000
wpi:30105,Ensted,Denmark,55.016666999999998,9.433332999999999
wpi:30160,Kolding,Denmark,55.483333000000002,9.500000000000000
wpi:30340,Hadsund,Denmark,56.716667000000001,10.116667000000000
wpi:30350,Mariager,Denmark,56.649999999999999,9.983333000000000
wpi:30360,Hobro,Denmark,56.633333000000000,9.800000000000001
wpi:30380,Hals,Denmark,56.983333000000002,10.316667000000001
wpi:32330,Inverness,United Kingdom,57.483333000000002,-4.233333000000000
wpi:30430,Frederikshavn,Denmark,57.433332999999998,10.550000000000001
wpi:30480,Lemvig,Denmark,56.583333000000003,8.283333000000001
wpi:30500,Holstebro-Stuer,Denmark,56.500000000000000,8.583333000000000
wpi:42760,Mitilini,Greece,39.100000000000001,26.566666999999999
wpi:30710,Brunsbuttel Elbahafen,Germany,53.883333000000000,9.166667000000000
wpi:30720,Brunsbuttel Canal Terminals,Germany,53.899999999999999,9.150000000000000
wpi:30740,Neuhaus,Germany,53.799999999999997,9.033333000000001
wpi:30760,Gluckstadt,Germany,53.783332999999999,9.416667000000000
wpi:30785,Butzfleth,Germany,53.649999999999999,9.516667000000000
wpi:30985,Eemshaven,Netherlands,53.450000000000003,6.833333000000000
wpi:31085,Europoort,Netherlands,51.950000000000003,4.116667000000000
wpi:31100,Maassluis,Netherlands,51.916666999999997,4.250000000000000
wpi:31375,Isle Of Grain,United Kingdom,51.433332999999998,0.700000000000000
wpi:31470,London,United Kingdom,51.500000000000000,-0.083332999999900
wpi:31630,Boston,United Kingdom,52.966667000000001,-0.016666999999900
wpi:31940,Granton,United Kingdom,55.983333000000002,-3.216667000000000
wpi:31945,Braefoot Bay Terminal,United Kingdom,56.033332999999999,-3.316667000000000
wpi:32030,Burntisland,United Kingdom,56.049999999999997,-3.233333000000000
wpi:32070,Methil,United Kingdom,56.183332999999998,-3.000000000000000
wpi:32250,Macduff,United Kingdom,57.666666999999997,-2.500000000000000
wpi:32300,Lossiemouth,United Kingdom,57.716667000000001,-3.283333000000000
wpi:32340,Cromarty,United Kingdom,57.683332999999998,-4.033333000000000
wpi:32350,Invergordon,United Kingdom,57.683332999999998,-4.166667000000000
wpi:32370,Helmsdale Harbor,United Kingdom,58.116667000000000,-3.650000000000000
wpi:32700,Kongshavn,Faroe Islands,62.116667000000000,-6.733333000000000
wpi:32740,Fuglafjordur,Faroe Islands,62.250000000000000,-6.800000000000000
wpi:32980,Castle Bay,United Kingdom,56.950000000000003,-7.483333000000000
wpi:59380,Hinatuan,Philippines,8.366667000000000,126.333332999999996
wpi:40830,Muggia,Italy,45.600000000000001,13.766667000000000
wpi:43388,Ambarli,Turkey,40.966667000000001,28.699999999999999
wpi:43435,Istinye,Turkey,41.116667000000000,29.050000000000001
wpi:43566,Cernavoda,Romania,44.333333000000003,28.050000000000001
wpi:43677,Dnipro-Buzkyy,Ukraine,46.733333000000002,31.883333000000000
wpi:43720,Khorly,Ukraine,46.083333000000003,33.283332999999999
wpi:43940,Henichesk,Ukraine,46.166666999999997,34.816667000000002
wpi:56835,Kimbe,Papua New Guinea,-5.133333000000000,150.533332999999999
wpi:44162,Kavkaz Oil Terminal,Russia,45.333333000000003,36.649999999999999
wpi:44180,Anapa,Russia,44.883333000000000,37.316667000000002
wpi:48464,Barkan Oil-loading Terminal,Iran,29.733332999999998,50.166666999999997
wpi:48635,Navlakhi,India,22.956388888999999,70.447583332999997
wpi:49580,Mongla,Bangladesh,22.466667000000001,89.599999999999994
wpi:50740,Kuala Kapus,Indonesia,3.000000000000000,114.366667000000007
wpi:50785,Dumai,Indonesia,1.683333000000000,101.450000000000003
wpi:51010,Cirebon,Indonesia,-6.716667000000000,108.566666999999995
wpi:51220,Cilacap,Indonesia,-7.733333000000000,109.000000000000000
wpi:51290,Labuhanhaji,Indonesia,-8.699999999999999,116.566666999999995
wpi:51320,Maumere,Indonesia,-8.616667000000000,122.216667000000001
wpi:56840,Bialla,Papua New Guinea,-5.300000000000000,150.983332999999988
wpi:57642,Dai Hang,Vietnam,8.483333000000000,108.683333000000005
wpi:47974,Hamrawein,Egypt,26.250000000000000,34.200000000000003
wpi:51850,Gunung Batu Besar,Indonesia,-2.616667000000000,116.299999999999997
wpi:52040,Manado,Indonesia,1.500000000000000,124.833332999999996
wpi:52090,Gorontalo,Indonesia,0.500000000000000,123.049999999999997
wpi:52760,Namlea,Indonesia,-3.283333000000000,127.083332999999996
wpi:53000,Miei,Indonesia,-2.733333000000000,134.500000000000000
wpi:5180,Heron Bay,Canada,48.649999999999999,-86.316666999999995
wpi:5370,Houghton,United States,47.116667000000000,-88.566666999999995
wpi:5380,Ontonagon,United States,46.883333000000000,-89.333332999999996
wpi:5430,Cornucopia,United States,46.866667000000000,-91.099999999999994
wpi:13100,La Paloma,Uruguay,-34.649999999999999,-54.149999999999999
wpi:13140,Colonia,Uruguay,-34.466667000000001,-57.850000000000001
wpi:13160,Fray Bentos,Uruguay,-33.116667000000000,-58.316667000000002
wpi:16808,Cushman,United States,43.983333000000002,-124.066666999999995
wpi:16835,Depoe Bay,United States,44.799999999999997,-124.066666999999995
wpi:16838,Ilwaco,United States,46.299999999999997,-124.049999999999997
wpi:16920,Kalama,United States,46.016666999999998,-122.849999999999994
wpi:17190,Hoodsport,United States,47.416666999999997,-123.133332999999993
wpi:17260,Keyport,United States,47.700000000000003,-122.616667000000007
wpi:17350,Fort Ward,United States,47.583333000000003,-122.516666999999998
wpi:17670,Nisqually Head,United States,47.116667000000000,-122.750000000000000
wpi:27560,Kokkola,Finland,63.850000000000001,23.016667000000002
wpi:27610,Hellnas,Finland,63.283332999999999,22.233332999999998
wpi:27670,Kaskinen,Finland,62.383333000000000,21.233332999999998
wpi:28170,Ekenas,Finland,59.983333000000002,23.433333000000001
wpi:28180,Jussaro,Finland,59.833333000000003,23.566666999999999
wpi:28187,Inkoo,Finland,60.016666999999998,23.916667000000000
wpi:28310,Gavan Vysotsk,Russia,60.616667000000000,28.566666999999999
wpi:33190,Corpach,United Kingdom,56.850000000000001,-5.116667000000000
wpi:28654,Butinge Oil Terminal,Lithuania,56.033332999999999,20.949999999999999
wpi:28680,Baltiysk,Russia,54.633333000000000,19.899999999999999
wpi:28920,Heiligenhafen,Germany,54.366667000000000,10.983333000000000
wpi:28950,Eckernforde,Germany,54.483333000000002,9.833333000000000
wpi:17840,Coupeville,United States,48.233333000000002,-122.683333000000005
wpi:18518,Nanoose Harbor,Canada,49.266666999999998,-124.150000000000006
wpi:18790,Ahousat,Canada,49.283332999999999,-126.066666999999995
wpi:18525,Harmac,Canada,49.133333000000000,-123.849999999999994
wpi:18600,Ganges,Canada,48.850000000000001,-123.483333000000002
wpi:18818,Bergh Cove,Canada,50.533332999999999,-127.616667000000007
wpi:18915,Bella Bella,Canada,52.166666999999997,-128.150000000000006
wpi:19290,Fishermans Harbor,United States,55.966667000000001,-133.800000000000011
wpi:19510,Hood Bay,United States,57.399999999999999,-134.500000000000000
wpi:19788,Ninilchik,United States,60.049999999999997,-151.683333000000005
wpi:23760,Holmestrand,Norway,59.490555555999997,10.326666667000000
wpi:5970,Grand Narrows,Canada,45.950000000000003,-60.783332999999999
wpi:6170,Goldsboro,Canada,45.183332999999998,-61.649999999999999
wpi:6660,Milbridge,United States,44.533332999999999,-67.883332999999993
wpi:33160,Lochaline,United Kingdom,56.549999999999997,-5.766667000000000
wpi:33170,Craignure,United Kingdom,56.466667000000001,-5.700000000000000
wpi:33210,Glensanda,United Kingdom,56.566667000000002,-5.533333000000000
wpi:33250,Oban,United Kingdom,56.416666999999997,-5.466667000000000
wpi:33290,Crinan (Canal),United Kingdom,56.083333000000003,-5.566667000000000
wpi:33577,Bangor,United Kingdom,54.649999999999999,-5.666667000000000
wpi:34190,Castletown Bearhaven,Ireland,51.649999999999999,-9.916667000000000
wpi:34200,Kilrush,Ireland,52.633333000000000,-9.500000000000000
wpi:34640,Heysham,United Kingdom,54.033332999999999,-2.916667000000000
wpi:34650,Liverpool Bay Terminal,United Kingdom,53.533332999999999,-3.550000000000000
wpi:34850,Fishguard,United Kingdom,52.016666999999998,-4.983333000000000
wpi:34970,Neath,United Kingdom,51.633333000000000,-3.833333000000000
wpi:35240,Newlyn,United Kingdom,50.100000000000001,-5.550000000000000
wpi:35590,Fawley Marine Terminal,United Kingdom,50.816667000000002,-1.333333000000000
wpi:35800,Le Treport,France,50.066667000000002,1.366667000000000
wpi:37160,Blaye,France,45.133333000000000,-0.666667000000000
wpi:7240,Lynn,United States,42.450000000000003,-70.950000000000003
wpi:7315,Hyannis Port,United States,41.633333000000000,-70.299999999999997
wpi:23817,Fagerstrand,Norway,59.733055555999996,10.584722222000000
wpi:23829,Kambo,Norway,59.473055555999998,10.679722222000001
wpi:23890,Grebbestad,Sweden,58.676944444000000,11.247777778000000
wpi:23900,Fjallbacka,Sweden,58.600277777999999,11.277222222000001
wpi:23910,Hunnebostrand,Sweden,58.437777777999997,11.286111111000000
wpi:24050,Halmstad,Sweden,56.666666999999997,12.866667000000000
wpi:24530,Bergkvara,Sweden,56.383333000000000,16.100000000000001
wpi:24720,Figeholm,Sweden,57.366667000000000,16.500000000000000
wpi:24900,Farosund,Sweden,57.916666999999997,19.050000000000001
wpi:24960,Klintehamn,Sweden,57.383333000000000,18.199999999999999
wpi:25440,Grisslehamn,Sweden,60.100000000000001,18.816666999999999
wpi:25610,Norrsundet,Sweden,60.933332999999998,17.166667000000000
wpi:26240,Harnosand,Sweden,62.633333000000000,17.933333000000001
wpi:26310,Gustavsvik,Sweden,62.833333000000003,17.883333000000000
wpi:26340,Lunde,Sweden,62.883333000000000,17.883333000000000
wpi:26380,Kramfors,Sweden,62.933332999999998,17.800000000000001
wpi:26720,Domsjo,Sweden,63.266666999999998,18.733332999999998
wpi:26790,Husum,Sweden,63.333333000000003,19.149999999999999
wpi:29455,Nykobing (Mor),Denmark,56.766666999999998,11.866667000000000
wpi:27130,Brannfors,Sweden,65.016666999999998,21.383333000000000
wpi:27540,Himanka,Finland,64.000000000000000,23.649999999999999
wpi:29130,Christianso Harbor,Denmark,55.316667000000002,15.183332999999999
wpi:29410,Frederiksvaerk,Denmark,55.966667000000001,12.016667000000000
wpi:29420,Frederikssund,Denmark,55.833333000000003,12.050000000000001
wpi:29440,Holbaek,Denmark,55.716667000000001,11.716666999999999
wpi:29546,Gulfhaven,Denmark,55.200000000000003,11.266667000000000
wpi:54671,Milner Bay,Australia,-13.866667000000000,136.416666999999990
wpi:54943,Beauty Point,Australia,-41.149999999999999,146.816666999999995
wpi:55617,Funafuti Atoll,Tuvalu,-8.516667000000000,179.133332999999993
wpi:56010,Atuona,French Polynesia,-9.816667000000001,-139.033332999999999
wpi:56015,Baie Taiohae,French Polynesia,-8.933332999999999,-140.083333000000010
wpi:56140,Kailua,United States,19.633333000000000,-156.000000000000000
wpi:56160,Kawaihae,United States,20.033332999999999,-155.833333000000010
wpi:56190,Hana,United States,20.750000000000000,-155.983332999999988
wpi:56230,Kaumalapau Harbor,United States,20.783332999999999,-157.000000000000000
wpi:58630,Laoang,Philippines,12.566667000000001,125.016666999999998
wpi:58655,Guiuan,Philippines,11.033333000000001,125.716667000000001
wpi:58670,Catbalogan,Philippines,11.766667000000000,124.883332999999993
wpi:59800,Jolo,Philippines,6.050000000000000,121.000000000000000
wpi:59974,Changshu,China,31.766667000000002,120.950000000000003
wpi:59991,Nantong,China,32.000000000000000,120.799999999999997
wpi:60470,Ch'aho,North Korea,40.200000000000003,128.650000000000006
wpi:60860,Okha,Russia,53.549999999999997,143.000000000000000
wpi:12340,Ciudad Bolivar,Venezuela,8.133333000000000,-63.549999999999997
wpi:12420,Moengo,Suriname,5.633333000000000,-54.416666999999997
wpi:12710,Cabedelo,Brazil,-6.966667000000000,-34.833333000000003
wpi:19890,Karluk,United States,57.566667000000002,-154.449999999999989
wpi:19930,Dry Spruce Bay,United States,57.933332999999998,-153.033332999999999
wpi:19980,Hogg Island,United States,58.466667000000001,-152.683333000000005
wpi:20070,Belkofski,United States,55.083333000000003,-162.033332999999999
wpi:20170,Alcan Harbor,United States,52.733333000000002,174.066666999999995
wpi:20180,Massacre Bay,United States,52.833333000000003,173.233332999999988
wpi:20240,Egegik,United States,58.200000000000003,-157.366667000000007
wpi:20310,Bethel,United States,60.816667000000002,-161.716667000000001
wpi:20320,Nash Harbor,United States,60.200000000000003,-166.983332999999988
wpi:20330,Kwiguk,United States,62.733333000000002,-164.466667000000001
wpi:20410,Grantley Harbor,United States,65.266666999999998,-166.333333000000010
wpi:20570,Longyearbyen,Svalbard,78.227222221999995,15.633333332999999
wpi:20580,Ny Alesund,Svalbard,78.928333332999998,11.933055555999999
wpi:20800,Honningsvag,Norway,70.982587559999999,25.950055502000001
wpi:20910,Kvalsund,Norway,70.506944443999998,23.983333333000001
wpi:20920,Hammerfest,Norway,70.666667000000004,23.666667000000000
wpi:21130,Alta,Norway,69.973333332999999,23.235277778000000
wpi:4770,Buffington,United States,41.633333000000000,-87.416667000000004
wpi:5140,Batchawana Bay,Canada,46.916666999999997,-84.599999999999994
wpi:5310,L Anse,United States,46.766666999999998,-88.466667000000001
wpi:5350,Copper Harbor,United States,47.466667000000001,-87.866667000000007
wpi:5360,Eagle Harbor,United States,47.466667000000001,-88.166667000000004
wpi:5420,La Pointe,United States,46.783332999999999,-90.783332999999999
wpi:5510,Gaspe,Canada,48.833333000000003,-64.483333000000002
wpi:5560,Dalhousie,Canada,48.066667000000002,-66.366667000000007
wpi:5600,Caraquet,Canada,47.799999999999997,-64.933333000000005
wpi:21495,Medby,Norway,68.908888888999996,17.728333332999998
wpi:13050,Laguna,Brazil,-28.500000000000000,-48.783332999999999
wpi:13115,Jose Ignacio,Uruguay,-34.950000000000003,-54.700000000000003
wpi:13120,Montevideo,Uruguay,-34.899999999999999,-56.216667000000001
wpi:13720,Concordia,Argentina,-31.399999999999999,-58.033332999999999
wpi:13730,Colon,Argentina,-32.216667000000001,-58.133333000000000
wpi:16805,Glenada,United States,43.966667000000001,-124.116667000000007
wpi:51340,Ende,Indonesia,-8.833333000000000,121.650000000000006
wpi:44270,Adler,Russia,43.433332999999998,39.933332999999998
wpi:44370,Hopa,Turkey,41.416666999999997,41.399999999999999
wpi:44500,Eregli,Turkey,41.299999999999997,31.449999999999999
wpi:44542,Botas Natural Gas Terminal,Turkey,41.000000000000000,27.983332999999998
wpi:44622,Gebze,Turkey,40.766666999999998,29.550000000000001
wpi:44625,Golcuk Burnu,Turkey,40.733333000000002,29.816666999999999
wpi:45823,Lyndiane,Senegal,14.166667000000000,-16.166667000000000
wpi:46710,Edinburgh Of The Seven Seas,"Saint Helena, Ascension, and Tristan da Cunha",-37.049999999999997,-12.300000000000001
wpi:56310,Ahukini Landing,United States,22.000000000000000,-159.333333000000010
wpi:56400,Majuro Atoll,Marshall Islands,7.083333000000000,171.383332999999993
wpi:16740,Empire,United States,43.399999999999999,-124.283332999999999
wpi:16750,North Bend,United States,43.399999999999999,-124.216667000000001
wpi:16770,Coos Bay,United States,43.366667000000000,-124.216667000000001
wpi:16795,Gardiner,United States,43.716667000000001,-124.099999999999994
wpi:16803,Florence,United States,43.966667000000001,-124.116667000000007
wpi:17170,Glen Cove,United States,48.083333000000003,-122.783332999999999
wpi:17330,Creosote,United States,47.616667000000000,-122.500000000000000
wpi:17380,East Bremerton,United States,47.566667000000002,-122.616667000000007
wpi:27590,Kantlax,Finland,63.416666999999997,22.283332999999999
wpi:27805,Naantali,Finland,60.466667000000001,22.016667000000002
wpi:28230,Kotka,Finland,60.466667000000001,26.966667000000001
wpi:28390,Lomonosov,Russia,59.916666999999997,29.766667000000002
wpi:28640,Liepaja,Latvia,56.516666999999998,21.016667000000002
wpi:28790,Darlowo,Poland,54.433332999999998,16.416667000000000
wpi:28800,Kolobrzeg,Poland,54.216667000000001,15.550000000000001
wpi:18580,Cowichan Bay,Canada,48.750000000000000,-123.616667000000007
wpi:18650,Hope Bay,Canada,48.799999999999997,-123.283332999999999
wpi:18665,Bamberton,Canada,48.549999999999997,-123.516666999999998
wpi:18792,Gold River,Canada,49.683332999999998,-126.116667000000007
wpi:18916,Klemtu,Canada,52.600000000000001,-128.516667000000012
wpi:18920,Butedale,Canada,53.166666999999997,-128.683333000000005
wpi:19055,Alliford Bay,Canada,53.216667000000001,-131.983332999999988
wpi:19090,Hyder,United States,55.916666999999997,-130.000000000000000
wpi:19100,Hidden Inlet,United States,54.950000000000003,-130.333333000000010
wpi:19120,George Inlet,United States,55.383333000000000,-131.466667000000001
wpi:19200,Burnett Inlet,United States,56.066667000000002,-132.466667000000001
wpi:19330,Bay Of Pillars,United States,56.600000000000001,-134.233332999999988
wpi:19430,Kimshan Cove,United States,57.683332999999998,-136.116667000000007
wpi:19600,Letnikof Cove,United States,59.183332999999998,-135.400000000000006
wpi:19710,Crab Bay,United States,60.066667000000002,-148.000000000000000
wpi:19790,Kenai,United States,60.549999999999997,-151.266667000000012
wpi:19805,Drift River,United States,60.549999999999997,-152.133332999999993
wpi:19850,Mccord,United States,57.149999999999999,-153.199999999999989
wpi:33200,Fort William,United Kingdom,56.816667000000002,-5.116667000000000
wpi:5990,North Sydney,Canada,46.216667000000001,-60.250000000000000
wpi:6020,Louisbourg,Canada,45.916666999999997,-59.966667000000001
wpi:6330,Musquodoboit Harbour,Canada,44.783332999999999,-63.149999999999999
wpi:6470,Digby,Canada,44.616667000000000,-65.766666999999998
wpi:6545,Canaport (St. John),Canada,45.200000000000003,-65.983333000000002
wpi:6600,Eastport,United States,44.899999999999999,-66.983333000000002
wpi:6620,Machiasport,United States,44.700000000000003,-67.400000000000006
wpi:33390,Greenock,United Kingdom,55.950000000000003,-4.750000000000000
wpi:33405,Finnart Oil Terminal,United Kingdom,56.116667000000000,-4.833333000000000
wpi:33460,Old Kilpatrick,United Kingdom,55.916666999999997,-4.466667000000000
wpi:33500,Largs,United Kingdom,55.799999999999997,-4.866667000000000
wpi:33515,Hunterston,United Kingdom,55.750000000000000,-4.883333000000000
wpi:33820,Coleraine,United Kingdom,55.133333000000000,-6.666667000000000
wpi:33985,Lancaster,United Kingdom,54.049999999999997,-2.783333000000000
wpi:34110,Limerick,Ireland,52.633333000000000,-8.616667000000000
wpi:34130,Foynes,Ireland,52.616667000000000,-9.116667000000000
wpi:34685,Mostyn,United Kingdom,53.316667000000002,-3.266667000000000
wpi:43625,Izmayil,Ukraine,45.333333000000003,28.850000000000001
wpi:43700,Belgorod-Dnestrovsky,Ukraine,46.183332999999998,30.366667000000000
wpi:43745,Chornomors Ke,Ukraine,45.516666999999998,32.700000000000003
wpi:43780,Balaklava,Ukraine,44.500000000000000,33.600000000000001
wpi:43810,Alushta,Ukraine,44.683332999999998,34.416666999999997
wpi:44210,Gelendzhik,Russia,44.549999999999997,38.066667000000002
wpi:48475,Bandar-E Pars Terminal,Iran,27.533332999999999,52.533332999999999
wpi:50440,Bengkulu,Indonesia,-3.783333000000000,102.250000000000000
wpi:44480,Inebolu,Turkey,41.983333000000002,33.766666999999998
wpi:44605,Kaba Burnu,Turkey,40.766666999999998,29.533332999999999
wpi:543,Kusanartoq,Greenland,61.766666999999998,-42.216667000000001
wpi:700,Attu,Greenland,67.950000000000003,-53.733333000000002
wpi:940,Kajalleq Upernavik,Greenland,72.150000000000006,-55.533332999999999
wpi:1611,Clarenville,Canada,48.175150000000002,-53.959099999999999
wpi:1710,Argentia,Canada,47.299999999999997,-53.983333000000002
wpi:1880,Blanc Sablon,Canada,51.416666999999997,-57.133333000000000
wpi:2110,La Baie (Port Alfred),Canada,48.333333000000003,-70.883332999999993
wpi:2350,Carillon,Canada,45.566667000000002,-74.366667000000007
wpi:2370,Chute A Blondeau,Canada,45.583333000000003,-74.466667000000001
wpi:2390,Hawkesbury,Canada,45.616667000000000,-74.616667000000007
wpi:2400,Fassett,Canada,45.649999999999999,-74.866667000000007
wpi:2480,Cumberland,Canada,45.516666999999998,-75.400000000000006
wpi:2490,Masson,Canada,45.533332999999999,-75.416667000000004
wpi:2830,Millhaven,Canada,44.200000000000003,-76.733333000000002
wpi:3020,Oakville,Canada,43.433332999999998,-79.666667000000004
wpi:3380,Amherstburg,Canada,42.100000000000001,-83.099999999999994
wpi:4020,Depot Harbour,Canada,45.316667000000002,-80.099999999999994
wpi:4120,Manitowaning,Canada,45.750000000000000,-81.799999999999997
wpi:4370,Harbor Beach,United States,43.850000000000001,-82.650000000000006
wpi:8330,Hertford,United States,36.183332999999998,-76.466667000000001
wpi:9420,Minatitlan,Mexico,17.899999999999999,-94.583332999999996
wpi:21840,Ballstad,Norway,68.066666999999995,13.699999999999999
wpi:21950,Lodingen,Norway,68.416667000000004,16.000000000000000
wpi:22010,Lilandsgrunnen,Norway,68.478055556000001,16.890555555999999
wpi:22050,Litle Ballangen,Norway,68.348611110999997,16.872777778000000
wpi:22140,Korsnes,Norway,68.251944444000003,16.061666667000001
wpi:22270,Kjerringoy,Norway,67.522499999999994,14.759722222000001
wpi:22540,Glomfjord,Norway,66.807500000000005,13.980277778000000
wpi:23060,Levanger,Norway,63.754722221999998,11.293333333000000
wpi:23070,Langstein,Norway,63.548611111000000,10.890000000000001
wpi:23230,Norheimsund,Norway,60.366111111000002,6.153888889000000
wpi:23310,Mosterhamn,Norway,59.698888889000003,5.391111111000000
wpi:23340,Leirvik,Norway,59.758333333000003,5.496666667000000
wpi:23450,Kopervik,Norway,59.283332999999999,5.316667000000000
wpi:23600,Arendal,Norway,58.453888888999998,8.776944444000000
wpi:45795,El Jadida,Morocco,33.250000000000000,-8.500000000000000
wpi:56320,Nonopapa,United States,21.866667000000000,-160.233332999999988
wpi:56350,Enitwetak Island,Marshall Islands,11.333333000000000,162.333333000000010
wpi:56740,Hamburg Harbor,Papua New Guinea,-1.633333000000000,149.966667000000001
wpi:57436,Benchamas Terminal,Thailand,10.516667000000000,101.250000000000000
wpi:48106,Duba,Saudi Arabia,27.566666999999999,35.533332999999999
wpi:51736,Mostyn,Malaysia,4.683333000000000,118.250000000000000
wpi:52220,Luwuk,Indonesia,-0.950000000000000,122.799999999999997
wpi:52230,Kolonodale,Indonesia,-1.983333000000000,121.333332999999996
wpi:52680,Bula,Indonesia,-3.100000000000000,130.500000000000000
wpi:53010,Manokwari Road,Indonesia,-0.866667000000000,134.083333000000010
wpi:53045,Kasim Terminal,Indonesia,-1.300000000000000,131.016667000000012
wpi:53100,Fakfak,Indonesia,-2.933333000000000,132.283332999999999
wpi:53115,Amamapare,Indonesia,-4.816667000000000,136.966667000000001
wpi:53195,Discovery Bay,Papua New Guinea,-10.416667000000000,150.416666999999990
wpi:54690,Karumba,Australia,-17.483332999999998,140.833333000000010
wpi:54970,Launceston,Australia,-41.450000000000003,147.116667000000007
wpi:55030,Opua,New Zealand,-35.316667000000002,174.116667000000007
wpi:56025,Canton Island,Kiribati,-2.833333000000000,-171.716667000000001
wpi:56039,English Harbor,Kiribati,3.850000000000000,-159.366667000000007
wpi:56250,Kamalo,United States,21.050000000000001,-156.883332999999993
wpi:57775,Lon Shui Terminal,China,20.833333000000000,115.683333000000005
wpi:61020,Mys Rogatyy Oktyabrskiy,Russia,50.733333000000002,142.099999999999994
wpi:34770,Holyhead,United Kingdom,53.316667000000002,-4.633333000000000
wpi:35100,Bridgwater,United Kingdom,51.133333000000000,-3.000000000000000
wpi:35300,Mevagissey,United Kingdom,50.266666999999998,-4.783333000000000
wpi:35320,Charlestown,United Kingdom,50.333333000000003,-4.750000000000000
wpi:35440,Bridport Harbour,United Kingdom,50.716667000000001,-2.766667000000000
wpi:35700,Folkestone Harbour,United Kingdom,51.083333000000003,1.200000000000000
wpi:35980,Alderney Harbour,Guernsey,49.733333000000002,-2.200000000000000
wpi:7310,Hyannis,United States,41.649999999999999,-70.283332999999999
wpi:23780,Drammen,Norway,59.733333000000002,10.250000000000000
wpi:23820,Drobak,Norway,59.660555555999998,10.625000000000000
wpi:23905,Bovallstrand,Sweden,58.483333000000002,11.333333000000000
wpi:24010,Marstrand,Sweden,57.883888888999998,11.588333333000000
wpi:24100,Hoganas,Sweden,56.196666667000002,12.544722222000001
wpi:25190,Norrkoping,Sweden,58.583333000000003,16.199999999999999
wpi:25360,Gustavsberg,Sweden,59.316667000000002,18.383333000000000
wpi:25460,Hallstavik,Sweden,60.049999999999997,18.583333000000000
wpi:25780,Hudiksvall,Sweden,61.733333000000002,17.116667000000000
wpi:26430,Bollstabruk,Sweden,63.000000000000000,17.699999999999999
wpi:26710,Kopmanholmen,Sweden,63.166666999999997,18.583333000000000
wpi:26810,Nordmaling,Sweden,63.566667000000002,19.483332999999998
wpi:26880,Obbola,Sweden,63.700000000000003,20.333333000000000
wpi:26990,Gumbodahamn,Sweden,64.233333000000002,21.100000000000001
wpi:27090,Kagehamn,Sweden,64.833332999999996,21.033332999999999
wpi:28955,Kappeln,Germany,54.666666999999997,9.933332999999999
wpi:29120,Hasle,Denmark,55.183332999999998,14.699999999999999
wpi:29220,Koge,Denmark,55.450000000000003,12.199999999999999
wpi:29390,Hundested Havn,Denmark,55.966667000000001,11.850000000000000
wpi:29520,Korsor,Denmark,55.333333000000003,11.133333000000000
wpi:29555,Naestved,Denmark,55.233333000000002,11.750000000000000
wpi:29630,Nykobing,Denmark,54.766666999999998,11.866667000000000
wpi:29700,Nakskov,Denmark,54.833333000000003,11.133333000000000
wpi:29870,Kerteminde,Denmark,55.450000000000003,10.666667000000000
wpi:29940,Faborg,Denmark,55.100000000000001,10.250000000000000
wpi:30120,Haderslev,Denmark,55.250000000000000,9.500000000000000
wpi:30170,Fredericia,Denmark,55.566667000000002,9.766667000000000
wpi:30640,Esbjerg,Denmark,55.466667000000001,8.449999999999999
wpi:30695,Busum,Germany,54.133333000000000,8.866667000000000
wpi:30850,Brake,Germany,53.333333000000003,8.483333000000000
wpi:30860,Elsfleth,Germany,53.233333000000002,8.466666999999999
wpi:30960,Leer,Germany,53.233333000000002,7.450000000000000
wpi:31020,Den Helder,Netherlands,52.966667000000001,4.783333000000000
wpi:31215,Hansweert,Netherlands,51.450000000000003,4.000000000000000
wpi:31320,Nieuwpoort,Belgium,51.133333000000000,2.750000000000000
wpi:31390,Chatham Docks,United Kingdom,51.399999999999999,0.550000000000000
wpi:31506,Colchester,United Kingdom,51.883333000000000,0.916667000000000
wpi:31665,Howdendyke,United Kingdom,53.733333000000002,-0.883333000000000
wpi:31740,Hartlepool,United Kingdom,54.700000000000003,-1.183333000000000
wpi:31880,Eyemouth,United Kingdom,55.866667000000000,-2.083333000000000
wpi:31890,Dunbar,United Kingdom,56.000000000000000,-2.516667000000000
wpi:32420,Kettletoft,United Kingdom,59.233333000000002,-2.600000000000000
wpi:32440,Kirkwall,United Kingdom,58.983333000000002,-2.966667000000000
wpi:32490,Lyness,United Kingdom,58.833333000000003,-3.200000000000000
wpi:32830,Aultbea,United Kingdom,57.833333000000003,-5.583333000000000
wpi:32850,Gairloch,United Kingdom,57.716667000000001,-5.683333000000000
wpi:32900,Kyle Of Lochalsh,United Kingdom,57.283332999999999,-5.716667000000000
wpi:32910,Kyleakin,United Kingdom,57.266666999999998,-5.733333000000000
wpi:32920,Broadford Bay,United Kingdom,57.250000000000000,-5.883333000000000
wpi:43562,Medgidia,Romania,44.250000000000000,28.266667000000002
wpi:40790,Monfalcone,Italy,45.783332999999999,13.550000000000001
wpi:43430,Defterdar Burnu,Turkey,41.049999999999997,29.033332999999999
wpi:43500,Burgas,Bulgaria,42.483333000000002,27.483332999999998
wpi:43558,Basarabi,Romania,44.166666999999997,28.433333000000001
wpi:43565,Danube-Black Sea Canal,Romania,44.266666999999998,28.183333000000001
wpi:43568,Midia,Romania,44.350000000000001,28.666667000000000
wpi:58620,Masbate,Philippines,12.366667000000000,123.616667000000007
wpi:59985,Jiangyin,China,31.916667000000000,120.233333000000002
wpi:59986,Changzhou,China,31.966667000000001,119.983333000000002
wpi:59987,Gaogang,China,32.283332999999999,119.849999999999994
wpi:60450,Hungnam,North Korea,39.833333000000003,127.616667000000007
wpi:60480,Kimch'aek,North Korea,40.666666999999997,129.199999999999989
wpi:60510,Najin,North Korea,42.233333000000002,130.300000000000011
wpi:61040,Aleksandrovsk -Sakhalinskiy,Russia,50.899999999999999,142.133332999999993
wpi:61110,Mombetsu Ko,Japan,44.350000000000001,143.349999999999994
wpi:14110,Bahia Agua Fresca,Chile,-53.383333000000000,-70.966667000000001
wpi:14140,Bahia Harris,Chile,-53.850000000000001,-70.450000000000003
wpi:60290,Kyomip'o,North Korea,38.733333000000002,125.616667000000007
wpi:18441,Duncan Bay,Canada,50.066667000000002,-125.283332999999999
wpi:23220,Strandvik,Norway,60.158611110999999,5.677777778000000
wpi:57840,Hong Kong,Hong Kong,22.266667000000002,114.200000000000003
wpi:57810,Macau,Macau,22.183333000000001,113.566666999999995
wpi:28400,Kronshtadt,Russia,59.983333000000002,29.783332999999999
wpi:28190,Helsinki,Finland,60.166666999999997,24.966667000000001
wpi:57859,Huizhou,China,22.716667000000001,114.516666999999998
wpi:57862,Chaozhou,China,23.616667000000000,117.083332999999996
wpi:60720,Bukhta Gaydamak,Russia,42.866667000000000,132.683333000000005
wpi:35020,Bird Port,United Kingdom,51.566667000000002,-2.966667000000000
wpi:35015,Newport,United Kingdom,51.549999999999997,-2.983333000000000
wpi:28140,Hanko,Finland,59.816667000000002,22.949999999999999
wpi:60060,Hankow,China,30.583333000000000,114.283332999999999
wpi:60000,Nanjing,China,32.083333000000003,118.750000000000000
wpi:60030,Ankingcheng,China,30.516667000000002,117.033332999999999
wpi:45163,El Maadiya,Egypt,31.266667000000002,30.149999999999999
wpi:57953,Mailiao,Taiwan,23.783332999999999,120.166667000000004
wpi:14060,Grytviken,South Georgia and South Sandwich Islands,-54.266666999999998,-36.500000000000000
wpi:27920,Mariehamn,Finland,60.100000000000001,19.916667000000000
wpi:18570,Crofton,Canada,48.866667000000000,-123.633332999999993
wpi:8170,Ocean City,United States,38.333333000000003,-75.083332999999996
wpi:7510,Norwich,United States,41.516666999999998,-72.083332999999996
wpi:7490,Mystic,United States,41.350000000000001,-71.966667000000001
wpi:7480,Noank,United States,41.316667000000002,-71.983333000000002
wpi:7450,Montauk Harbor,United States,41.066667000000002,-71.933333000000005
wpi:62950,Murmansk,Russia,68.983333000000002,33.049999999999997
wpi:62800,Arkhangels'k,Russia,64.529722222000004,40.521666666999998
wpi:62730,Igarka,Russia,67.458333332999999,86.588888889000003
wpi:3480,Fairport,United States,41.766666999999998,-81.299999999999997
wpi:80,Hafnarfjordur,Iceland,64.066666999999995,-21.949999999999999
wpi:190,Isafjordur,Iceland,66.066666999999995,-23.116667000000000
wpi:160,Bildudalur,Iceland,65.683333000000005,-23.600000000000001
wpi:61270,Aomori Ko,Japan,40.833333000000003,140.750000000000000
wpi:62720,Dudinka,Russia,69.400000000000006,86.166667000000004
wpi:8020,Atlantic City,United States,39.366667000000000,-74.416667000000004
wpi:8120,Gloucester,United States,42.600000000000001,-70.666667000000004
wpi:8140,Burlington,United States,40.083333000000003,-74.866667000000007
wpi:185,Bolungarvik,Iceland,66.166667000000004,-23.233332999999998
wpi:61862,Himekawa,Japan,37.033332999999999,137.849999999999994
wpi:61875,Eastern Part Of Niigata-Ko,Japan,38.016666999999998,139.233332999999988
wpi:62775,Mezen,Russia,65.833332999999996,44.183332999999998
wpi:3350,Leamington,Canada,42.033332999999999,-82.599999999999994
wpi:62890,Kandalaksha,Russia,67.133332999999993,32.416666999999997
wpi:62970,Mys Abram,Russia,68.983333000000002,33.033332999999999
wpi:7440,Davisville Depot,United States,41.616667000000000,-71.400000000000006
wpi:8000,Barnegat,United States,39.766666999999998,-74.099999999999994
wpi:61277,Noshiro Ko,Japan,40.216667000000001,140.000000000000000
wpi:61232,Isikari Wan,Japan,43.233333000000002,141.366667000000007
wpi:61820,Fukui Ko,Japan,36.183332999999998,136.099999999999994
wpi:8270,Fredericksburg,United States,38.299999999999997,-77.450000000000003
wpi:105,Grundartangi,Iceland,64.266666999999998,-22.000000000000000
wpi:61822,Kanazawa,Japan,36.616667000000000,136.599999999999994
wpi:61867,Kashiwazaki,Japan,37.366667000000000,138.550000000000011
wpi:62900,Bolshaya Piryu Guba,Russia,66.673055555999994,34.361388888999997
wpi:8150,Bristol,United States,40.100000000000001,-74.849999999999994
wpi:760,Aasiaat,Greenland,68.710833332999997,-52.868333333000002
wpi:16960,Camas,United States,45.583333000000003,-122.400000000000006
wpi:1340,Goose Bay,Canada,53.366667000000000,-60.299999999999997
wpi:56370,Kwajalein,Marshall Islands,8.716666999999999,167.733332999999988
wpi:19270,Klawock,United States,55.549999999999997,-133.099999999999994
wpi:70,Keflavik,Iceland,64.000000000000000,-22.550000000000001
wpi:18070,Blaine,United States,49.000000000000000,-122.750000000000000
wpi:810,Illulissat (Jakobshavn),Greenland,69.216667000000001,-51.100000000000001
wpi:19260,Craig,United States,55.466667000000001,-133.150000000000006
wpi:21315,Olavsvern,Norway,69.525629248000001,19.007549286000000
wpi:28496,Meeruse,Estonia,59.450870000000002,24.672200000000000
wpi:28520,Heltermaa,Estonia,58.866683999999999,23.048341000000001
wpi:28498,Bekkeri,Estonia,59.454540000000001,24.667449999999999
wpi:28492,Lahesuu,Estonia,59.457056203999997,24.703002723000001
wpi:28482,Miiduranna,Estonia,59.499402000000003,24.816063000000000
wpi:19750,Latouche,United States,60.050500000000000,-147.904200000000003
wpi:19785,Coal Point,United States,59.601399999999998,-151.411100000000005
wpi:12760,Port De Aracaju,Brazil,-10.916667000000000,-37.049999999999997
wpi:35990,Saint Sampson,Guernsey,49.483333000000002,-2.516667000000000
wpi:23055,Steinkjer,Norway,64.010000000000005,11.478611110999999
wpi:2200,Port De Becancour,Canada,46.399999999999999,-72.383332999999993
wpi:19860,Three Saints Bay,United States,57.116667000000000,-153.500000000000000
wpi:3340,Pelee I West Dock,Canada,41.766666999999998,-82.683333000000005
wpi:32730,Sorvagur,Faroe Islands,62.083333000000003,-7.250000000000000
wpi:19190,Union Bay,United States,55.766666999999998,-132.216667000000001
wpi:44380,Rize,Turkey,41.066667000000002,40.516666999999998
wpi:23990,Uddevalla,Sweden,58.334722222000003,11.877500000000000
wpi:17440,Port Orchard,United States,47.533332999999999,-122.633332999999993
wpi:840,Qeqertarsuaq,Greenland,69.233333000000002,-53.533332999999999
wpi:20370,Unalakleet,United States,63.883333000000000,-160.783332999999999
wpi:31140,Rotterdam,Netherlands,51.899999999999999,4.483333000000000
wpi:34950,Swansea,United Kingdom,51.616667000000000,-3.950000000000000
wpi:20425,Shishmaref,United States,66.250000000000000,-166.083333000000010
wpi:3610,Rouge River,United States,42.283332999999999,-83.116667000000007
wpi:1040,Pangnirtung,Canada,66.133332999999993,-65.750000000000000
wpi:17120,Port Angeles,United States,48.116667000000000,-123.433333000000005
wpi:26730,Ornskoldsvik,Sweden,63.283332999999999,18.716667000000001
wpi:23139,Stura,Norway,60.622222221999998,4.863333333000000
wpi:20700,Vardo,Norway,70.376944444000003,31.105555555999999
wpi:2430,Papineauville,Canada,45.616667000000000,-75.016666999999998
wpi:26290,Utansjo,Sweden,62.766666999999998,17.933333000000001
wpi:18850,Sointula,Canada,50.633333000000000,-127.016666999999998
wpi:27870,Signilskar,Finland,60.200000000000003,19.333333000000000
wpi:35370,Plymouth,United Kingdom,50.366667000000000,-4.150000000000000
wpi:19140,Ward Cove,United States,55.399999999999999,-131.733332999999988
wpi:30630,Ringkobing,Denmark,56.083333000000003,8.250000000000000
wpi:23720,Tonsberg,Norway,59.262222221999998,10.410000000000000
wpi:31760,Sunderland,United Kingdom,54.916666999999997,-1.366667000000000
wpi:19390,Port Conclusion,United States,56.250000000000000,-134.683333000000005
wpi:6575,Port Bayside Nb,Canada,45.149999999999999,-67.133332999999993
wpi:16950,Vancouver,United States,45.633333000000000,-122.683333000000005
wpi:44090,Yeysk,Russia,46.733333000000002,38.266666999999998
wpi:12750,Porto De Maceio,Brazil,-9.666667000000000,-35.733333000000002
wpi:27400,Tornio,Finland,65.766666999999998,24.166667000000000
wpi:27780,Rauma,Finland,61.125000000000000,21.446111111000000
wpi:19840,Port Hobron,United States,57.166666999999997,-153.166666999999990
wpi:14250,Puerto Quemchi,Chile,-42.149999999999999,-73.483333000000002
wpi:7270,Scituate,United States,42.200000000000003,-70.716667000000001
wpi:13790,Quequen,Argentina,-38.583333000000003,-58.700000000000003
wpi:8510,Port Royal,United States,32.366667000000000,-80.683333000000005
wpi:20060,Unga,United States,55.183332999999998,-160.500000000000000
wpi:27520,Oulu,Finland,65.016666999999998,25.399999999999999
wpi:35715,Ramsgate,United Kingdom,51.333333000000003,1.416667000000000
wpi:4000,Port Severn,Canada,44.799999999999997,-79.716667000000001
wpi:19030,Port Clements,Canada,53.683332999999998,-132.183333000000005
wpi:2980,Oshawa,Canada,43.866667000000000,-78.816666999999995
wpi:20690,Vadso,Norway,70.072222221999994,29.741388889000000
wpi:35600,Portsmouth Harbour,United Kingdom,50.799999999999997,-1.100000000000000
wpi:18942,Porpoise Harbor,Canada,54.216667000000001,-130.283332999999999
wpi:3330,Pelee I North Wharf,Canada,41.816667000000002,-82.666667000000004
wpi:20220,Pilot Point,United States,57.566667000000002,-157.599999999999994
wpi:32950,Uig,United Kingdom,57.583333000000003,-6.350000000000000
wpi:3700,Sarnia,Canada,42.983333000000002,-82.416667000000004
wpi:33020,Stornoway Harbor,United Kingdom,58.183332999999998,-6.366667000000000
wpi:2970,Port Hope,Canada,43.933332999999998,-78.283332999999999
wpi:2150,Riviere Du Loup,Canada,47.833333000000003,-69.516666999999998
wpi:19400,Port Alexander,United States,56.250000000000000,-134.650000000000006
wpi:34610,Workington,United Kingdom,54.566667000000002,-3.633333000000000
wpi:32360,Portmahomack Harbor,United Kingdom,57.833333000000003,-3.833333000000000
wpi:26180,Soraker,Sweden,62.500000000000000,17.500000000000000
wpi:18090,Steveston,Canada,49.133333000000000,-123.183333000000005
wpi:34980,Port Talbot,United Kingdom,51.583333000000003,-3.816667000000000
wpi:21820,Reine,Norway,67.938611111000000,13.101666667000000
wpi:12600,Tutoia,Brazil,-2.783333000000000,-42.283332999999999
wpi:19585,Port Chilkoot,United States,59.233333000000002,-135.433333000000005
wpi:28605,Salacgriva,Latvia,57.700000000000003,24.366667000000000
wpi:44490,Zonguldak,Turkey,41.466667000000001,31.816666999999999
wpi:32590,Scalloway,United Kingdom,60.133333000000000,-1.283333000000000
wpi:20420,Savoonga,United States,63.683332999999998,-170.400000000000006
wpi:4480,Rockport,United States,45.200000000000003,-83.383332999999993
wpi:610,Paamuit (Frederikshab),Greenland,62.000000000000000,-49.666666999999997
wpi:3980,Waubaushene,Canada,44.766666999999998,-79.716667000000001
wpi:19380,Port Armstrong,United States,56.299999999999997,-134.666666999999990
wpi:19230,Rose Inlet,United States,54.950000000000003,-132.966667000000001
wpi:30910,Wilhelmshaven,Germany,53.533332999999999,8.166667000000000
wpi:23195,Tranneset,Norway,60.416666999999997,5.016667000000000
wpi:20210,Port Heiden,United States,56.883333000000000,-158.699999999999989
wpi:25380,Stockholm,Sweden,59.333333000000003,18.050000000000001
wpi:19730,Port Ashton,United States,60.066667000000002,-148.050000000000011
wpi:1795,Port Aux Basques,Canada,47.566667000000002,-59.133333000000000
wpi:43572,Tulcea,Romania,45.166666999999997,28.816666999999999
wpi:20175,Skoot Cove,United States,52.716667000000001,174.066666999999995
wpi:32430,Whitehall,United Kingdom,59.133333000000000,-2.600000000000000
wpi:4290,Sault Ste Marie,Canada,46.516666999999998,-84.349999999999994
wpi:19490,Todd,United States,57.466667000000001,-135.050000000000011
wpi:6220,Sonora,Canada,45.066667000000002,-61.916666999999997
wpi:44070,Rostov-Na-Donu,Russia,47.166666999999997,39.716667000000001
wpi:5170,Quebec Harbour,Canada,47.700000000000003,-85.799999999999997
wpi:2300,Vaudreuil,Canada,45.399999999999999,-74.033332999999999
wpi:8390,Washington,United States,35.549999999999997,-77.049999999999997
wpi:20230,Ugashik,United States,57.533332999999999,-157.416666999999990
wpi:5620,Shippegan,Canada,47.750000000000000,-64.700000000000003
wpi:19620,Yakutat,United States,59.549999999999997,-139.733332999999988
wpi:3095,St Catherine,Canada,43.183332999999998,-79.283332999999999
wpi:21970,Ulvik,Norway,68.560833333000005,16.233888888999999
wpi:43835,Sudak,Ukraine,44.850000000000001,34.983333000000002
wpi:9270,Port Lavaca,United States,28.616667000000000,-96.616667000000007
wpi:23040,Rorvik,Norway,64.864722221999997,11.251944443999999
wpi:35630,Shoreham Harbour,United Kingdom,50.816667000000002,-0.250000000000000
wpi:16980,The Dalles,United States,45.600000000000001,-121.183333000000005
wpi:3580,Trenton,United States,42.133333000000000,-83.166667000000004
wpi:4030,Parry Sound,Canada,45.333333000000003,-80.033332999999999
wpi:33880,Rathmullan,Ireland,55.100000000000001,-7.533333000000000
wpi:44060,Taganrog,Russia,47.200000000000003,38.950000000000003
wpi:25700,Sandarne,Sweden,61.266666999999998,17.183333000000001
wpi:24000,Stenungsund,Sweden,58.079722222000001,11.800000000000001
wpi:31980,Rosyth,United Kingdom,56.016666999999998,-3.433333000000000
wpi:18980,Stewart,Canada,55.933332999999998,-130.000000000000000
wpi:32470,St Margarets Hope,United Kingdom,58.833333000000003,-2.950000000000000
wpi:19760,Seward,United States,60.100000000000001,-149.433333000000005
wpi:3270,Port Dover,Canada,42.783332999999999,-80.200000000000003
wpi:19320,Washington Bay,United States,56.733333000000002,-134.349999999999994
wpi:17020,Raymond,United States,46.683332999999998,-123.733333000000002
wpi:3260,Port Maitland,Canada,42.850000000000001,-79.583332999999996
wpi:20130,Unalaska,United States,53.866667000000000,-166.533332999999999
wpi:28870,Wismar,Germany,53.899999999999999,11.466666999999999
wpi:21510,Sjovegan,Norway,68.873611111000002,17.828611111000001
wpi:2940,Trenton,Canada,44.100000000000001,-77.566666999999995
wpi:5290,Presque Isle,United States,46.566667000000002,-87.383332999999993
wpi:7280,Plymouth,United States,41.950000000000003,-70.666667000000004
wpi:12335,Puerto Ordaz,Venezuela,8.350000000000000,-62.716667000000001
wpi:3092,Thorold,Canada,43.083333000000003,-79.716667000000001
wpi:23118,Orstav,Norway,62.196111111000000,6.114444444000000
wpi:35410,Torquay Harbour,United Kingdom,50.466667000000001,-3.533333000000000
wpi:2880,Picton,Canada,44.016666999999998,-77.133332999999993
wpi:19210,Wrangell,United States,56.466667000000001,-132.383332999999993
wpi:24260,Ystad,Sweden,55.418333333000000,13.818055555999999
wpi:21910,Skrova Havn,Norway,68.165833332999995,14.664166667000000
wpi:30970,Papenburg,Germany,53.100000000000001,7.383333000000000
wpi:43750,Yevpatoriya,Ukraine,45.200000000000003,33.383333000000000
wpi:26890,Umea Hamn,Sweden,63.700000000000003,20.350000000000001
wpi:14270,Puerto Montt,Chile,-41.483333000000002,-72.966667000000001
wpi:38270,Sevilla,Spain,37.366667000000000,-6.000000000000000
wpi:27535,Veitsiluoto,Finland,65.700000000000003,24.616667000000000
wpi:3110,Queenston,Canada,43.166666999999997,-79.066666999999995
wpi:13970,Rio Grande,Argentina,-53.783332999999999,-67.683333000000005
wpi:3650,Walpole Island,Canada,42.616667000000000,-82.516666999999998
wpi:16810,Waldport,United States,44.433332999999998,-124.066666999999995
wpi:22750,Sandnessjoen,Norway,66.026388889000003,12.629444444000001
wpi:1810,Stephenville,Canada,48.533332999999999,-58.533332999999999
wpi:16790,Winchester Bay,United States,43.683332999999998,-124.183333000000005
wpi:31120,Vlaardingen,Netherlands,51.899999999999999,4.350000000000000
wpi:20470,Wainwright,United States,70.650000000000006,-160.000000000000000
wpi:27530,Raahe,Finland,64.683333000000005,24.416667000000000
wpi:24635,Stora Jatterson,Sweden,57.100000000000001,16.566666999999999
wpi:18950,Prince Rupert,Canada,54.316667000000002,-130.333333000000010
wpi:31130,Schiedam,Netherlands,51.899999999999999,4.400000000000000
wpi:5770,Summerside,Canada,46.399999999999999,-63.783332999999999
wpi:29580,Stubbekobing,Denmark,54.883333000000000,12.050000000000001
wpi:3420,Tonawanda,United States,43.033332999999999,-78.883332999999993
wpi:44420,Ordu,Turkey,41.000000000000000,37.883333000000000
wpi:19650,Shepard Point,United States,60.633333000000000,-145.666666999999990
wpi:2030,Rimouski,Canada,48.450000000000003,-68.516666999999998
wpi:32230,Peterhead,United Kingdom,57.500000000000000,-1.783333000000000
wpi:19870,Trap Point,United States,57.000000000000000,-154.150000000000006
wpi:37150,Pauillac,France,45.200000000000003,-0.750000000000000
wpi:23046,Salsbruket,Norway,64.797777777999997,11.860277778000000
wpi:29710,Rodby Havn,Denmark,54.649999999999999,11.350000000000000
wpi:13080,Porto Alegre,Brazil,-30.033332999999999,-51.233333000000002
wpi:32890,Plockton,United Kingdom,57.333333000000003,-5.650000000000000
wpi:3390,Windsor,Canada,42.316667000000002,-83.033332999999999
wpi:44460,Sinop,Turkey,42.049999999999997,35.166666999999997
wpi:27650,Vaasa,Finland,63.100000000000001,21.583333000000000
wpi:28820,Swinoujscie,Poland,53.916666999999997,14.266667000000000
wpi:3890,Thornbury,Canada,44.566667000000002,-80.450000000000003
wpi:28840,Sassnitz,Germany,54.516666999999998,13.650000000000000
wpi:23090,Trondheim,Norway,63.448333333000001,10.401666667000001
wpi:27250,Torehamn,Sweden,65.900000000000006,22.649999999999999
wpi:13950,Puerto Santa Cruz,Argentina,-50.016666999999998,-68.516666999999998
wpi:19050,Queen Charlotte,Canada,53.250000000000000,-132.083333000000010
wpi:24940,Storugns,Sweden,57.833333000000003,18.800000000000001
wpi:28912,Orth,Germany,54.450000000000003,11.050000000000001
wpi:1035,Padloping Island,Canada,67.033332999999999,-62.733333000000002
wpi:510,Vestmannaeyjar,Iceland,63.433332999999998,-20.283332999999999
wpi:31430,Tilbury,United Kingdom,51.466667000000001,0.333333000000000
wpi:19920,Port Obrien,United States,57.733333000000002,-153.316666999999995
wpi:3930,Penetanguishene,Canada,44.766666999999998,-79.933333000000005
wpi:17320,Winslow,United States,47.616667000000000,-122.516666999999998
wpi:31376,Thamesport,United Kingdom,51.433332999999998,0.700000000000000
wpi:18705,Port San Juan,Canada,48.549999999999997,-124.433333000000005
wpi:5440,Port Wing,United States,46.783332999999999,-91.383332999999993
wpi:25370,Sandhamn,Sweden,59.283332999999999,18.916667000000000
wpi:19440,Pelican,United States,57.966667000000001,-136.233332999999988
wpi:13000,Sao Francisco,Brazil,-26.250000000000000,-48.633333000000000
wpi:23105,Sunndalsora,Norway,62.683332999999998,8.550000000000001
wpi:17940,Roche  Harbor,United States,48.616667000000000,-123.166667000000004
wpi:18660,Sidney,Canada,48.649999999999999,-123.383332999999993
wpi:17040,Westhaven Cove,United States,46.916666999999997,-124.116667000000007
wpi:4850,Racine,United States,42.733333000000002,-87.783332999999999
wpi:29830,Svendborg,Denmark,55.066667000000002,10.616667000000000
wpi:32460,South Ness,United Kingdom,58.799999999999997,-3.200000000000000
wpi:43790,Yalta,Ukraine,44.483333000000002,34.166666999999997
wpi:23736,Slagenstangen,Norway,59.327777777999998,10.519444443999999
wpi:23480,Stavanger,Norway,58.966667000000001,5.750000000000000
wpi:5400,Washburn,United States,46.666666999999997,-90.883332999999993
wpi:23470,Sandnes,Norway,58.873333332999998,5.752777778000000
wpi:1958,Port Cartier,Canada,50.033332999999999,-66.783332999999999
wpi:25280,Oxelosund,Sweden,58.666666999999997,17.116667000000000
wpi:5870,Port Hawkesbury,Canada,45.616667000000000,-61.366667000000000
wpi:32820,Ullapool,United Kingdom,57.899999999999999,-5.150000000000000
wpi:3530,Sandusky,United States,41.450000000000003,-82.716667000000001
wpi:31690,Scarborough,United Kingdom,54.283332999999999,-0.400000000000000
wpi:33030,Tarbert,United Kingdom,57.899999999999999,-6.816667000000000
wpi:1820,St George's,Canada,48.450000000000003,-58.450000000000003
wpi:32930,Portree Harbor,United Kingdom,57.416666999999997,-6.200000000000000
wpi:13170,Paysandu,Uruguay,-32.316667000000002,-58.066667000000002
wpi:4500,Rogers City,United States,45.450000000000003,-83.816666999999995
wpi:2990,Port Whitby,Canada,43.850000000000001,-78.933333000000005
wpi:34590,Silloth,United Kingdom,54.866667000000000,-3.400000000000000
wpi:23630,Risor,Norway,58.721944444000002,9.245277778000000
wpi:19410,Sitka,United States,57.049999999999997,-135.333333000000010
wpi:18805,Tahsis,Canada,49.916666999999997,-126.666667000000004
wpi:33280,Port Ellen,United Kingdom,55.633333000000000,-6.200000000000000
wpi:36000,Saint Peter Port,Guernsey,49.450000000000003,-2.533333000000000
wpi:8320,Richmond,United States,37.533332999999999,-77.416667000000004
wpi:4350,Port Huron,United States,43.000000000000000,-82.433333000000005
wpi:17730,Seattle,United States,47.600000000000001,-122.333332999999996
wpi:34196,Valentia,Ireland,51.933332999999998,-10.300000000000001
wpi:35450,Portland Harbour,United Kingdom,50.583333000000003,-2.433333000000000
wpi:4430,Tawas City,United States,44.266666999999998,-83.500000000000000
wpi:43747,Ust-Dunaisk,Ukraine,45.466667000000001,29.699999999999999
wpi:19780,Seldovia,United States,59.433332999999998,-151.733332999999988
wpi:7260,Quincy,United States,42.250000000000000,-70.966667000000001
wpi:25320,Sodertalje,Sweden,59.183332999999998,17.649999999999999
wpi:3950,Tiffin,Canada,44.750000000000000,-79.849999999999994
wpi:27790,Uusikaupunki,Finland,60.799999999999997,21.399999999999999
wpi:24310,Solvesborg,Sweden,56.045555555999996,14.586388889000000
wpi:32690,Torshavn,Faroe Islands,62.000000000000000,-6.750000000000000
wpi:7290,Provincetown,United States,42.049999999999997,-70.183333000000005
wpi:27330,Sandvik,Sweden,65.733333000000002,23.766667000000002
wpi:4720,Saugatuck,United States,42.666666999999997,-86.200000000000003
wpi:32720,Vestmanna,Faroe Islands,62.149999999999999,-7.166667000000000
wpi:26280,Ulvvik,Sweden,62.666666999999997,17.866667000000000
wpi:13965,San Sebastian Bay,Argentina,-53.166666999999997,-68.500000000000000
wpi:44603,Yarimca,Turkey,40.799999999999997,29.699999999999999
wpi:32500,Scapa Bay,United Kingdom,58.950000000000003,-2.983333000000000
wpi:31600,Wisbech,United Kingdom,52.666666999999997,0.150000000000000
wpi:23710,Sandefjorden,Norway,59.100555556000003,10.233055556000000
wpi:23730,Valloy,Norway,59.258055556000002,10.490000000000000
wpi:9260,Palacios,United States,28.683333000000001,-96.216667000000001
wpi:5470,Two Harbors,United States,47.016666999999998,-91.650000000000006
wpi:17030,Willapa Harbor,United States,46.683332999999998,-123.750000000000000
wpi:24440,Ronneby,Sweden,56.172777777999997,15.301388889000000
wpi:28300,Vyborg,Russia,60.716667000000001,28.750000000000000
wpi:19639,Orca,United States,60.583333000000003,-145.716667000000001
wpi:400,Seydhisfjordhur,Iceland,65.266666999999998,-14.000000000000000
wpi:5800,Pictou,Canada,45.666666999999997,-62.716667000000001
wpi:3540,Port Clinton,United States,41.516666999999998,-82.933333000000005
wpi:35250,Penzance,United Kingdom,50.116667000000000,-5.533333000000000
wpi:35690,Rye Harbour,United Kingdom,50.933332999999998,0.766667000000000
wpi:25800,Stocka,Sweden,61.899999999999999,17.350000000000001
wpi:30440,Skagen Havn,Denmark,57.716667000000001,10.600000000000000
wpi:33060,Ornsay,United Kingdom,57.149999999999999,-5.800000000000000
wpi:19470,Tenakee Springs,United States,57.783332999999999,-135.199999999999989
wpi:33140,Tobermory,United Kingdom,56.616667000000000,-6.066667000000000
wpi:21690,Stokkmarknes,Norway,68.566666999999995,14.916667000000000
wpi:32180,Perth,United Kingdom,56.399999999999999,-3.450000000000000
wpi:27755,Tahkoluoto,Finland,61.633333000000000,21.399999999999999
wpi:16710,Port Orford,United States,42.733333000000002,-124.500000000000000
wpi:22160,Tranoy,Norway,68.180833332999995,15.673611111000000
wpi:7200,Rockport,United States,42.666666999999997,-70.616667000000007
wpi:29905,Skaerbaek,Denmark,55.516666999999998,9.616667000000000
wpi:32450,Stromness,United Kingdom,58.966667000000001,-3.300000000000000
wpi:17550,Quartermaster Harbor,United States,47.383333000000000,-122.466667000000001
wpi:18330,Westview,Canada,49.834166666999998,-124.531944444000004
wpi:20190,Village Cove,United States,57.133333000000000,-170.266667000000012
wpi:7350,Vineyard Haven,United States,41.450000000000003,-70.599999999999994
wpi:4880,Sheboygan,United States,43.750000000000000,-87.700000000000003
wpi:2340,St Andrews East,Canada,45.566667000000002,-74.333332999999996
wpi:17700,Tacoma,United States,47.283332999999999,-122.416667000000004
wpi:33550,Troon,United Kingdom,55.549999999999997,-4.683333000000000
wpi:17900,Richardson,United States,48.450000000000003,-122.900000000000006
wpi:25720,Soderhamn,Sweden,61.299999999999997,17.083333000000000
wpi:3000,Toronto,Canada,43.616667000000000,-79.383332999999993
wpi:34150,Tarbert,Ireland,52.583333000000003,-9.366667000000000
wpi:16730,Prosper,United States,43.149999999999999,-124.366667000000007
wpi:13960,Puerto Gallegos,Argentina,-51.616667000000000,-68.966667000000001
wpi:24030,Varberg,Sweden,57.108888888999999,12.232500000000000
wpi:28750,Police,Poland,53.566667000000002,14.566667000000001
wpi:23620,Tvedestrand,Norway,58.611666667000001,8.942500000000001
wpi:44450,Samsun,Turkey,41.299999999999997,36.350000000000001
wpi:3510,Vermilion,United States,41.433332999999998,-82.366667000000007
wpi:26420,Vaja,Sweden,62.983333000000002,17.716667000000001
wpi:16880,Westport,United States,46.133333000000000,-123.383332999999993
wpi:28828,Wolgast,Germany,54.049999999999997,13.783333000000001
wpi:35415,Teignmouth Harbour,United Kingdom,50.549999999999997,-3.500000000000000
wpi:17160,Port Townsend,United States,48.116667000000000,-122.750000000000000
wpi:31210,Vlissingen,Netherlands,51.450000000000003,3.600000000000000
wpi:20390,Solomon,United States,64.549999999999997,-164.400000000000006
wpi:18760,Ucluelet,Canada,48.950000000000003,-125.549999999999997
wpi:790,Qasigiannguit-Christianshab,Greenland,68.816666999999995,-51.183332999999998
wpi:32380,Wick,United Kingdom,58.433332999999998,-3.083333000000000
wpi:16840,Warrenton,United States,46.166666999999997,-123.916667000000004
wpi:35170,Padstow,United Kingdom,50.549999999999997,-4.933333000000000
wpi:13900,Puerto Madryn,Argentina,-42.766666999999998,-65.033332999999999
wpi:23140,Vaksdal,Norway,60.478333333000002,5.732777778000000
wpi:4460,Oscoda,United States,44.416666999999997,-83.316666999999995
wpi:43510,Varna,Bulgaria,43.183332999999998,27.966667000000001
wpi:23810,Oslo,Norway,59.898055556000003,10.745555555999999
wpi:32680,Tvoroyri,Faroe Islands,61.549999999999997,-6.800000000000000
wpi:4220,Thessalon,Canada,46.250000000000000,-83.566666999999995
wpi:13250,Puerto De Asuncion,Paraguay,-25.266667000000002,-57.683332999999998
wpi:43655,Yuzhnyy,Ukraine,46.600000000000001,31.016667000000002
wpi:23670,Porsgrunn,Norway,59.147222222000003,9.653888888999999
wpi:19250,Waterfall,United States,55.299999999999997,-133.233332999999988
wpi:24810,Ronehamn,Sweden,57.116667000000000,18.500000000000000
wpi:44140,Temryuk,Russia,45.350000000000001,37.350000000000001
wpi:18130,Port Coquitlam,Canada,49.233333332999997,-122.766666666999996
wpi:27850,Tolkkinen,Finland,60.033332999999999,25.583333000000000
wpi:31360,Whitstable,United Kingdom,51.366667000000000,1.033333000000000
wpi:6550,St John,Canada,45.266666999999998,-66.049999999999997
wpi:30457,Thisted,Denmark,56.950000000000003,8.699999999999999
wpi:4830,Waukegan,United States,42.366667000000000,-87.816666999999995
wpi:44230,Tuapse,Russia,44.100000000000001,39.066667000000002
wpi:31220,Terneuzen,Netherlands,51.350000000000001,3.816667000000000
wpi:23460,Sauda,Norway,59.636944444000001,6.341111111000000
wpi:22520,Ornes,Norway,66.864722221999997,13.706944443999999
wpi:31700,Whitby,United Kingdom,54.483333000000002,-0.616667000000000
wpi:4410,Saginaw,United States,43.433332999999998,-83.933333000000005
wpi:4740,St Joseph,United States,42.116667000000000,-86.483333000000002
wpi:43673,Port Oktyabrsk,Ukraine,46.833333000000003,31.933333000000001
wpi:20090,Sanak,United States,54.483333000000002,-162.816666999999995
wpi:30285,Studstrup,Denmark,56.250000000000000,10.350000000000000
wpi:35790,Saint-Valery-Sur-Somme,France,50.183332999999998,1.616667000000000
wpi:17410,Silverdale,United States,47.649999999999999,-122.700000000000003
wpi:2470,Rockland,Canada,45.549999999999997,-75.299999999999997
wpi:20305,Platinum,United States,59.016666999999998,-161.833333000000010
wpi:35210,St. Mary's (Scilly Isl.),United Kingdom,49.916666999999997,-6.316667000000000
wpi:6650,Wyman,United States,44.516666999999998,-67.866667000000007
wpi:19900,Uyak,United States,57.633333000000000,-154.000000000000000
wpi:16870,Tongue Point,United States,46.200000000000003,-123.750000000000000
wpi:19770,Port Graham,United States,59.350000000000001,-151.816666999999995
wpi:21140,Talvik,Norway,70.033333333000002,22.949999999999999
wpi:32410,Pierowall,United Kingdom,59.317777778000000,-2.988611111000000
wpi:1020,Pond Inlet,Canada,72.750000000000000,-76.750000000000000
wpi:29660,Sakskobing,Denmark,54.799999999999997,11.633333000000000
wpi:23525,Stusvik,Norway,58.004444444000001,7.034166667000000
wpi:21900,Svolvaer,Norway,68.233333000000002,14.583333000000000
wpi:19280,Steamboat Bay,United States,55.533332999999999,-133.633332999999993
wpi:6500,Windsor,Canada,45.000000000000000,-64.150000000000006
wpi:17010,South Bend,United States,46.666666999999997,-123.783332999999999
wpi:20360,St. Michael,United States,63.483333000000002,-162.033332999999999
wpi:43570,Sulina,Romania,45.166666999999997,29.666667000000000
wpi:14220,Puerto Castro,Chile,-42.483333000000002,-73.766666999999998
wpi:3710,Point Edward,Canada,43.000000000000000,-82.416667000000004
wpi:4560,Sault Ste Marie,United States,46.500000000000000,-84.349999999999994
wpi:2210,Trois Rivieres,Canada,46.350000000000001,-72.549999999999997
wpi:13130,Puerto Sauce,Uruguay,-34.433332999999998,-57.450000000000003
wpi:24950,Visby,Sweden,57.633333000000000,18.283332999999999
wpi:19740,San Juan Cannery,United States,60.049999999999997,-148.066666999999995
wpi:28823,Szczecin,Poland,53.416666999999997,14.550000000000001
wpi:28848,Stralsund,Germany,54.316667000000002,13.100000000000000
wpi:12491,Vila Do Conde,Brazil,-1.550000000000000,-48.750000000000000
wpi:29560,Vordingborg,Denmark,55.000000000000000,11.900000000000000
wpi:23485,Skudeneshavn,Norway,59.143333333000001,5.258333333000000
wpi:35330,Par,United Kingdom,50.350000000000001,-4.700000000000000
wpi:31750,Seaham,United Kingdom,54.833333000000003,-1.316667000000000
wpi:7360,Woods Hole,United States,41.516666999999998,-70.666667000000004
wpi:542,Qutdleq,Greenland,61.516666999999998,-42.216667000000001
wpi:19830,Womens Bay,United States,57.716667000000001,-152.516667000000012
wpi:8822,Southwest Pass,United States,28.449999999999999,-90.700000000000003
wpi:28860,Rostock,Germany,54.100000000000001,12.133333000000000
wpi:19950,Port Vita,United States,58.066667000000002,-153.066666999999995
wpi:30060,Sonderborg,Denmark,54.916666999999997,9.783333000000001
wpi:17230,Port Gamble,United States,47.850000000000001,-122.583332999999996
wpi:35460,Weymouth Harbour,United Kingdom,50.616667000000000,-2.450000000000000
wpi:27990,Pargas,Finland,60.283332999999999,22.066666999999999
wpi:1955,Sept Iles,Canada,50.200000000000003,-66.383332999999993
wpi:34020,Westport,Ireland,53.799999999999997,-9.533333000000001
wpi:32630,Sullom Voe,United Kingdom,60.466667000000001,-1.300000000000000
wpi:2520,Ottawa,Canada,45.433332999999998,-75.700000000000003
wpi:29530,Skaelskor,Denmark,55.250000000000000,11.300000000000001
wpi:3750,Port Elgin,Canada,44.433332999999998,-81.400000000000006
wpi:18160,Port Moody,Canada,49.283332999999999,-122.883332999999993
wpi:31050,Zaandam,Netherlands,52.433332999999998,4.833333000000000
wpi:31370,Sheerness,United Kingdom,51.450000000000003,0.750000000000000
wpi:35560,Yarmouth Harbour,United Kingdom,50.700000000000003,-1.500000000000000
wpi:24690,Oskarshamn,Sweden,57.266666999999998,16.449999999999999
wpi:44345,Supsa Marine Terminal,Georgia,42.100000000000001,41.716667000000001
wpi:25910,Sundsvall,Sweden,62.383333000000000,17.350000000000001
wpi:17110,Sekiu,United States,48.266666999999998,-124.299999999999997
wpi:43710,Skadovs'k,Ukraine,46.100000000000001,32.916666999999997
wpi:1670,St John's,Canada,47.566667000000002,-52.700000000000003
wpi:13930,Puerto Deseado,Argentina,-47.750000000000000,-65.900000000000006
wpi:26140,Vivstavarv,Sweden,62.483333000000002,17.350000000000001
wpi:35480,Poole Harbour,United Kingdom,50.683332999999998,-1.950000000000000
wpi:24840,Slite,Sweden,57.700000000000003,18.816666999999999
wpi:32676,Vagur,Faroe Islands,61.483333000000002,-6.800000000000000
wpi:4340,St Clair,United States,42.816667000000002,-82.483333000000002
wpi:14650,Taltal,Chile,-25.399999999999999,-70.483333000000002
wpi:20483,Prudhoe Bay,United States,70.333332999999996,-148.416666999999990
wpi:16800,Reedsport,United States,43.700000000000003,-124.099999999999994
wpi:2330,St Placide,Canada,45.533332999999999,-74.200000000000003
wpi:16890,Rainier,United States,46.083333000000003,-122.933333000000005
wpi:13981,Villa Constitucion,Argentina,-33.299999999999997,-60.333333000000003
wpi:20135,Palisades Point,United States,52.233333000000002,-174.166666999999990
wpi:33480,Renfrew,United Kingdom,55.883333000000000,-4.383333000000000
wpi:16940,Portland,United States,45.516666999999998,-122.666667000000004
wpi:1000,Pituffik (Thule Air Base),Greenland,76.533332999999999,-68.866667000000007
wpi:3660,Sombra,Canada,42.716667000000001,-82.483333000000002
wpi:3590,Wyandotte,United States,42.200000000000003,-83.150000000000006
wpi:3010,Port Credit,Canada,43.549999999999997,-79.583332999999996
wpi:32702,Runavik,Faroe Islands,62.116667000000000,-6.716667000000000
wpi:30730,Rendsburg,Germany,54.299999999999997,9.683332999999999
wpi:22940,Tjotta,Norway,65.821111110999993,12.433333333000000
wpi:4730,South Haven,United States,42.399999999999999,-86.283332999999999
wpi:4870,Port Washington,United States,43.383333000000000,-87.866667000000007
wpi:35950,Rade De Cherbourg,France,49.649999999999999,-1.633333000000000
wpi:28770,Ustka,Poland,54.583333000000003,16.850000000000001
wpi:19180,Yes Bay,United States,55.916666999999997,-131.800000000000011
wpi:29760,Rudkobing,Denmark,54.950000000000003,10.716666999999999
wpi:21670,Sortland,Norway,68.696944443999996,15.421944443999999
wpi:37040,Rochefort,France,45.933332999999998,-0.950000000000000
wpi:4270,Richards Landing,Canada,46.299999999999997,-84.033332999999999
wpi:19590,Skagway,United States,59.450000000000003,-135.333333000000010
wpi:23823,Tofte,Norway,59.544166666999999,10.570555556000000
wpi:5960,Whycocomagh,Canada,45.966667000000001,-61.133333000000000
wpi:13940,Puerto San Julian,Argentina,-49.316667000000002,-67.700000000000003
wpi:44320,Sokhumi,Georgia,42.983333000000002,40.983333000000002
wpi:12330,Palua,Venezuela,8.366667000000000,-62.683332999999998
wpi:23680,Skien,Norway,59.199722221999998,9.603611110999999
wpi:31280,Zeebrugge,Belgium,51.333333000000003,3.200000000000000
wpi:32780,Scrabster Harbor,United Kingdom,58.616667000000000,-3.550000000000000
wpi:5450,Superior,United States,46.733333000000002,-92.066666999999995
wpi:1750,Port De St Pierre,Saint Pierre and Miquelon,46.783332999999999,-56.166666999999997
wpi:43925,Reni,Ukraine,45.433332999999998,28.300000000000001
wpi:37050,Tonnay Charente,France,45.933332999999998,-0.900000000000000
wpi:31720,Teesport,United Kingdom,54.649999999999999,-1.133333000000000
wpi:33620,Ramsey,Isle of Man,54.316667000000002,-4.366667000000000
wpi:260,Siglufjorhurd,Iceland,66.150000000000006,-18.916667000000000
wpi:3760,Southampton,Canada,44.500000000000000,-81.383332999999993
wpi:19300,Petersburg,United States,56.816667000000002,-132.949999999999989
wpi:23835,Sarpsborg,Norway,59.266666999999998,11.100000000000000
wpi:44240,Sochi,Russia,43.583333000000003,39.733333000000002
wpi:3150,Sackets Harbor,United States,43.950000000000003,-76.116667000000007
wpi:31765,Tynemouth,United Kingdom,55.000000000000000,-1.400000000000000
wpi:1605,Port Union,Canada,48.500000000000000,-53.083333000000003
wpi:3770,Tobermory,Canada,45.266666999999998,-81.666667000000004
wpi:35580,Southampton,United Kingdom,50.899999999999999,-1.400000000000000
wpi:31070,Scheveningen,Netherlands,52.100000000000001,4.266667000000000
wpi:3200,Rochester,United States,43.266666999999998,-77.599999999999994
wpi:20930,Sorvaer,Norway,70.627222222000000,21.964722221999999
wpi:2180,Quebec,Canada,46.816667000000002,-71.216667000000001
wpi:12980,Paranagua,Brazil,-25.500000000000000,-48.516666999999998
wpi:3960,Port Mcnicoll,Canada,44.750000000000000,-79.799999999999997
wpi:33570,Stranraer,United Kingdom,54.899999999999999,-5.033333000000000
wpi:6190,Stormont,Canada,45.216667000000001,-61.716667000000001
wpi:4380,Port Hope,United States,43.950000000000003,-82.700000000000003
wpi:20040,Sand Point,United States,55.333333000000003,-160.533332999999999
wpi:21870,Stamsund,Norway,68.121111111000005,13.848888888999999
wpi:4680,White Lake,United States,43.383333000000000,-86.349999999999994
wpi:25060,Vastervik,Sweden,57.766666999999998,16.649999999999999
wpi:17750,Point Wells,United States,47.783332999999999,-122.400000000000006
wpi:22350,Rognan,Norway,67.108611111000002,15.397777778000000
wpi:8350,Plymouth,United States,35.866667000000000,-76.750000000000000
wpi:23500,Rekefjord,Norway,58.325833332999999,6.258333333000000
wpi:30460,Thyboron,Denmark,56.700000000000003,8.216666999999999
wpi:18820,Port Alice,Canada,50.383333000000000,-127.450000000000003
wpi:31830,Warkworth Harbour,United Kingdom,55.333333000000003,-1.583333000000000
wpi:23790,Storsteilene,Norway,59.816666667000000,10.607500000000000
wpi:8870,Port Of Memphis,United States,35.066667000000002,-90.166667000000004
wpi:35110,Watchet Harbor,United Kingdom,51.183332999999998,-3.333333000000000
wpi:19670,Valdez,United States,61.116667000000000,-146.250000000000000
wpi:25900,Stockvik,Sweden,62.333333000000003,17.383333000000000
wpi:19990,Port William,United States,58.483333000000002,-152.583333000000010
wpi:2460,Thurso,Canada,45.600000000000001,-75.233333000000002
wpi:28715,Port Polnochny,Poland,54.399999999999999,18.716667000000001
wpi:17250,Poulsbo,United States,47.733333000000002,-122.650000000000006
wpi:30190,Vejle,Denmark,55.716667000000001,9.550000000000001
wpi:29600,Stege,Denmark,54.983333000000002,12.283333000000001
wpi:23487,Tananger,Norway,58.930000000000000,5.570833333000000
wpi:3550,Put In Bay,United States,41.649999999999999,-82.816666999999995
wpi:57070,Yandina,Solomon Islands,-9.083333000000000,159.216667000000001
wpi:27190,Pitea,Sweden,65.316666999999995,21.483332999999998
wpi:44390,Trabzon,Turkey,41.016666999999998,39.766666999999998
wpi:33370,Rothesay Harbor,United Kingdom,55.833333000000003,-5.050000000000000
wpi:20200,Port Moller,United States,55.983333000000002,-160.566666999999995
wpi:16930,St Helens,United States,45.866667000000000,-122.799999999999997
wpi:19807,Snug Harbor,United States,60.100000000000001,-152.583333000000010
wpi:21310,Tromso,Norway,69.650000000000006,18.966667000000001
wpi:35040,Sharpness,United Kingdom,51.716667000000001,-2.483333000000000
wpi:28510,Osmussaar,Estonia,59.299999999999997,23.366667000000000
wpi:4900,Two Rivers,United States,44.149999999999999,-87.566666999999995
wpi:13860,San Blas,Argentina,-40.566667000000002,-62.233333000000002
wpi:4130,Sheguiandah,Canada,45.899999999999999,-81.916667000000004
wpi:19810,Ouzinkie,United States,57.916666999999997,-152.500000000000000
wpi:43760,Sevastopol,Ukraine,44.616667000000000,33.533332999999999
wpi:3220,Youngstown,United States,43.250000000000000,-79.049999999999997
wpi:36370,Port De Roscoff-Bloscon,France,48.733333000000002,-3.983333000000000
wpi:33950,Sligo,Ireland,54.266666999999998,-8.466666999999999
wpi:5880,Port Hastings,Canada,45.649999999999999,-61.399999999999999
wpi:23330,Sagvag,Norway,59.771666666999998,5.378888889000000
wpi:33470,Rothesay Dock,United Kingdom,55.899999999999999,-4.400000000000000
wpi:35850,Port Of Rouen,France,49.450000000000003,1.066667000000000
wpi:3190,Sodus Bay,United States,43.266666999999998,-76.983333000000002
wpi:24280,Simrishamn,Sweden,55.558333333000000,14.358055556000000
wpi:19589,Tanani Point,United States,59.283332999999999,-135.449999999999989
wpi:25050,Verkeback,Sweden,57.733333000000002,16.533332999999999
wpi:18960,Port Simpson,Canada,54.566667000000002,-130.433333000000005
wpi:3810,Wiarton,Canada,44.750000000000000,-81.133332999999993
wpi:18872,Port Mcneill,Canada,50.583333000000003,-127.083332999999996
wpi:5490,Washington Harbor,United States,47.916666999999997,-89.150000000000006
wpi:100,Reykjavik,Iceland,64.150000000000006,-21.933333000000001
wpi:19660,Valdez Marine Terminal,United States,61.083333000000003,-146.400000000000006
wpi:51030,Pekalongan,Indonesia,-6.850000000000000,109.700000000000003
wpi:56590,Pohnpei Harbor,Federated States of Micronesia,6.983333000000000,158.199999999999989
wpi:59988,Yangzhou,China,32.266666999999998,119.433333000000005
wpi:53050,Sailolof,Indonesia,-1.250000000000000,130.750000000000000
wpi:59070,San Carlos,Philippines,10.483333000000000,123.416667000000004
wpi:690,Sisimiut,Greenland,66.916667000000004,-53.700000000000003
wpi:50330,Palembang,Indonesia,-2.983333000000000,104.766666999999998
wpi:51020,Tegal,Indonesia,-6.850000000000000,109.133332999999993
wpi:51040,Semarang,Indonesia,-6.950000000000000,110.416667000000004
wpi:3320,Rondeau,Canada,42.266666999999998,-81.900000000000006
wpi:7470,Stonington,United States,41.333333000000003,-71.900000000000006
wpi:16970,Washougal,United States,45.583333000000003,-122.349999999999994
wpi:250,Saudarkrokur,Iceland,65.750000000000000,-19.666667000000000
wpi:8890,Tri-City Port,United States,38.716667000000001,-90.200000000000003
wpi:53300,Thursday Island,Australia,-10.583333000000000,142.216667000000001
wpi:54940,Port Dalrymple,Australia,-41.133333000000000,146.833333000000010
wpi:62680,Pevek,Russia,69.716667000000001,170.300000000000011
wpi:55000,Whangaroa,New Zealand,-35.049999999999997,173.766667000000012
wpi:75,Straumsvik,Iceland,64.049999999999997,-22.050000000000001
wpi:56530,Tinian,Northern Mariana Islands,14.966666999999999,145.616667000000007
wpi:61090,Shakotan,Russia,43.866667000000000,146.833333000000010
wpi:59976,Taicang,China,31.649999999999999,121.200000000000003
wpi:57100,Tulaghi,Solomon Islands,-9.100000000000000,160.150000000000006
wpi:61353,Soma,Japan,37.833333000000003,140.949999999999989
wpi:56450,Tarawa Atoll,Kiribati,1.333333000000000,172.933333000000005
wpi:17990,Orcas,United States,48.600000000000001,-122.933333000000005
wpi:56290,Port Allen,United States,21.899999999999999,-159.583333000000010
wpi:4810,Wilmette,United States,42.083333000000003,-87.683333000000005
wpi:50231,Ramba,Indonesia,-2.616667000000000,104.133332999999993
wpi:52480,Teluk Beo,Indonesia,4.233333000000000,126.783332999999999
wpi:55840,Papeete,French Polynesia,-17.533332999999999,-149.583333000000010
wpi:28500,Vene-Balti,Estonia,59.456960000000002,24.656359999999999
wpi:28540,Virtsu,Estonia,58.575015999999998,23.510000999999999
wpi:28480,Vanasadam - Port of Tallinn,Estonia,59.450127999999999,24.766676000000000
wpi:62840,Rabocheostrovsk,Russia,64.991666667000004,34.795277777999999
wpi:58690,Tacloban,Philippines,11.250000000000000,125.000000000000000
wpi:16680,Samoa,United States,40.816667000000002,-124.183333000000005
wpi:56520,Saipan,Northern Mariana Islands,15.199999999999999,145.683333000000005
wpi:61165,Tomakomai Ko,Japan,42.633333000000000,141.633332999999993
wpi:59820,Siasi,Philippines,5.550000000000000,120.816666999999995
wpi:62810,Severodvinsk,Russia,64.577222222000003,39.773055556000003
wpi:56975,Port Noro,Solomon Islands,-8.216666999999999,157.183333000000005
wpi:8160,Trenton,United States,40.200000000000003,-74.766666999999998
wpi:52660,Wahai,Indonesia,-2.783333000000000,129.500000000000000
wpi:50510,Sibolga,Indonesia,1.733333000000000,98.766666999999998
wpi:51070,Rembang,Indonesia,-6.700000000000000,111.349999999999994
wpi:51254,Tanjung Benete,Indonesia,-8.900000000000000,116.750000000000000
wpi:57434,Tantawan Marine Terminal,Thailand,10.083333000000000,101.416667000000004
wpi:51100,Tuban,Indonesia,-6.733333000000000,112.150000000000006
wpi:62894,Vitino,Russia,67.083332999999996,32.316667000000002
wpi:58695,Tanauan,Philippines,11.100000000000000,125.016666999999998
wpi:19680,Whittier,United States,60.778333332999999,-148.694444443999998
wpi:58870,Tagbilaran,Philippines,9.650000000000000,123.849999999999994
wpi:62910,Ostrovnoy Gremikha,Russia,68.058333332999993,39.525555556000000
wpi:28550,Parnu,Estonia,58.383350999999998,24.480001000000001
wpi:55800,Uturoa,French Polynesia,-16.733332999999998,-151.449999999999989
wpi:60440,Wonsan,North Korea,39.166666999999997,127.450000000000003
wpi:58890,Tubigan,Philippines,9.949999999999999,123.966667000000001
wpi:48468,Sirus Oil Terminal,Iran,29.016667000000002,49.483333000000002
wpi:53190,Suloga Harbor,Papua New Guinea,-9.216666999999999,152.766667000000012
wpi:28515,Rohukula,Estonia,58.906059999999997,23.423922999999998
wpi:57005,Ringgi Cove,Solomon Islands,-8.116667000000000,157.099999999999994
wpi:56945,Queen Carola Harbor,Papua New Guinea,-5.166667000000000,154.550000000000011
wpi:60520,Senbong,North Korea,42.333333000000003,130.400000000000006
wpi:51180,Probolinggo,Indonesia,-7.716667000000000,113.216667000000001
wpi:53170,Samarai,Papua New Guinea,-10.616667000000000,150.666666999999990
wpi:61890,Ryotu Ko,Japan,38.083333000000003,138.566666999999995
wpi:50700,Pangkalansusu,Indonesia,4.116667000000000,98.216667000000001
wpi:62670,Tiksi,Russia,71.644444444000001,128.890555556000010
wpi:170,Thingeyri,Iceland,65.883332999999993,-23.483332999999998
wpi:8318,Warwick,United States,37.450000000000003,-77.416667000000004
wpi:60010,Wu Hu,China,31.333333000000000,118.366667000000007
wpi:59990,Zhangjiangang,China,31.966667000000001,120.400000000000006
wpi:50971,Poleng Oil Field,Indonesia,-6.650000000000000,112.916667000000004
wpi:60870,Vitaz Marine Terminal,Russia,52.700000000000003,143.550000000000011
wpi:55770,Vaitape,French Polynesia,-16.500000000000000,-151.750000000000000
wpi:55960,Port Rikitea,French Polynesia,-23.116667000000000,-134.966667000000001
wpi:51350,Waingapu,Indonesia,-9.633333000000000,120.216667000000001
wpi:57230,Port Vila,Vanuatu,-17.733332999999998,168.316666999999995
wpi:61855,Shimminato,Japan,36.766666999999998,137.116667000000007
wpi:7430,Quonset Point,United States,41.583333000000003,-71.400000000000006
wpi:62695,Port Dikson,Russia,73.506388888999993,80.506111110999996
wpi:58640,Port Borongan,Philippines,11.600000000000000,125.433333000000005
wpi:56323,Tern Island,United States,23.866667000000000,-166.283332999999999
wpi:28490,Paljassaare,Estonia,59.459102000000001,24.705639999999999
wpi:52510,Ternate,Indonesia,0.783333000000000,127.383332999999993
wpi:28425,Sillamae,Estonia,59.426119999999997,27.739450000000001
wpi:3310,Port Stanley,Canada,42.666666999999997,-81.200000000000003
wpi:58770,Ormoc,Philippines,11.000000000000000,124.599999999999994
wpi:52940,Serui,Indonesia,-1.900000000000000,136.250000000000000
wpi:52140,Poso,Indonesia,-1.366667000000000,120.750000000000000
wpi:50300,Sungaigerong,Indonesia,-2.983333000000000,104.833332999999996
wpi:17650,Shelton,United States,47.216667000000001,-123.099999999999994
wpi:52295,Pomalaa,Indonesia,-4.166667000000000,121.599999999999994
wpi:52870,Saumlaki,Indonesia,-7.983333000000000,131.300000000000011
wpi:50441,Pulau Baai,Indonesia,-3.916667000000000,102.283332999999999
wpi:52560,Patani,Indonesia,0.366667000000000,128.750000000000000
wpi:56540,Rota,Northern Mariana Islands,14.133333000000000,145.150000000000006
wpi:18060,Semiahmoo,United States,48.983333000000002,-122.766666999999998
wpi:56240,Pukoo,United States,21.066666999999999,-156.800000000000011
wpi:54672,Weipa,Australia,-12.666667000000000,141.866667000000007
wpi:48130,Rabigh,Saudi Arabia,22.733332999999998,38.983333000000002
wpi:90,Skerjafjordur,Iceland,64.150000000000006,-22.016667000000002
wpi:59963,Zhapu,China,30.583333000000000,121.083332999999996
wpi:52695,Salawati,Indonesia,-1.350000000000000,130.983332999999988
wpi:7641,Patchogue,United States,40.750000000000000,-73.016666999999998
wpi:33400,Faslane,United Kingdom,56.063889303000003,-4.819456751000000
wpi:40820,Trieste,Italy,45.651000000000003,13.746000000000000
wpi:3060,Port Dalhousie,Canada,43.216667000000001,-79.266666999999998
wpi:34560,Greenore,Ireland,54.033332999999999,-6.133333000000000
wpi:3360,Kingsville,Canada,42.016666999999998,-82.733333000000002
wpi:34360,Cork,Ireland,51.850000000000001,-8.266667000000000
wpi:59860,Fuzhou,China,26.083333000000000,119.299999999999997
wpi:15830,Topolobampo,Mexico,25.600000000000001,-109.066666999999995
wpi:33780,Kilroot,United Kingdom,54.733333000000002,-5.716667000000000
wpi:15850,Guaymas,Mexico,27.916667000000000,-110.916667000000004
wpi:3490,Cleveland,United States,41.500000000000000,-81.716667000000001
wpi:3560,Toledo,United States,41.700000000000003,-83.466667000000001
wpi:15765,Lazaro Cardenas,Mexico,17.933333000000001,-102.166667000000004
wpi:59015,Toledo,Philippines,10.366667000000000,123.633332999999993
wpi:61250,Rumoi Ko,Japan,43.950000000000003,141.633332999999993
wpi:6000,Sydney,Canada,46.149999999999999,-60.200000000000003
wpi:3570,Monroe,United States,41.883333000000000,-83.333332999999996
wpi:16830,Toledo,United States,44.616667000000000,-123.933333000000005
wpi:33770,Belfast,United Kingdom,54.616667000000000,-5.900000000000000
wpi:33145,Kilkeel,United Kingdom,54.049999999999997,-5.983333000000000
wpi:34480,Dublin,Ireland,53.350000000000001,-6.250000000000000
wpi:1957,Pointe Noire,Canada,50.166666999999997,-66.483333000000002
wpi:33790,Larne,United Kingdom,54.850000000000001,-5.800000000000000
wpi:33680,Warren Point,United Kingdom,54.100000000000001,-6.250000000000000
wpi:34390,New Ross,Ireland,52.383333000000000,-6.950000000000000
wpi:34025,Drogheda,Ireland,53.716667000000001,-6.300000000000000
wpi:34350,Cobh,Ireland,51.850000000000001,-8.300000000000001
wpi:34420,Rosslare,Ireland,52.250000000000000,-6.333333000000000
wpi:62640,Provideniya,Russia,64.421111111000002,-173.227499999999992
wpi:34400,Waterford,Ireland,52.266666999999998,-7.116667000000000
wpi:49330,Pamban,India,9.283333333000000,79.216666666999998
wpi:27825,Uto,Finland,59.783333333000002,21.366666667000001
wpi:1675,Bay Bulls,Canada,47.316666667000000,-52.816666667000000
wpi:1700,Placentia Bay,Canada,47.253554536000003,-54.014215767000003
wpi:1760,Miquelon,Saint Pierre and Miquelon,47.100000000000001,-56.366666666999997
wpi:1730,Marystown,Canada,47.183333333000000,-55.116666666999997
wpi:1714,Arnold's Cove,Canada,47.764799042999996,-53.981065504000000
wpi:1790,Burgeo,Canada,47.616666666999997,-57.600000000000001
wpi:1784,Fortune,Canada,47.073282200999998,-55.830687118999997
wpi:1712,Long Harbour,Canada,47.423624109000002,-53.826773459000002
wpi:1658,Long Pond,Canada,47.519201164000002,-52.978413427000000
wpi:1785,Grand Bank,Canada,47.100000000000001,-55.750000000000000
wpi:1650,Bay Roberts,Canada,47.589050000000000,-53.262650000000001
wpi:1786,Harbour Breton,Canada,47.483333332999997,-55.799999999999997
wpi:1655,Holyrood,Canada,47.399999999999999,-53.133333333000003
wpi:1470,Baie Verte,Canada,49.916666667000001,-56.200000000000003
wpi:1420,St Anthony,Canada,51.366666666999997,-55.566666667000000
wpi:1591,Carmanville,Canada,49.399999999999999,-54.266666667000003
wpi:1090,Churchill,Canada,58.783333333000002,-94.200000000000003
wpi:1500,Springdale,Canada,49.500000000000000,-56.066666667000000
wpi:1450,Roddickton,Canada,50.866666666999997,-56.133333333000003
wpi:1560,Lewisporte,Canada,49.250000000000000,-55.049999999999997
wpi:1150,Deception Bay,Canada,62.149999999999999,-74.683333332999993
wpi:1260,Nain,Canada,56.549999999999997,-61.683333333000000
wpi:1540,Botwood,Canada,49.133333333000003,-55.333333332999999
wpi:1570,Twillingate,Canada,49.649999999999999,-54.766666667000003
wpi:40,Thorlakshofn,Iceland,63.850000000000001,-21.366666667000001
wpi:230,Skagastrond,Iceland,65.816666667000007,-20.316666667000000
wpi:340,Raufarhofn,Iceland,66.450000000000003,-15.933333333000000
wpi:465,Djupivogur,Iceland,64.666666667000001,-14.283333333000000
wpi:900,Uummannaq,Greenland,70.666666667000001,-52.116666666999997
wpi:360,Vopnafjordur,Iceland,65.750000000000000,-14.816666667000000
wpi:350,Thorshofn,Iceland,66.200000000000003,-15.333333333000001
wpi:400,Seydisfjordur,Iceland,65.266666666999996,-14.000000000000000
wpi:65,Grindavik,Iceland,63.833333332999999,-22.433333333000000
wpi:120,Grundarfjordur,Iceland,64.933333332999993,-23.250000000000000
wpi:635,Faeringehavn,Greenland,63.683333333000000,-51.516666667000003
wpi:315,Grenivik,Iceland,65.950000000000003,-18.183333333000000
wpi:540,Ammassalik,Greenland,65.616666667000004,-37.616666666999997
wpi:453,Faskrudsfjordur,Iceland,64.916666667000001,-14.016666667000001
wpi:72,Helguvik,Iceland,64.016666666999996,-22.550000000000001
wpi:210,Hvammstangi,Iceland,65.400000000000006,-20.949999999999999
wpi:680,Soendre Stroemfjord,Greenland,66.950000000000003,-50.950000000000003
wpi:85,Kopavogur,Iceland,64.116666667000004,-21.949999999999999
wpi:155,Patreksfjordur,Iceland,65.599999999999994,-24.000000000000000
wpi:270,Olafsfjordur,Iceland,66.066666667000007,-18.649999999999999
wpi:125,Stykkisholmur,Iceland,65.083333332999999,-22.733333333000001
wpi:5680,Shediac Harbor,Canada,46.216666666999998,-64.533333333000002
wpi:1989,Cap des Mechins,Canada,49.000000000000000,-66.983333333000004
wpi:6290,Sheet Harbor,Canada,44.899999999999999,-62.500000000000000
wpi:1980,Godbout,Canada,49.316666667000000,-67.599999999999994
wpi:5702,Ile du Cap aux Meules,Canada,47.383333333000003,-61.916666667000001
wpi:5542,Newport (Canada),Canada,48.266666667000003,-64.750000000000000
wpi:1888,Natashquan,Canada,50.083333332999999,-61.733333332999997
wpi:5942,St Anns Harbour,Canada,46.283333333000002,-60.549999999999997
wpi:5890,Port Hood,Canada,46.000000000000000,-61.549999999999997
wpi:6401,Riverport,Canada,44.299999999999997,-64.333333332999999
wpi:6390,Lunenburg Harbour,Canada,44.366666666999997,-64.299999999999997
wpi:2100,Tadoussac,Canada,48.149999999999999,-69.716666666999998
wpi:5630,Miramichi,Canada,47.016666667000003,-65.500000000000000
wpi:5930,Dingwall Harbor,Canada,46.899999999999999,-60.466666666999998
wpi:5650,Richibucto Harbor,Canada,46.683333333000000,-64.866666667000004
wpi:5999,Crawley Creek,Canada,46.149999999999999,-60.223333332999999
wpi:5704,Havre de la Grande Entree,Canada,47.583333332999999,-61.583333332999999
wpi:2155,La Malbaie,Canada,47.633333333000003,-70.133333332999996
wpi:2145,Ile du Gros Cacouna,Canada,47.933333333000000,-69.500000000000000
wpi:5590,Bathurst Harbour,Canada,47.633333333000003,-65.633333332999996
wpi:6460,Yarmouth Harbor (Canada),Canada,43.833333332999999,-66.116666667000004
wpi:6420,Lockeport Harbor,Canada,43.700000000000003,-65.116666667000004
wpi:2080,Baie des Escoumins,Canada,48.350819999999999,-69.389171579000006
wpi:5950,Baddeck Harbour,Canada,46.100000000000001,-60.750000000000000
wpi:6430,Shelburne Harbour,Canada,43.750000000000000,-65.316666667000007
wpi:2152,St Simeon,Canada,47.833333332999999,-69.866666667000004
wpi:5700,Havre Aubert,Canada,47.233333332999997,-61.833333332999999
wpi:5780,Pugwash Harbour,Canada,45.850000000000001,-63.666666667000001
wpi:1900,Mingan Harbor,Canada,50.283333333000002,-64.016666666999996
wpi:2160,Portneuf,Canada,46.683333333000000,-71.883333332999996
wpi:6044,Arichat Harbour,Canada,45.516666667000003,-61.016666667000003
wpi:5585,Belledune Harbor,Canada,47.899999999999999,-65.833333332999999
wpi:1910,Port Menier,Canada,49.816666667000000,-64.349999999999994
wpi:2173,Pointe des Roches,Canada,47.416666667000001,-70.400000000000006
wpi:5730,Souris Harbour,Canada,46.350000000000001,-62.250000000000000
wpi:5540,Chandler,Canada,48.350000000000001,-64.666666667000001
wpi:9540,Puerto Morelos,Mexico,20.850000000000001,-86.883333332999996
wpi:1860,Old Ferolle Harbor,Canada,51.083333332999999,-56.883333333000003
wpi:1862,St. Barbe Harbor,Canada,51.200000000000003,-56.766666667000003
wpi:1850,Port Saunders,Canada,50.649999999999999,-57.283333333000002
wpi:1789,Great Jervis Harbor,Canada,47.649999999999999,-56.183333333000000
wpi:1853,Hawkes Habor,Canada,50.616666666999997,-57.299999999999997
wpi:910,Marmorilik,Greenland,71.133333332999996,-51.266666667000003
wpi:435,Reydarfjordur,Iceland,65.033333333000002,-14.100000000000000
wpi:455,Stodhvarfjordur,Iceland,64.833333332999999,-13.883333332999999
wpi:68,Sandgerdi,Iceland,64.033333333000002,-22.716666666999998
wpi:110,Litlisandur,Iceland,64.383333332999996,-21.449999999999999
wpi:115,Borgarnes,Iceland,64.549999999999997,-21.916666667000001
wpi:57860,Shan T Ou,China,23.366667000000000,116.683333000000005
wpi:57857,Yantian,China,22.583333000000000,114.266666999999998
wpi:57872,Zhangzhou,China,24.683333000000001,118.150000000000006
wpi:57876,Xiuyu,China,25.233332999999998,118.983333000000002
wpi:57874,Quanzhou,China,24.883333000000000,118.599999999999994
wpi:28210,Porvoo,Finland,60.299999999999997,25.633333000000000
wpi:14000,Stanley,Falkland Islands (Islas Malvinas),-51.700000000000003,-57.833333000000003
wpi:57821,Zhuhai,China,22.233332999999998,113.583332999999996
wpi:57777,Shekou,China,22.466667000000001,113.866667000000007
wpi:28360,Primorsk,Russia,60.366667000000000,28.633333000000000
wpi:27740,Pori,Finland,61.483333000000002,21.800000000000001
wpi:57870,Xiamen,China,24.449999999999999,118.066666999999995
wpi:36290,Pontrieux,France,48.709507582999997,-3.146202479000000
wpi:28410,Ust Luga,Russia,59.666666999999997,28.316666999999999
wpi:14150,Puerto Yartou,Chile,-53.883333000000000,-70.150000000000006
wpi:59995,Zhenjiang,China,32.216667000000001,119.433333000000005
wpi:18670,Victoria Harbor,Canada,48.433332999999998,-123.383332999999993
wpi:18150,Vancouver,Canada,49.283332999999999,-123.116667000000007
wpi:18730,Port Alberni,Canada,49.233333000000002,-124.816666999999995
wpi:45164,Abu Qir,Egypt,31.323997974000001,30.078534363999999
wpi:11670,St George's,Grenada,12.050000000000001,-61.750000000000000
wpi:14090,Puerto Sara,Chile,-52.633333000000000,-70.200000000000003
wpi:14080,Punta Delgada,Chile,-52.466667000000001,-69.549999999999997
wpi:28370,Sankt-Peterburg,Russia,59.933332999999998,30.300000000000001
wpi:27537,Rahja,Finland,64.217777777999999,23.679722221999999
wpi:20730,Mehamnfjorden,Norway,71.041346614000005,27.835338465000000
wpi:23065,Fiborgtangen,Norway,63.717642990999998,11.147972250000000
wpi:23503,Jossingfjord,Norway,58.314907138000002,6.333204587000000
wpi:22770,Nesna,Norway,66.200987053000006,13.010143533999999
wpi:23170,Haakonsvern,Norway,60.333164355999997,5.235305876000000
wpi:27820,Turku,Finland,60.450000000000003,22.233332999999998
wpi:28440,Kunda,Estonia,59.527774999999998,26.547196000000000
wpi:14100,Rada Punta Arenas,Chile,-53.166666999999997,-70.900000000000006
wpi:45172,Sidi Kerir (Kurayr),Egypt,31.056713682000002,29.670446971000001
wpi:57864,Dongshan,China,23.756666667000001,117.504999999999995
wpi:29435,Kyndbyvaerkets,Denmark,55.816667000000002,11.883333000000000
wpi:47820,Berbera,Somalia,10.449999999999999,45.016666999999998
wpi:38495,Burriana,Spain,39.883333000000000,-0.050000000000000
wpi:13020,Itajai,Brazil,-26.916667000000000,-48.633333000000000
wpi:45814,Nouakchott,Mauritania,18.033332999999999,-16.033332999999999
wpi:12857,Santa Clara,Brazil,-20.883333000000000,-51.366667000000000
wpi:9500,Campeche,Mexico,19.850000000000001,-90.549999999999997
wpi:45940,Monrovia,Liberia,6.316667000000000,-10.816667000000001
wpi:30400,Alborg,Denmark,57.049999999999997,9.933332999999999
wpi:30450,Hirtshals,Denmark,57.600000000000001,9.966666999999999
wpi:57657,Thanh Hoa,Vietnam,10.816667000000001,106.766666999999998
wpi:11690,Bridgetown,Barbados,13.100000000000000,-59.633333000000000
wpi:60376,Gwangyang Hang,South Korea,34.908459999999998,127.750119999999995
wpi:55500,Kingston,Norfolk Island,-29.066666999999999,167.949999999999989
wpi:55670,Apia,Samoa,-13.816667000000001,-171.766667000000012
wpi:11640,Kingstown,Saint Vincent and the Grenadines (Windward Islands),13.150000000000000,-61.233333000000002
wpi:60330,Kunsan,South Korea,35.983333000000002,126.616667000000007
wpi:10160,Puerto Padre,Cuba,21.283332999999999,-76.533332999999999
wpi:11550,Fort De France,Martinique,14.600000000000000,-61.066667000000002
wpi:11620,Vieux Fort,Saint Lucia,13.716666999999999,-60.966667000000001
wpi:10190,Vita,Cuba,21.100000000000001,-75.966666666999998
wpi:56330,Wake Island,Wake Island,19.283332999999999,166.616667000000007
wpi:11800,Caracasbaai,Curacao,12.066667000000001,-68.866667000000007
wpi:11820,Bullen Baai,Curacao,12.183332999999999,-69.033332999999999
wpi:11780,Kralendijk,Caribbean Netherlands,12.150000000000000,-68.283332999999999
wpi:11781,Goto Oil Terminal,Caribbean Netherlands,12.216666999999999,-68.383332999999993
wpi:11810,Willemstad,Curacao,12.116667000000000,-68.933333000000005
wpi:11830,Sint Nicolaas Baai,Aruba,12.433332999999999,-69.916667000000004
wpi:56500,Nauru,Nauru,-0.533333000000000,166.916666999999990
wpi:56550,Apra Harbor,Guam,13.449999999999999,144.616667000000007
wpi:62630,Nikol Skoye,Russia,55.200000000000003,165.983332999999988
wpi:14860,Bahia De Matarani,Peru,-17.000000000000000,-72.116667000000007
wpi:11930,Barranquilla,Colombia,10.966666999999999,-74.766666999999998
wpi:11772,Galeota Point Terminal,Trinidad and Tobago,10.133333000000000,-60.983333000000002
wpi:12260,Carupano,Venezuela,10.699999999999999,-63.250000000000000
wpi:12270,Guiria,Venezuela,10.566667000000001,-62.299999999999997
wpi:12370,Georgetown,Guyana,6.833333000000000,-58.166666999999997
wpi:605,Gronnedal (Kangilinnguit),Greenland,61.233333000000002,-48.100000000000001
wpi:12810,Port Of Ilheus,Brazil,-14.783333000000001,-39.016666999999998
wpi:57415,Kirteh Oil Terminal,Malaysia,4.566667000000000,103.466667000000001
wpi:49794,Khanom,Thailand,9.199999999999999,99.900000000000006
wpi:57462,Laem Chabang,Thailand,13.083333000000000,100.883332999999993
wpi:57575,Cat Lai,Vietnam,10.750000000000000,106.783332999999999
wpi:57439,Songkhla Harbor,Thailand,7.216667000000000,100.583332999999996
wpi:57461,Siam Seaport,Thailand,13.133333000000000,100.883332999999993
wpi:57458,Si Racha,Thailand,13.166667000000000,100.916667000000004
wpi:57572,Phu My,Vietnam,10.583333000000000,107.033332999999999
wpi:57580,Thanh Ho Chi Minh,Vietnam,10.766667000000000,106.716667000000001
wpi:57472,Petchburi Terminal,Thailand,13.166667000000000,100.150000000000006
wpi:57655,Mui Vung Tau,Vietnam,10.316667000000001,107.066666999999995
wpi:57745,Fang-Cheng,China,21.750000000000000,108.349999999999994
wpi:49792,Bang Saphan,Thailand,11.183332999999999,99.599999999999994
wpi:57610,Vinh Cam Ranh,Vietnam,11.883333000000000,109.166667000000004
wpi:57680,Hai Phong,Vietnam,20.916667000000000,106.683333000000005
wpi:57450,Bangkok,Thailand,13.750000000000000,100.500000000000000
wpi:57460,Si Racha Terminal,Thailand,13.116667000000000,100.883332999999993
wpi:57446,Sattahip,Thailand,12.616667000000000,100.916667000000004
wpi:57640,Qui Nhon,Vietnam,13.766667000000000,109.233333000000002
wpi:57470,Ko Si Chang Terminal,Thailand,13.166667000000000,100.816666999999995
wpi:57570,Vung Tau,Vietnam,10.350000000000000,107.066666999999995
wpi:12150,La Guaira,Venezuela,10.616667000000000,-66.933333000000005
wpi:12115,El Palito,Venezuela,10.483333000000000,-68.116667000000007
wpi:59940,Ningbo,China,29.883333000000000,121.549999999999997
wpi:12060,Las Piedras,Venezuela,11.699999999999999,-70.216667000000001
wpi:12070,Amuay (Bahia De Amuay),Venezuela,11.750000000000000,-70.233333000000002
wpi:12145,Catia La Mar,Venezuela,10.600000000000000,-67.016666999999998
wpi:60130,Lianyungang,China,34.733333000000002,119.450000000000003
wpi:12130,Puerto Borburata,Venezuela,10.483333000000000,-67.983333000000002
wpi:12100,Puerto Chichiriviche,Venezuela,10.916667000000000,-68.266666999999998
wpi:12120,Puerto Cabello,Venezuela,10.483333000000000,-68.000000000000000
wpi:11782,Salina,Caribbean Netherlands,12.083333000000000,-68.283332999999999
wpi:59970,Shanghai,China,31.216667000000001,121.500000000000000
wpi:60133,Rizhao,China,35.383333000000000,119.566666999999995
wpi:60125,Lanshan,China,35.079999999999998,119.366667000000007
wpi:59910,Wenzhou,China,28.016667000000002,120.650000000000006
wpi:60140,Qingdao Gang,China,36.033332999999999,120.266666999999998
wpi:11400,Basseterre,Saint Kitts and Nevis,17.300000000000001,-62.716667000000001
wpi:11160,Bahia De Fajardo,Puerto Rico,18.333333000000000,-65.633332999999993
wpi:11410,Charlestown,Saint Kitts and Nevis,17.133333000000000,-62.633333000000000
wpi:11205,Puerto Yabucoa,Puerto Rico,18.050000000000001,-65.833332999999996
wpi:11190,Playa De Humacao,Puerto Rico,18.166667000000000,-65.750000000000000
wpi:11390,Oranjestad,Caribbean Netherlands,17.483332999999998,-62.983333000000002
wpi:14895,Bahia San Nicolas,Peru,-15.250000000000000,-75.233333000000002
wpi:14840,Puerto Ilo,Peru,-17.633333000000000,-71.366667000000007
wpi:15000,Punta Lobitos (Bahia De Huarmey),Peru,-10.100000000000000,-78.166667000000004
wpi:14990,Puerto Supe,Peru,-10.800000000000001,-77.750000000000000
wpi:62635,Port Beringovsky,Russia,63.063055556000002,179.367500000000007
wpi:53360,Mourilyan Harbour,Australia,-17.600000000000001,146.133332999999993
wpi:50045,Kijang,Indonesia,0.850000000000000,104.599999999999994
wpi:49982,Johor,Malaysia,1.433333000000000,103.900000000000006
wpi:14500,Bahia De Valparaiso,Chile,-33.033332999999999,-71.616667000000007
wpi:14425,Lirquen,Chile,-36.716667000000001,-72.983333000000002
wpi:14415,Bahia San Vicente,Chile,-36.733333000000002,-73.166667000000004
wpi:14340,Bahia De Valdivia,Chile,-39.799999999999997,-73.250000000000000
wpi:12585,Itaqui,Brazil,-2.566667000000000,-44.366667000000000
wpi:12560,Manaus,Brazil,-3.133333000000000,-60.016666999999998
wpi:12540,Itacoatiara,Brazil,-3.150000000000000,-58.450000000000003
wpi:11710,Chaguaramas,Trinidad and Tobago,10.683332999999999,-61.649999999999999
wpi:11760,Brighton,Trinidad and Tobago,10.250000000000000,-61.633333000000000
wpi:50017,Jurong Island,Singapore,1.283333000000000,103.733333000000002
wpi:50100,Dabo,Indonesia,-0.500000000000000,104.566666999999995
wpi:14400,Coronel,Chile,-37.033332999999999,-73.166667000000004
wpi:14510,Bahia Quintero (Ventanas),Chile,-32.766666999999998,-71.533332999999999
wpi:14380,Lota,Chile,-37.100000000000001,-73.150000000000006
wpi:14560,Bahia Herradura Guayacan,Chile,-29.966667000000001,-71.366667000000007
wpi:14610,Huasco,Chile,-28.466667000000001,-71.250000000000000
wpi:9355,Altamira,Mexico,22.483332999999998,-97.849999999999994
wpi:11718,Anse Tembladora,Trinidad and Tobago,10.683332999999999,-61.583333000000003
wpi:12485,Porto Santana,Brazil,-0.050000000000000,-51.183332999999998
wpi:11700,Scarborough,Trinidad and Tobago,11.183332999999999,-60.733333000000002
wpi:9370,Tuxpan,Mexico,20.949999999999999,-97.400000000000006
wpi:12275,Puerto De Hierro,Venezuela,10.633333000000000,-62.100000000000001
wpi:11750,Point Lisas Industrial Port,Trinidad and Tobago,10.400000000000000,-61.500000000000000
wpi:13660,Ramallo,Argentina,-33.483333000000002,-60.016666999999998
wpi:14420,Talcahuano,Chile,-36.700000000000003,-73.099999999999994
wpi:14720,Tocopilla,Chile,-22.083333000000000,-70.233333000000002
wpi:11725,Point Lisas Port,Trinidad and Tobago,10.383333000000000,-61.483333000000002
wpi:13640,Villa Constitucion,Argentina,-33.233333000000002,-60.333333000000003
wpi:12510,Santarem,Brazil,-2.416667000000000,-54.716667000000001
wpi:14440,Penco,Chile,-36.716667000000001,-73.000000000000000
wpi:13650,San Nicolas,Argentina,-33.333333000000003,-60.233333000000002
wpi:13690,Puerto Ibicuy,Argentina,-33.750000000000000,-59.183332999999998
wpi:9360,Tampico,Mexico,22.216667000000001,-97.866667000000007
wpi:13670,San Pedro,Argentina,-33.583333000000003,-59.816667000000002
wpi:11720,Port Of Spain,Trinidad and Tobago,10.650000000000000,-61.516666999999998
wpi:11730,Pointe A Pierre,Trinidad and Tobago,10.316667000000001,-61.466667000000001
wpi:13700,Zarate,Argentina,-34.083333000000003,-59.033332999999999
wpi:11770,Point Fortin,Trinidad and Tobago,10.199999999999999,-61.700000000000003
wpi:14330,Puerto De Corral,Chile,-39.866667000000000,-73.433333000000005
wpi:50030,Tanjunguban,Indonesia,1.066667000000000,104.216667000000001
wpi:50015,Pulau Sebarok,Singapore,1.200000000000000,103.799999999999997
wpi:50060,Pulau Sambu,Indonesia,1.166667000000000,103.900000000000006
wpi:50010,Pulau Bukom,Singapore,1.233333000000000,103.766666999999998
wpi:50055,Sekupang,Indonesia,1.133333000000000,103.916667000000004
wpi:50040,Tanjungpinang,Indonesia,0.916667000000000,104.450000000000003
wpi:55400,Bluff Harbor,New Zealand,-46.600000000000001,168.333333000000010
wpi:55060,Auckland,New Zealand,-36.850000000000001,174.766667000000012
wpi:55080,Tauranga,New Zealand,-37.633333000000000,176.166666999999990
wpi:55450,Westport,New Zealand,-41.750000000000000,171.599999999999994
wpi:54760,Hobart,Australia,-42.883333000000000,147.333333000000010
wpi:13920,Comodoro Rivadavia,Argentina,-45.866667000000000,-67.466667000000001
wpi:13070,Pelotas,Brazil,-31.783332999999999,-52.333333000000003
wpi:13980,Ushuaia,Argentina,-54.816667000000002,-68.299999999999997
wpi:14190,Puerto Natales,Chile,-51.716667000000001,-72.566666999999995
wpi:13830,Puerto Nacional,Argentina,-38.799999999999997,-62.283332999999999
wpi:13060,Rio Grande,Brazil,-32.049999999999997,-52.083333000000003
wpi:13840,Puerto Galvan,Argentina,-38.783332999999999,-62.299999999999997
wpi:13800,Puerto Rosales,Argentina,-38.933332999999998,-62.066667000000002
wpi:13820,Puerto Ingeniero White,Argentina,-38.799999999999997,-62.266666999999998
wpi:13600,Puerto San Martin,Argentina,-32.716667000000001,-60.733333000000002
wpi:14075,Puerto Williams,Chile,-54.933332999999998,-67.599999999999994
wpi:13810,Puerto Belgrano,Argentina,-38.883333000000000,-62.100000000000001
wpi:13055,Tramandai,Brazil,-29.983332999999998,-50.133333000000000
wpi:14197,Puerto Chacabuco,Chile,-45.466667000000001,-72.833332999999996
wpi:54660,Wyndham,Australia,-15.466666999999999,128.099999999999994
wpi:54630,Broome,Australia,-17.966667000000001,122.233333000000002
wpi:46459,Dussafu Terminal,Gabon,-4.250000000000000,10.816667000000001
wpi:15550,Corinto,Nicaragua,12.483333000000000,-87.166667000000004
wpi:15640,Acajutla,El Salvador,13.583333000000000,-89.833332999999996
wpi:15710,Puerto Madero,Mexico,14.699999999999999,-92.450000000000003
wpi:15730,Salina Cruz,Mexico,16.166667000000000,-95.200000000000003
wpi:15545,Puerto Sandino,Nicaragua,12.183332999999999,-86.766666999999998
wpi:15660,Puerto Quetzal,Guatemala,13.916667000000000,-90.799999999999997
wpi:51646,Kuala Belait,Brunei,4.633333000000000,114.200000000000003
wpi:51580,Sibu,Malaysia,2.283333000000000,111.816666999999995
wpi:51583,Sarikei,Malaysia,2.133333000000000,111.533332999999999
wpi:51570,Bintangor,Malaysia,2.166667000000000,111.633332999999993
wpi:53150,Daru,Papua New Guinea,-9.066667000000001,143.199999999999989
wpi:53130,Merauke,Indonesia,-8.483333000000000,140.383332999999993
wpi:43093,Kavonisi-Kissamos,Greece,35.516666999999998,23.633333000000000
wpi:53165,Alotoa,Papua New Guinea,-10.316667000000001,150.449999999999989
wpi:58395,Subic Bay,Philippines,14.800000000000001,120.266666999999998
wpi:58460,San Fernando Harbor,Philippines,16.616667000000000,120.316666999999995
wpi:58150,Tabaco,Philippines,13.366667000000000,123.733333000000002
wpi:58130,Virac,Philippines,13.583333000000000,124.250000000000000
wpi:58370,Manila,Philippines,14.583333000000000,120.966667000000001
wpi:57990,Claveria,Philippines,18.616667000000000,121.083332999999996
wpi:58390,Mariveles,Philippines,14.433332999999999,120.483333000000002
wpi:58540,Calapan,Philippines,13.416667000000000,121.183333000000005
wpi:58170,Legazpi Port,Philippines,13.150000000000000,123.750000000000000
wpi:58000,Aparri,Philippines,18.366667000000000,121.633332999999993
wpi:58320,Batangas City,Philippines,13.750000000000000,121.049999999999997
wpi:58410,Masinloc,Philippines,15.550000000000001,119.950000000000003
wpi:28505,Paldiski Lounasadam,Estonia,59.333342999999999,24.081111000000000
wpi:25570,Karskar,Sweden,60.683332999999998,17.266667000000002
wpi:25760,Iggesund,Sweden,61.649999999999999,17.083333000000000
wpi:27080,Skelleftehamn,Sweden,64.683333000000005,21.233332999999998
wpi:28506,Paldiski Pohjasadam,Estonia,59.349752000000002,24.047504000000000
wpi:61140,Hanasaki Ko,Japan,43.283332999999999,145.583333000000010
wpi:61130,Nemuro Ko,Japan,43.333333000000003,145.583333000000010
wpi:61205,Esasi Ko,Japan,41.866667000000000,140.116667000000007
wpi:61180,Mori,Japan,42.116667000000000,140.583333000000010
wpi:61230,Otaru Ko,Japan,43.200000000000003,141.016667000000012
wpi:61260,Wakkanai,Japan,43.416666999999997,141.683333000000005
wpi:27680,Kristinestad,Finland,62.283332999999999,21.399999999999999
wpi:27570,Pietarsaari,Finland,63.683332999999998,22.666667000000000
wpi:27410,Kemi,Finland,65.733333000000002,24.566666999999999
wpi:28460,Loksa,Estonia,59.583392000000003,25.698937999999998
wpi:47460,Toliara,Madagascar,-23.366667000000000,43.666666999999997
wpi:47510,Mananjary,Madagascar,-21.250000000000000,48.333333000000003
wpi:47430,Morondava,Madagascar,-20.283332999999999,44.299999999999997
wpi:57935,Tan-Shui,Taiwan,25.183333000000001,121.400000000000006
wpi:26800,Rundvik,Sweden,63.533332999999999,19.449999999999999
wpi:28484,Muuga-Port of Tallin,Estonia,59.500042000000001,24.966692999999999
wpi:47220,Victoria,Seychelles,-4.616667000000000,55.450000000000003
wpi:47500,Manakara,Madagascar,-22.116667000000000,48.049999999999997
wpi:47470,Tolanaro,Madagascar,-25.033332999999999,47.000000000000000
wpi:28220,Loviisa,Finland,60.450000000000003,26.233332999999998
wpi:28185,Porkkala,Finland,60.083333000000003,24.383333000000000
wpi:57955,Tai-Chung Kang,Taiwan,24.300000000000001,120.500000000000000
wpi:47540,Toamasina,Madagascar,-18.166667000000000,49.416666999999997
wpi:47720,Port Louis,Mauritius,-20.149999999999999,57.500000000000000
wpi:27280,Karlsborg,Sweden,65.799999999999997,23.283332999999999
wpi:47360,Andoany,Madagascar,-13.400000000000000,48.299999999999997
wpi:47800,Diego Garcia,British Indian Ocean Territory,-7.350000000000000,72.466667000000001
wpi:57910,Hua-Lien Kang,Taiwan,23.983332999999998,121.599999999999994
wpi:57920,Kao-Hsiung,Taiwan,22.616667000000000,120.250000000000000
wpi:25480,Hargshamn,Sweden,60.183332999999998,18.449999999999999
wpi:25640,Vallvik,Sweden,61.183332999999998,17.166667000000000
wpi:25550,Skutskar,Sweden,60.649999999999999,17.399999999999999
wpi:63130,Mcmurdo Station,Antarctica,-77.849999999999994,166.650000000000006
wpi:51590,Miri,Malaysia,4.383333000000000,113.966667000000001
wpi:51645,Seria Oil Loading Terminal,Brunei,4.616667000000000,114.316666999999995
wpi:51635,Lumut,Brunei,4.716667000000000,114.450000000000003
wpi:48495,Bandar-E Shahid Rejaie,Iran,27.100000000000001,56.066667000000002
wpi:15310,Manta,Ecuador,-0.950000000000000,-80.716667000000001
wpi:30290,Grenaa Havn,Denmark,56.416666999999997,10.933332999999999
wpi:30230,Horsens,Denmark,55.866667000000000,9.850000000000000
wpi:15030,Puerto De Chimbote,Peru,-9.083333000000000,-78.616667000000007
wpi:30330,Randers,Denmark,56.466667000000001,10.050000000000001
wpi:51695,Sapangar Bay,Malaysia,6.083333000000000,116.116667000000007
wpi:51620,Muara Harbor,Brunei,5.033333000000000,115.066666999999995
wpi:51770,Tanjung Arang  (Bunyu),Indonesia,3.466667000000000,117.833332999999996
wpi:12570,Iquitos,Peru,-3.750000000000000,-73.233333000000002
wpi:51830,Senipah Oil Terminal,Indonesia,-0.950000000000000,117.166667000000004
wpi:10770,Kingston,Jamaica,17.966667000000001,-76.783332999999999
wpi:10660,Ocho Rios,Jamaica,18.416667000000000,-77.116667000000007
wpi:10610,Montego Bay,Jamaica,18.466667000000001,-77.933333000000005
wpi:10820,Jacmel,Haiti,18.233332999999998,-72.533332999999999
wpi:11460,Basse Terre,Guadeloupe,16.000000000000000,-61.733333000000002
wpi:10600,Lucea,Jamaica,18.449999999999999,-78.166667000000004
wpi:10620,Falmouth,Jamaica,18.483332999999998,-77.650000000000006
wpi:10860,Miragoane,Haiti,18.449999999999999,-73.083332999999996
wpi:13570,Parana,Argentina,-31.716667000000001,-60.533332999999999
wpi:9625,Santo Tomas De Castilla,Guatemala,15.699999999999999,-88.616667000000007
wpi:9620,Puerto Barrios,Guatemala,15.733333000000000,-88.599999999999994
wpi:9650,Puerto Cortes,Honduras,15.833333000000000,-87.950000000000003
wpi:11530,Portsmouth,Dominica,15.566667000000001,-61.466667000000001
wpi:11520,Roseau,Dominica,15.300000000000001,-61.399999999999999
wpi:10870,Petit Goave,Haiti,18.433333000000001,-72.866667000000007
wpi:10773,Rocky Point,Jamaica,17.816666999999999,-77.150000000000006
wpi:11450,Pointe A Pitre,Guadeloupe,16.233332999999998,-61.533332999999999
wpi:10800,Savannah La Mar,Jamaica,18.199999999999999,-78.133332999999993
wpi:10630,Rio Bueno,Jamaica,18.466667000000001,-77.466667000000001
wpi:10772,Port Esquivel,Jamaica,17.883333000000000,-77.133332999999993
wpi:10880,Port Au Prince,Haiti,18.550000000000001,-72.349999999999994
wpi:10775,Port Kaiser,Jamaica,17.866667000000000,-77.599999999999994
wpi:3860,Owen Sound,Canada,44.583333000000003,-80.933333000000005
wpi:28740,Gdynia,Poland,54.533332999999999,18.550000000000001
wpi:29230,Kobenhavn,Denmark,55.700000000000003,12.616667000000000
wpi:28530,Roomassaare,Estonia,58.215040000000002,22.506950000000000
wpi:23770,Svelvik,Norway,59.620277778000002,10.411388888999999
wpi:23970,Lysekil,Sweden,58.271388889000001,11.444166666999999
wpi:24120,Helsingborg,Sweden,56.035277778000001,12.687777777999999
wpi:28890,Lubeck,Germany,53.883333000000000,10.699999999999999
wpi:23870,Stromstad,Sweden,58.933332999999998,11.166667000000000
wpi:28620,Ventspils,Latvia,57.399999999999999,21.533332999999999
wpi:24790,Degerhamn,Sweden,56.350000000000001,16.416667000000000
wpi:54675,Gove,Australia,-12.199999999999999,136.699999999999989
wpi:24370,Karlshamn,Sweden,56.152777778000001,14.869166667000000
wpi:28660,Klaipeda,Lithuania,55.716667000000001,21.116667000000000
wpi:5210,Thunder Bay,Canada,48.399999999999999,-89.233333000000002
wpi:24300,Ahus,Sweden,55.927500000000002,14.328055556000001
wpi:25395,Vasteras,Sweden,59.616667000000000,16.550000000000001
wpi:29490,Kalundborg,Denmark,55.683332999999998,11.100000000000000
wpi:23700,Larvik,Norway,59.038055556000003,10.031111111000000
wpi:23640,Kragero,Norway,58.863611110999997,9.413055556000000
wpi:29085,Nekso,Denmark,55.066667000000002,15.133333000000000
wpi:29110,Ronne,Denmark,55.100000000000001,14.699999999999999
wpi:29545,Stigsnaesvaerkets Havn,Denmark,55.200000000000003,11.250000000000000
wpi:28525,Saaremaa sadam,Estonia,58.536129000000003,22.236096000000000
wpi:15050,Salaverry,Peru,-8.233333000000000,-78.983333000000002
wpi:28610,Riga,Latvia,56.950000000000003,24.100000000000001
wpi:54670,Darwin,Australia,-12.471388889000000,130.847777777999994
wpi:24250,Trelleborg,Sweden,55.359999999999999,13.150555556000000
wpi:29260,Tuborg,Denmark,55.716667000000001,12.583333000000000
wpi:9830,Almirante,Panama,9.300000000000001,-82.400000000000006
wpi:9840,Bocas Del Toro,Panama,9.333333000000000,-82.233333000000002
wpi:9825,Chiriqui Grande,Panama,8.949999999999999,-82.116667000000007
wpi:54565,Cape Cuvier,Australia,-24.216667000000001,113.383332999999993
wpi:19610,Excursion Inlet,United States,58.416666999999997,-135.449999999999989
wpi:19588,Haines,United States,59.233333000000002,-135.433333000000005
wpi:19580,Juneau,United States,58.299999999999997,-134.416666999999990
wpi:19530,Funter,United States,58.250000000000000,-134.900000000000006
wpi:19520,Hawk Inlet,United States,58.116667000000000,-134.750000000000000
wpi:19480,Chatham,United States,57.516666999999998,-134.933333000000005
wpi:19460,Hoonah,United States,58.116667000000000,-135.449999999999989
wpi:19240,Hydaburg,United States,55.200000000000003,-132.833333000000010
wpi:19220,Kasaan,United States,55.533332999999999,-132.400000000000006
wpi:19110,Metlakatla,United States,55.133333000000000,-131.566666999999995
wpi:19000,Masset Harbor,Canada,54.016666999999998,-132.150000000000006
wpi:19310,Kake,United States,56.966667000000001,-133.933333000000005
wpi:19550,Dupont,United States,58.233333000000002,-134.266667000000012
wpi:61060,Moskal Vo,Russia,53.583333000000003,142.500000000000000
wpi:19130,Ketchikan,United States,55.333333000000003,-131.650000000000006
wpi:19450,Elfin Cove,United States,58.200000000000003,-136.349999999999994
wpi:60990,Lesogorsk,Russia,49.450000000000003,142.133332999999993
wpi:19170,Loring,United States,55.600000000000001,-131.633332999999993
wpi:19370,Big Port Walter,United States,56.383333000000000,-134.733332999999988
wpi:19375,Little Port Walter,United States,56.383333000000000,-134.633332999999993
wpi:62540,Okhotsk Iy Reyd,Russia,59.366667000000000,143.199999999999989
wpi:60981,Shakhtersk,Russia,49.166666999999997,142.066666999999995
wpi:60880,Poronaysk,Russia,49.216667000000001,143.133332999999993
wpi:62550,Bukhta Nagayeva (Magadan),Russia,59.566667000000002,150.716667000000001
wpi:60980,Uglegorsk,Russia,49.083333000000003,142.033332999999999
wpi:60820,Nikolayevsk Na Amur,Russia,53.133333000000000,140.733332999999988
wpi:61045,Lazarev,Russia,52.216667000000001,141.516667000000012
wpi:62600,Petropavlovsk,Russia,53.049999999999997,158.650000000000006
wpi:60930,Nevelsk,Russia,46.666666999999997,141.866667000000007
wpi:60940,Kholmsk,Russia,47.049999999999997,142.050000000000011
wpi:60795,Sovetskaya Gavan,Russia,48.973611110999997,140.268055556000007
wpi:60800,Bukhta Vanino,Russia,49.083333000000003,140.283332999999999
wpi:60920,Korsakov,Russia,46.616667000000000,142.766667000000012
wpi:54600,Port Walcott,Australia,-20.649999999999999,117.183333000000005
wpi:54450,Esperance,Australia,-33.866667000000000,121.900000000000006
wpi:54410,Thevenard,Australia,-32.166666999999997,133.650000000000006
wpi:54520,Fremantle,Australia,-32.049999999999997,115.750000000000000
wpi:54540,Geraldton,Australia,-28.783332999999999,114.599999999999994
wpi:54605,Dampier,Australia,-20.633333000000000,116.716667000000001
wpi:54470,Albany,Australia,-35.033332999999999,117.883332999999993
wpi:54555,Useless Loop,Australia,-26.083333000000000,113.400000000000006
wpi:54580,Onslow,Australia,-21.649999999999999,115.099999999999994
wpi:54620,Port Hedland,Australia,-20.316666999999999,118.583332999999996
wpi:54500,Bunbury,Australia,-33.316667000000002,115.633332999999993
wpi:54350,Port Lincoln,Australia,-34.716667000000001,135.849999999999994
wpi:54280,Wallaroo,Australia,-33.933332999999998,137.616667000000007
wpi:54050,Geelong,Australia,-38.149999999999999,144.366667000000007
wpi:15410,Balboa,Panama,8.949999999999999,-79.566666999999995
wpi:11900,Covenas,Colombia,9.416667000000000,-75.683333000000005
wpi:10100,Bahai De La Habana,Cuba,23.133333000000000,-82.366667000000007
wpi:10090,Mariel,Cuba,22.983332999999998,-82.750000000000000
wpi:10080,Cabanas,Cuba,23.000000000000000,-82.966667000000001
wpi:13710,Campana,Argentina,-34.149999999999999,-58.966667000000001
wpi:14095,Caleta Clarencia,Chile,-52.899999999999999,-70.099999999999994
wpi:585,Narsaq,Greenland,60.916666999999997,-46.049999999999997
wpi:9875,Bahia De Las Minas,Panama,9.400000000000000,-79.816666999999995
wpi:11035,Andres (Andres Lng Terminal),Dominican Republic,18.433333000000001,-69.633332999999993
wpi:11050,Las Calderas,Dominican Republic,18.216667000000001,-70.516666999999998
wpi:15600,La Union,El Salvador,13.333333000000000,-87.833332999999996
wpi:15490,Puerto Quepos,Costa Rica,9.433332999999999,-84.166667000000004
wpi:15500,Puerto Caldera,Costa Rica,9.916667000000000,-84.716667000000001
wpi:15210,Puerto Cabo Blanco,Peru,-4.250000000000000,-81.233333000000002
wpi:9860,Puerto Cristobal,Panama,9.350000000000000,-79.916667000000004
wpi:11880,Turbo,Colombia,8.083333000000000,-76.733333000000002
wpi:9865,Puerto Colon,Panama,9.366667000000000,-79.883332999999993
wpi:15570,Puerto De Hencan,Honduras,13.400000000000000,-87.450000000000003
wpi:15510,Puntarenas,Costa Rica,9.983333000000000,-84.833332999999996
wpi:15110,Pimentel,Peru,-6.833333000000000,-79.933333000000005
wpi:62535,Slavyanka,Russia,42.866667000000000,131.383332999999993
wpi:11060,Puerto Viejo De Azua,Dominican Republic,18.350000000000001,-70.833332999999996
wpi:60582,Zarubino,Russia,42.633333000000000,131.083333000000010
wpi:11070,Santa Cruz De Barahona,Dominican Republic,18.199999999999999,-71.083332999999996
wpi:11045,Puerto De Haina,Dominican Republic,18.416667000000000,-70.016666999999998
wpi:11040,Santo Domingo,Dominican Republic,18.466667000000001,-69.883332999999993
wpi:60610,Vladivostok,Russia,43.108888888999999,131.888333332999991
wpi:60540,Pos'yet,Russia,42.649999999999999,130.800000000000011
wpi:60730,Nakhodka,Russia,42.799999999999997,132.883332999999993
wpi:60725,Vostochnyy,Russia,42.750000000000000,133.083333000000010
wpi:10050,Santa Lucia,Cuba,22.666666667000001,-83.966666666999998
wpi:580,Qaqortoq,Greenland,60.716666666999998,-46.033333333000002
wpi:10070,Bahia Honda,Cuba,22.966666666999998,-83.166666667000001
wpi:54325,Port Bonython,Australia,-33.016666999999998,137.766667000000012
wpi:54236,Ardrossan,Australia,-34.433332999999998,137.916666999999990
wpi:54255,Port Giles,Australia,-35.033332999999999,137.766667000000012
wpi:54290,Port Pirie,Australia,-33.183332999999998,138.016667000000012
wpi:54210,Klein Point,Australia,-34.966667000000001,137.766667000000012
wpi:54140,Portland,Australia,-38.333333000000003,141.599999999999994
wpi:54320,Whyalla,Australia,-33.033332999999999,137.583333000000010
wpi:54200,Kingscote,Australia,-35.633333000000000,137.633332999999993
wpi:54220,Port Adelaide,Australia,-34.850000000000001,138.500000000000000
wpi:54030,Melbourne,Australia,-37.833333000000003,144.966667000000001
wpi:53930,Western Port,Australia,-38.350000000000001,145.233332999999988
wpi:61870,Niigata Ko,Japan,37.916666999999997,139.050000000000011
wpi:61320,Ofunato,Japan,39.049999999999997,141.733332999999988
wpi:61290,Miyako,Japan,39.633333000000000,141.983332999999988
wpi:61325,Kesennuma Ko,Japan,38.866667000000000,141.599999999999994
wpi:61330,Onagawa,Japan,38.450000000000003,141.449999999999989
wpi:61850,Fushiki-Toyama,Japan,36.766666999999998,137.133332999999993
wpi:61865,Naoetsu Ko,Japan,37.183332999999998,138.250000000000000
wpi:61175,Tokachi,Japan,42.250000000000000,143.300000000000011
wpi:61900,Sakata Ko,Japan,38.933332999999998,139.816666999999995
wpi:61350,Sendai-Shiogama,Japan,38.316667000000002,141.033332999999999
wpi:61910,Akita-Funakawa Ko,Japan,39.781388888999999,140.014999999999986
wpi:53400,Mackay,Australia,-21.116667000000000,149.216667000000001
wpi:53610,Newcastle,Australia,-32.916666999999997,151.783332999999999
wpi:53490,Brisbane,Australia,-27.466667000000001,153.033332999999999
wpi:53690,Port Kembla,Australia,-34.483333000000002,150.916666999999990
wpi:53650,Sydney,Australia,-33.866667000000000,151.199999999999989
wpi:53810,Eden,Australia,-37.066667000000002,149.916666999999990
wpi:53840,Welshpool,Australia,-38.700000000000003,146.466667000000001
wpi:53655,Botany Bay,Australia,-34.000000000000000,151.233332999999988
wpi:53405,Hay Point,Australia,-21.283332999999999,149.300000000000011
wpi:53440,Port Alma,Australia,-23.583333000000000,150.849999999999994
wpi:41690,Vlore,Albania,40.466667000000001,19.500000000000000
wpi:53460,Bundaberg,Australia,-24.866667000000000,152.349999999999994
wpi:53450,Gladstone,Australia,-23.850000000000001,151.250000000000000
wpi:54875,Port Latta,Australia,-40.833333000000003,145.383332999999993
wpi:54870,Stanley,Australia,-40.766666999999998,145.283332999999999
wpi:53340,Cairns,Australia,-16.916667000000000,145.783332999999999
wpi:53380,Townsville,Australia,-19.266667000000002,146.816666999999995
wpi:53318,Cape Flattery Harbor,Australia,-14.949999999999999,145.349999999999994
wpi:54920,Devonport,Australia,-41.183332999999998,146.366667000000007
wpi:54810,Port Huon,Australia,-43.166666999999997,146.983332999999988
wpi:48288,Hamad,Qatar,25.016666666999999,51.600000000000001
wpi:54880,Burnie,Australia,-41.049999999999997,145.949999999999989
wpi:53370,Lucinda,Australia,-18.516667000000002,146.333333000000010
wpi:55350,Timaru,New Zealand,-44.399999999999999,171.250000000000000
wpi:55320,Port Lyttelton,New Zealand,-43.600000000000001,172.716667000000001
wpi:55370,Otago Harbor,New Zealand,-45.816667000000002,170.633332999999993
wpi:20695,Batsfjord,Norway,70.634722221999994,29.737222222000000
wpi:57320,Noumea,New Caledonia,-22.283332999999999,166.433333000000005
wpi:55560,Savusavu Bay,Fiji,-16.766667000000002,179.333333000000010
wpi:13610,San Lorenzo,Argentina,-32.750000000000000,-60.733333000000002
wpi:57275,Baie De Kouaoua,New Caledonia,-21.383333000000000,165.816666999999995
wpi:57325,Baie Ugue,New Caledonia,-21.149999999999999,165.550000000000011
wpi:55600,Pangai,Tonga,-19.800000000000001,-174.349999999999994
wpi:48262,Al Fujayrah,United Arab Emirates,25.173055556000001,56.369166667000002
wpi:55556,Malai,Fiji,-16.350000000000001,179.366667000000007
wpi:55530,Lautoka Harbor,Fiji,-17.600000000000001,177.449999999999989
wpi:55540,Suva Harbor,Fiji,-18.133333000000000,178.416666999999990
wpi:23095,Orkanger,Norway,63.316666669999996,9.850000000000000
wpi:55740,Avatiu,Cook Islands,-21.199999999999999,-159.783332999999999
wpi:13630,Rosario,Argentina,-32.950000000000003,-60.633333000000000
wpi:55550,Levuka,Fiji,-17.683333000000001,178.833333000000010
wpi:55610,Neiafu,Tonga,-18.649999999999999,-173.983332999999988
wpi:55650,Mata-Utu,Wallis and Futuna,-13.283333000000001,-176.133332999999993
wpi:56328,Midway Island,Midway Islands,28.183333000000001,-177.366667000000007
wpi:55695,Alofi,Niue,-19.033332999999999,-169.933333000000005
wpi:55680,Pago Pago Harbor,American Samoa,-14.283333000000001,-170.666666999999990
wpi:55590,Nuku Alofa,Tonga,-21.133333000000000,-175.199999999999989
wpi:52720,Ambon,Indonesia,-3.683333000000000,128.166666999999990
wpi:53020,Tg. Sorong,Indonesia,-0.883333000000000,131.233332999999988
wpi:45825,Banjul,The Gambia,13.449999999999999,-16.566666999999999
wpi:46205,Bonny,Nigeria,4.450000000000000,7.166667000000000
wpi:15330,Esmeraldas,Ecuador,1.000000000000000,-79.650000000000006
wpi:15270,Guayaquil,Ecuador,-2.200000000000000,-79.883332999999993
wpi:14940,Conchan Oil Terminal,Peru,-12.166667000000000,-77.000000000000000
wpi:14760,Iquique,Chile,-20.199999999999999,-70.166667000000004
wpi:12025,La Salina,Venezuela,10.366667000000000,-71.466667000000001
wpi:11960,Maracaibo,Venezuela,10.633333000000000,-71.599999999999994
wpi:11230,Arroyo,Puerto Rico,17.966667000000001,-66.066666999999995
wpi:10270,Bahia De Sagua De Tanamo,Cuba,20.683333000000001,-75.333332999999996
wpi:46208,Onne,Nigeria,4.683333000000000,7.150000000000000
wpi:10230,Antilla,Cuba,20.833333000000000,-75.733333000000002
wpi:10260,Nicaro,Cuba,20.716667000000001,-75.549999999999997
wpi:11090,Aguadilla,Puerto Rico,18.433333000000001,-67.150000000000006
wpi:11240,Bahia De Jobos,Puerto Rico,17.949999999999999,-66.183333000000005
wpi:11290,Mayaguez,Puerto Rico,18.199999999999999,-67.150000000000006
wpi:12034,Bajo Grande,Venezuela,10.516667000000000,-71.633332999999993
wpi:14671,Caleta Patillos,Chile,-20.733332999999998,-70.200000000000003
wpi:14960,Bahia De Ancon,Peru,-11.750000000000000,-77.183333000000005
wpi:15200,Caleta Lobitos,Peru,-4.450000000000000,-81.283332999999999
wpi:15290,La Libertad,Ecuador,-2.216667000000000,-80.916667000000004
wpi:11100,Arecibo,Puerto Rico,18.483332999999998,-66.700000000000003
wpi:11250,Las Mareas,Puerto Rico,17.949999999999999,-66.166667000000004
wpi:12037,El Tabiazo,Venezuela,10.766667000000000,-71.533332999999999
wpi:46207,Okrika,Nigeria,4.716667000000000,7.083333000000000
wpi:14635,Puerto Calderilla,Chile,-27.083333000000000,-70.866667000000007
wpi:46195,Qua Iboe Oil Terminal,Nigeria,4.233333000000000,8.033333000000001
wpi:14630,Puerto Caldera,Chile,-27.050000000000001,-70.833332999999996
wpi:45835,Rio Cacheu,Guinea-Bissau,12.283333000000001,-16.233332999999998
wpi:15275,Puerto Maritimo De Guayaquil,Ecuador,-2.283333000000000,-79.900000000000006
wpi:12032,Punta De Palmas,Venezuela,10.783333000000001,-71.583332999999996
wpi:14980,Puerto De Huacho,Peru,-11.116667000000000,-77.616667000000007
wpi:15140,Puerto Bayovar,Peru,-5.833333000000000,-81.049999999999997
wpi:15360,Tumaco,Colombia,1.816667000000000,-78.750000000000000
wpi:14950,Puerto Del Callao,Peru,-12.050000000000001,-77.150000000000006
wpi:12035,Puerto Miranda,Venezuela,10.766667000000000,-71.566666999999995
wpi:15190,Talara,Peru,-4.583333000000000,-81.283332999999999
wpi:11110,San Juan,Puerto Rico,18.466667000000001,-66.116667000000007
wpi:46310,Serpentina Terminal,Equatorial Guinea,3.800000000000000,8.083333000000000
wpi:14640,Puerto Chanaral,Chile,-26.350000000000001,-70.650000000000006
wpi:15170,Paita,Peru,-5.083333000000000,-81.116667000000007
wpi:11280,Playa De Guanica,Puerto Rico,17.966667000000001,-66.916667000000004
wpi:15250,Puerto Bolivar,Ecuador,-3.266667000000000,-80.000000000000000
wpi:11260,Playa De Ponce,Puerto Rico,17.983332999999998,-66.616667000000007
wpi:11270,Playa De Guayanilla,Puerto Rico,18.016667000000002,-66.766666999999998
wpi:46210,Port Harcourt,Nigeria,4.766667000000000,7.000000000000000
wpi:57820,Qinzhou,China,21.733332999999998,108.583332999999996
wpi:57650,Da Nang,Vietnam,16.100000000000001,108.216667000000001
wpi:57770,Zhanjiang,China,21.199999999999999,110.400000000000006
wpi:57760,Haikou,China,20.050000000000001,110.283332999999999
wpi:53160,Port Moresby,Papua New Guinea,-9.466666999999999,147.133332999999993
wpi:56810,Rabaul,Papua New Guinea,-4.200000000000000,152.183333000000005
wpi:57750,Beihai,China,21.483332999999998,109.066666999999995
wpi:51440,Dili,Timor-Leste,-8.533333000000001,125.583332999999996
wpi:57768,Basuo,China,19.100000000000001,108.616667000000007
wpi:57816,Sanya,China,18.316666999999999,109.450000000000003
wpi:57817,Yangpu,China,19.733332999999998,109.183333000000005
wpi:57660,Nghe Tinh,Vietnam,18.766667000000002,105.766666999999998
wpi:56760,Kavieng Harbor,Papua New Guinea,-2.583333000000000,150.800000000000011
wpi:57819,Shui Dong,China,21.483332999999998,111.083332999999996
wpi:57710,Cam Pha,Vietnam,21.033332999999999,107.366667000000007
wpi:53206,Oro Bay,Papua New Guinea,-8.883333000000000,148.483332999999988
wpi:53133,Jayapura,Indonesia,-2.533333333000000,140.716666666999998
wpi:51865,Tanah Merah,Indonesia,-1.816667000000000,116.166667000000004
wpi:46240,Okwori Terminal,Nigeria,3.850000000000000,6.983333000000000
wpi:46238,Okono Terminal,Nigeria,3.983333000000000,7.300000000000000
wpi:46235,Odudu Terminal,Nigeria,4.000000000000000,7.766667000000000
wpi:13815,Bahia Blanca,Argentina,-38.783332999999999,-62.266666999999998
wpi:46206,Bonny Offshore Terminal,Nigeria,4.183333000000000,7.233333000000000
wpi:50517,Jabung Batanghari Marine Terminal,Indonesia,-0.916667000000000,104.066666999999995
wpi:57890,Chi-Lung,Taiwan,25.133333000000000,121.766666999999998
wpi:61340,Ishinomaki Ko,Japan,38.399999999999999,141.316666999999995
wpi:13580,Diamante,Argentina,-32.066667000000002,-60.649999999999999
wpi:13560,Santa Fe,Argentina,-31.649999999999999,-60.700000000000003
wpi:12050,Punta Cardon,Venezuela,11.633333000000000,-70.233333000000002
wpi:11430,St Johns,Antigua and Barbuda,17.116667000000000,-61.850000000000001
wpi:51587,Tanjung Pelepas,Malaysia,1.350000000000000,103.549999999999997
wpi:50516,Tanjung Balai Karimun,Indonesia,0.983333000000000,103.433333000000005
wpi:57900,Su-Ao,Taiwan,24.600000000000001,121.866667000000007
wpi:51910,Sampit,Indonesia,-2.516667000000000,113.000000000000000
wpi:41668,Porto Romano,Albania,41.383333333000003,19.416666667000001
wpi:51720,Pelabuhan Sandakan,Malaysia,5.833333000000000,118.116667000000007
wpi:61170,Muroran Ko,Japan,42.350000000000001,140.966667000000001
wpi:51690,Kota Kinabalu,Malaysia,5.983333000000000,116.066666999999995
wpi:53142,Kumul,Papua New Guinea,-8.100000000000000,144.566666999999995
wpi:61356,Hitachi,Japan,36.500000000000000,140.633332999999993
wpi:61310,Kamaishi Ko,Japan,39.266666999999998,141.900000000000006
wpi:61280,Hachinohe Ko,Japan,40.533332999999999,141.550000000000011
wpi:61355,Onahama Ko,Japan,36.933332999999998,140.900000000000006
wpi:61385,Kawasaki Ko,Japan,35.500000000000000,139.766667000000012
wpi:61390,Yokohama Ko,Japan,35.450000000000003,139.583333000000010
wpi:53230,Lae,Papua New Guinea,-6.733333000000000,147.000000000000000
wpi:53282,Vanimo,Papua New Guinea,-2.683333000000000,141.133332999999993
wpi:51920,Kumai,Indonesia,-2.750000000000000,111.716667000000001
wpi:50180,Blinyu,Indonesia,-1.633333000000000,105.783332999999999
wpi:51890,Banjarmasin,Indonesia,-3.333333000000000,114.583332999999996
wpi:51586,Tawa,Malaysia,4.250000000000000,117.883332999999993
wpi:61160,Kushiro Ko,Japan,42.983333000000002,144.366667000000007
wpi:51941,Pontianak,Indonesia,-0.016666999999900,109.333332999999996
wpi:53250,Madang,Papua New Guinea,-5.216667000000000,145.816666999999995
wpi:56738,Wewak Harbor,Papua New Guinea,-3.566667000000000,143.633332999999993
wpi:51560,Kuching,Malaysia,1.566667000000000,110.349999999999994
wpi:51730,Lahad Datu,Malaysia,5.016667000000000,118.316666999999995
wpi:51585,Bintulu Port,Malaysia,3.266667000000000,113.066666999999995
wpi:51840,Balikpapan,Indonesia,-1.250000000000000,116.816666999999995
wpi:51811,Bontang Lng Terminal,Indonesia,0.100000000000000,117.483333000000002
wpi:51820,Samarinda,Indonesia,-0.516667000000000,117.116667000000007
wpi:51710,Kudat,Malaysia,6.883333000000000,116.849999999999994
wpi:61120,Abashiri Ko,Japan,44.016666999999998,144.283332999999999
wpi:51860,Kota Baru,Indonesia,-3.233333000000000,116.216667000000001
wpi:45120,Al Arish,Egypt,31.152045051000002,33.831078335000001
wpi:30930,Helgoland,Germany,54.172438358000001,7.895715237000000
wpi:12940,Angra Dos Reis,Brazil,-23.016667000000002,-44.316667000000002
wpi:12890,Macae,Brazil,-22.366667000000000,-41.766666999999998
wpi:60323,Daesan Hang,South Korea,37.016666999999998,126.400000000000006
wpi:12960,Sao Sebastiao,Brazil,-23.800000000000001,-45.399999999999999
wpi:12920,Rio De Janeiro,Brazil,-22.899999999999999,-43.166666999999997
wpi:12850,Vitoria,Brazil,-20.316666999999999,-40.333333000000003
wpi:12855,Tubarao,Brazil,-20.283332999999999,-40.250000000000000
wpi:9511,Progreso,Mexico,21.283332999999999,-89.666667000000004
wpi:49457,Krishnapatnam,India,14.250000000000000,80.133333332999996
wpi:49455,Kattupalli Port,India,13.306944444000001,80.352222221999995
wpi:9510,Puerto Progreso,Mexico,21.350000000000001,-89.683333332999993
wpi:49970,Melaka,Malaysia,2.200000000000000,102.250000000000000
wpi:60320,Inchon,South Korea,37.466667000000001,126.616667000000007
wpi:60430,Mukho,South Korea,37.566667000000002,129.116667000000007
wpi:60431,Tonghae,South Korea,37.533332999999999,129.150000000000006
wpi:60325,Pyeongtaek Hang,South Korea,37.000000000000000,126.799999999999997
wpi:60385,Chinae,South Korea,35.133333000000000,128.650000000000006
wpi:60340,Mokpo,South Korea,34.783332999999999,126.383332999999993
wpi:12950,Gebig,Brazil,-23.050000000000001,-44.216667000000001
wpi:12970,Santos,Brazil,-23.949999999999999,-46.299999999999997
wpi:46140,Koko,Nigeria,6.000000000000000,5.466667000000000
wpi:46135,Escravos Oil Terminal,Nigeria,5.500000000000000,5.000000000000000
wpi:12935,Guaiba Island Terminal,Brazil,-23.016667000000002,-44.033332999999999
wpi:12930,Niteroi,Brazil,-22.883333000000000,-43.116667000000000
wpi:12820,Portocel,Brazil,-19.850000000000001,-40.049999999999997
wpi:60400,Ulsan,South Korea,35.450000000000003,129.400000000000006
wpi:60390,Busan,South Korea,35.100000000000001,129.033332999999999
wpi:60410,Pohang,South Korea,36.049999999999997,129.383332999999993
wpi:60380,Masan,South Korea,35.183332999999998,128.566666999999995
wpi:15370,Buenaventura,Colombia,3.883333000000000,-77.066666999999995
wpi:23520,Farsund,Norway,58.084666667000000,6.795333333000000
wpi:49450,Chennai (Madras),India,13.100000000000000,80.299999999999997
wpi:48970,Marmagao,India,15.417500000000000,73.795000000000002
wpi:14955,La Pampilla Oil Terminal,Peru,-11.933332999999999,-77.133332999999993
wpi:49480,Vishakhapatnam,India,17.683333000000001,83.299999999999997
wpi:49720,Port Blair,India,11.677777777999999,92.733333333000004
wpi:14970,Chancay,Peru,-11.583333000000000,-77.250000000000000
wpi:49590,Chittagong,Bangladesh,22.316666667000000,91.816666667000007
wpi:18055,Cherry Point,United States,48.866667000000000,-122.750000000000000
wpi:18050,Bellingham,United States,48.750000000000000,-122.500000000000000
wpi:18040,Anacortes,United States,48.516666999999998,-122.616667000000007
wpi:48605,Muhamamad Bin Qasim,Pakistan,24.766667000000002,67.349999999999994
wpi:6860,Castine,United States,44.383333000000000,-68.733333000000002
wpi:61800,Maizuru Ko,Japan,35.516666999999998,135.333333000000010
wpi:48600,Karachi,Pakistan,24.783332999999999,66.983333000000002
wpi:18235,Port Mellon,Canada,49.516666999999998,-123.483333000000002
wpi:49255,Hambantota,Sri Lanka,6.116666667000000,81.133333332999996
wpi:61190,Hakodate Ko,Japan,41.783332999999999,140.716667000000001
wpi:61840,Nanao Ko,Japan,37.049999999999997,136.983332999999988
wpi:49200,Male,Maldives,4.166666667000000,73.500000000000000
wpi:49240,Colombo,Sri Lanka,6.950000000000000,79.849999999999994
wpi:61245,Ishikari Bay New Port,Japan,43.216667000000001,141.283332999999999
wpi:49460,Machilipatnam,India,16.149999999999999,81.166667000000004
